date,cash,market_value,equity,unrealized_pnl,open_positions,peak,drawdown
2020-01-08,867919.5116846948,131923.99664046642,999843.5083251612,-156.49167483883394,1,999843.5083251612,0.0
2020-01-09,867919.5116846948,131407.98962402344,999327.5013087182,-672.498691281812,1,999843.5083251612,0.0005160877798839869
2020-01-10,867919.5116846948,130112.21081542969,998031.7225001245,-1968.277499875562,1,999843.5083251612,0.0018120693988118433
2020-01-13,867919.5116846948,132676.4542236328,1000595.9659083276,595.965908327563,1,1000595.9659083276,0.0
2020-01-14,867919.5116846948,133758.51013183594,1001678.0218165307,1678.021816530688,1,1001678.0218165307,0.0
2020-01-15,867919.5116846948,132462.77673339844,1000382.2884180932,382.288418093188,1,1001678.0218165307,0.0012935627718852246
2020-01-16,867919.5116846948,133299.32263183594,1001218.8343165307,1218.834316530688,1,1001678.0218165307,0.00045841826415165735
2020-01-17,867919.5116846948,130753.26599121094,998672.7776759057,-1327.222324094312,1,1001678.0218165307,0.0030002097232552103
2020-01-20,867919.5116846948,129889.42858886719,997808.940273562,-2191.059726438062,1,1001678.0218165307,0.0038626000158735823
2020-01-21,867919.5116846948,131253.40209960938,999172.9137843042,-827.0862156958744,1,1001678.0218165307,0.002500911448255179
2020-01-22,867919.5116846948,131348.876953125,999268.3886378198,-731.6113621802494,1,1001678.0218165307,0.002405596535243029
2020-01-23,867919.5116846948,134290.47875976562,1002209.9904444604,2209.9904444603753,1,1002209.9904444604,0.0
2020-01-24,867919.5116846948,136295.48474121094,1004214.9964259057,4214.996425905688,1,1004214.9964259057,0.0
2020-01-27,867919.5116846948,139687.16931152344,1007606.6809962182,7606.680996218188,1,1007606.6809962182,0.0
2020-01-28,1009541.6183262381,0.0,1009541.6183262381,0.0,0,1009541.6183262381,0.0
2020-01-29,1009541.6183262381,0.0,1009541.6183262381,0.0,0,1009541.6183262381,0.0
2020-01-30,906594.7114832299,102824.93323375814,1009419.6447169881,-121.973609250148,1,1009541.6183262381,0.00012082078344849625
2020-01-31,906594.7114832299,104604.04931640625,1011198.7607996361,1657.1424733979584,1,1011198.7607996361,0.0
2020-02-03,906594.7114832299,99807.95703125,1006402.6685144799,-3138.9498117582916,1,1011198.7607996361,0.004742976822245702
2020-02-04,306514.71481346077,706171.6775357765,1012686.3923492373,3144.7740229990527,6,1012686.3923492373,0.0
2020-02-05,306514.71481346077,716813.714630127,1023328.4294435878,13786.811117349536,6,1023328.4294435878,0.0
2020-02-06,306514.71481346077,715960.2303466797,1022474.9451601405,12933.3268339023,6,1023328.4294435878,0.0008340277264761703
2020-02-07,388475.1560930192,623477.2716369629,1011952.4277299821,7705.3800752238385,5,1023328.4294435878,0.011116667324283333
2020-02-10,388475.1560930192,621409.4322509766,1009884.5883439957,5637.54068923751,5,1023328.4294435878,0.013137366961359448
2020-02-11,388475.1560930192,624576.8207702637,1013051.9768632828,8804.92920852462,5,1023328.4294435878,0.010042184194855728
2020-02-12,460783.14571915776,550359.172668457,1011142.3183876148,12148.517754574223,4,1023328.4294435878,0.011908308911733171
2020-02-13,460783.14571915776,542844.4166259766,1003627.5623451343,4633.761712093754,4,1023328.4294435878,0.019251753915568794
2020-02-14,460783.14571915776,542687.6405029297,1003470.7862220875,4476.985589046879,4,1023328.4294435878,0.019404956072897814
2020-02-17,460783.14571915776,536050.2762451172,996833.421964275,-2160.37866876562,4,1023328.4294435878,0.02589101085925943
2020-02-18,602660.6394358502,390117.71600341797,992778.3554392682,-761.005103244509,3,1023328.4294435878,0.029853635573215277
2020-02-19,602660.6394358502,396262.51892089844,998923.1583567486,5383.797814235973,3,1023328.4294435878,0.02384891339343418
2020-02-20,602660.6394358502,398408.23626708984,1001068.87570294,7529.515160427351,3,1023328.4294435878,0.021752111150425947
2020-02-24,715369.2855441512,286608.38638305664,1001977.6719272078,-1323.4278805975605,2,1023328.4294435878,0.02086403240843112
2020-02-25,715369.2855441512,287762.67568969727,1003131.9612338485,-169.13857395693537,2,1023328.4294435878,0.01973605699659951
2020-02-26,715369.2855441512,283717.88299560547,999087.1685397567,-4213.931268048733,2,1023328.4294435878,0.02368864208826071
2020-02-27,715369.2855441512,281676.852935791,997046.1384799422,-6254.961327863186,2,1023328.4294435878,0.02568314356118883
2020-02-28,992436.2645064176,0.0,992436.2645064176,0.0,0,1023328.4294435878,0.030187927989030028
2020-03-02,917346.1792468985,75001.11698452302,992347.2962314215,-88.9682749960828,1,1023328.4294435878,0.03027486808806002
2020-03-03,720881.0479946957,275054.818129341,995935.8661240367,3499.601617619161,3,1023328.4294435878,0.026768105459989186
2020-03-04,720881.0479946957,266877.05432128906,987758.1023159848,-4678.162190432763,3,1023328.4294435878,0.034759443893241176
2020-03-05,830577.6328656405,158988.61822509766,989566.2510907381,2414.2857106242964,2,1023328.4294435878,0.03299251479919024
2020-03-06,830577.6328656405,156575.94534301758,987153.578208658,1.612828544218246,2,1023328.4294435878,0.03535018689415189
2020-03-09,900519.9295331262,80057.06964111328,980576.9991742395,-1427.177613840978,1,1023328.4294435878,0.04177684215476498
2020-03-11,825953.963017616,153391.0284068524,979344.9914244683,-2659.1853636121223,2,1023328.4294435878,0.04298076429190427
2020-03-12,902251.8958623231,66532.23510742188,968784.130969745,-8033.731408088364,1,1023328.4294435878,0.05330087282291185
2020-03-13,925310.5758827077,46363.50366701075,971674.0795497184,-54.9975935009035,1,1023328.4294435878,0.0504768053028247
2020-03-16,925310.5758827077,45960.85272216797,971271.4286048757,-457.64853834368586,1,1023328.4294435878,0.05087027716704493
2020-03-17,925310.5758827077,45432.214599609375,970742.7904823171,-986.2866609022796,1,1023328.4294435878,0.05138686412715316
2020-03-18,966807.8688412064,0.0,966807.8688412064,0.0,0,1023328.4294435878,0.05523208285448804
2020-03-19,966807.8688412064,0.0,966807.8688412064,0.0,0,1023328.4294435878,0.05523208285448804
2020-03-20,966807.8688412064,0.0,966807.8688412064,0.0,0,1023328.4294435878,0.05523208285448804
2020-03-23,966807.8688412064,0.0,966807.8688412064,0.0,0,1023328.4294435878,0.05523208285448804
2020-03-24,966807.8688412064,0.0,966807.8688412064,0.0,0,1023328.4294435878,0.05523208285448804
2020-03-25,966807.8688412064,0.0,966807.8688412064,0.0,0,1023328.4294435878,0.05523208285448804
2020-03-26,966807.8688412064,0.0,966807.8688412064,0.0,0,1023328.4294435878,0.05523208285448804
2020-03-27,966807.8688412064,0.0,966807.8688412064,0.0,0,1023328.4294435878,0.05523208285448804
2020-03-30,966807.8688412064,0.0,966807.8688412064,0.0,0,1023328.4294435878,0.05523208285448804
2020-03-31,966807.8688412064,0.0,966807.8688412064,0.0,0,1023328.4294435878,0.05523208285448804
2020-04-01,966807.8688412064,0.0,966807.8688412064,0.0,0,1023328.4294435878,0.05523208285448804
2020-04-03,966807.8688412064,0.0,966807.8688412064,0.0,0,1023328.4294435878,0.05523208285448804
2020-04-07,966807.8688412064,0.0,966807.8688412064,0.0,0,1023328.4294435878,0.05523208285448804
2020-04-08,966807.8688412064,0.0,966807.8688412064,0.0,0,1023328.4294435878,0.05523208285448804
2020-04-09,966807.8688412064,0.0,966807.8688412064,0.0,0,1023328.4294435878,0.05523208285448804
2020-04-13,966807.8688412064,0.0,966807.8688412064,0.0,0,1023328.4294435878,0.05523208285448804
2020-04-15,966807.8688412064,0.0,966807.8688412064,0.0,0,1023328.4294435878,0.05523208285448804
2020-04-16,966807.8688412064,0.0,966807.8688412064,0.0,0,1023328.4294435878,0.05523208285448804
2020-04-17,966807.8688412064,0.0,966807.8688412064,0.0,0,1023328.4294435878,0.05523208285448804
2020-04-20,966807.8688412064,0.0,966807.8688412064,0.0,0,1023328.4294435878,0.05523208285448804
2020-04-21,966807.8688412064,0.0,966807.8688412064,0.0,0,1023328.4294435878,0.05523208285448804
2020-04-22,966807.8688412064,0.0,966807.8688412064,0.0,0,1023328.4294435878,0.05523208285448804
2020-04-23,966807.8688412064,0.0,966807.8688412064,0.0,0,1023328.4294435878,0.05523208285448804
2020-04-24,966807.8688412064,0.0,966807.8688412064,0.0,0,1023328.4294435878,0.05523208285448804
2020-04-27,966807.8688412064,0.0,966807.8688412064,0.0,0,1023328.4294435878,0.05523208285448804
2020-04-28,966807.8688412064,0.0,966807.8688412064,0.0,0,1023328.4294435878,0.05523208285448804
2020-04-29,966807.8688412064,0.0,966807.8688412064,0.0,0,1023328.4294435878,0.05523208285448804
2020-04-30,966807.8688412064,0.0,966807.8688412064,0.0,0,1023328.4294435878,0.05523208285448804
2020-05-04,966807.8688412064,0.0,966807.8688412064,0.0,0,1023328.4294435878,0.05523208285448804
2020-05-05,966807.8688412064,0.0,966807.8688412064,0.0,0,1023328.4294435878,0.05523208285448804
2020-05-06,966807.8688412064,0.0,966807.8688412064,0.0,0,1023328.4294435878,0.05523208285448804
2020-05-07,966807.8688412064,0.0,966807.8688412064,0.0,0,1023328.4294435878,0.05523208285448804
2020-05-08,966807.8688412064,0.0,966807.8688412064,0.0,0,1023328.4294435878,0.05523208285448804
2020-05-11,966807.8688412064,0.0,966807.8688412064,0.0,0,1023328.4294435878,0.05523208285448804
2020-05-12,966807.8688412064,0.0,966807.8688412064,0.0,0,1023328.4294435878,0.05523208285448804
2020-05-13,966807.8688412064,0.0,966807.8688412064,0.0,0,1023328.4294435878,0.05523208285448804
2020-05-14,966807.8688412064,0.0,966807.8688412064,0.0,0,1023328.4294435878,0.05523208285448804
2020-05-15,966807.8688412064,0.0,966807.8688412064,0.0,0,1023328.4294435878,0.05523208285448804
2020-05-18,966807.8688412064,0.0,966807.8688412064,0.0,0,1023328.4294435878,0.05523208285448804
2020-05-19,966807.8688412064,0.0,966807.8688412064,0.0,0,1023328.4294435878,0.05523208285448804
2020-05-20,966807.8688412064,0.0,966807.8688412064,0.0,0,1023328.4294435878,0.05523208285448804
2020-05-21,966807.8688412064,0.0,966807.8688412064,0.0,0,1023328.4294435878,0.05523208285448804
2020-05-22,966807.8688412064,0.0,966807.8688412064,0.0,0,1023328.4294435878,0.05523208285448804
2020-05-26,966807.8688412064,0.0,966807.8688412064,0.0,0,1023328.4294435878,0.05523208285448804
2020-05-27,966807.8688412064,0.0,966807.8688412064,0.0,0,1023328.4294435878,0.05523208285448804
2020-05-28,966807.8688412064,0.0,966807.8688412064,0.0,0,1023328.4294435878,0.05523208285448804
2020-05-29,966807.8688412064,0.0,966807.8688412064,0.0,0,1023328.4294435878,0.05523208285448804
2020-06-01,966807.8688412064,0.0,966807.8688412064,0.0,0,1023328.4294435878,0.05523208285448804
2020-06-02,966807.8688412064,0.0,966807.8688412064,0.0,0,1023328.4294435878,0.05523208285448804
2020-06-03,966807.8688412064,0.0,966807.8688412064,0.0,0,1023328.4294435878,0.05523208285448804
2020-06-04,966807.8688412064,0.0,966807.8688412064,0.0,0,1023328.4294435878,0.05523208285448804
2020-06-05,966807.8688412064,0.0,966807.8688412064,0.0,0,1023328.4294435878,0.05523208285448804
2020-06-08,966807.8688412064,0.0,966807.8688412064,0.0,0,1023328.4294435878,0.05523208285448804
2020-06-09,966807.8688412064,0.0,966807.8688412064,0.0,0,1023328.4294435878,0.05523208285448804
2020-06-10,966807.8688412064,0.0,966807.8688412064,0.0,0,1023328.4294435878,0.05523208285448804
2020-06-11,966807.8688412064,0.0,966807.8688412064,0.0,0,1023328.4294435878,0.05523208285448804
2020-06-12,966807.8688412064,0.0,966807.8688412064,0.0,0,1023328.4294435878,0.05523208285448804
2020-06-15,966807.8688412064,0.0,966807.8688412064,0.0,0,1023328.4294435878,0.05523208285448804
2020-06-16,966807.8688412064,0.0,966807.8688412064,0.0,0,1023328.4294435878,0.05523208285448804
2020-06-17,966807.8688412064,0.0,966807.8688412064,0.0,0,1023328.4294435878,0.05523208285448804
2020-06-18,966807.8688412064,0.0,966807.8688412064,0.0,0,1023328.4294435878,0.05523208285448804
2020-06-19,966807.8688412064,0.0,966807.8688412064,0.0,0,1023328.4294435878,0.05523208285448804
2020-06-22,966807.8688412064,0.0,966807.8688412064,0.0,0,1023328.4294435878,0.05523208285448804
2020-06-23,966807.8688412064,0.0,966807.8688412064,0.0,0,1023328.4294435878,0.05523208285448804
2020-06-24,966807.8688412064,0.0,966807.8688412064,0.0,0,1023328.4294435878,0.05523208285448804
2020-06-25,966807.8688412064,0.0,966807.8688412064,0.0,0,1023328.4294435878,0.05523208285448804
2020-06-26,966807.8688412064,0.0,966807.8688412064,0.0,0,1023328.4294435878,0.05523208285448804
2020-06-29,966807.8688412064,0.0,966807.8688412064,0.0,0,1023328.4294435878,0.05523208285448804
2020-06-30,966807.8688412064,0.0,966807.8688412064,0.0,0,1023328.4294435878,0.05523208285448804
2020-07-01,966807.8688412064,0.0,966807.8688412064,0.0,0,1023328.4294435878,0.05523208285448804
2020-07-02,966807.8688412064,0.0,966807.8688412064,0.0,0,1023328.4294435878,0.05523208285448804
2020-07-03,966807.8688412064,0.0,966807.8688412064,0.0,0,1023328.4294435878,0.05523208285448804
2020-07-06,966807.8688412064,0.0,966807.8688412064,0.0,0,1023328.4294435878,0.05523208285448804
2020-07-07,966807.8688412064,0.0,966807.8688412064,0.0,0,1023328.4294435878,0.05523208285448804
2020-07-08,836567.0190177456,130086.53779008417,966653.5568078298,-154.3120333765804,1,1023328.4294435878,0.05538287709506295
2020-07-09,836567.0190177456,129741.84045410156,966308.8594718472,-499.0093693591883,1,1023328.4294435878,0.05571971649682764
2020-07-10,836567.0190177456,130036.51684570312,966603.5358634487,-204.3329777576258,1,1023328.4294435878,0.05543175773097787
2020-07-13,836567.0190177456,130676.548828125,967243.5678458706,435.6990046642492,1,1023328.4294435878,0.05480631631451113
2020-07-14,836567.0190177456,133478.0614013672,970045.0804191128,3237.2115779064366,1,1023328.4294435878,0.05206866875910661
2020-07-15,836567.0190177456,135264.15270996094,971831.1717277066,5023.302886500187,1,1023328.4294435878,0.05032329429553884
2020-07-16,836567.0190177456,139141.35571289062,975708.3747306362,8900.505889429875,1,1023328.4294435878,0.046534478416517644
2020-07-17,836567.0190177456,138022.1121826172,974589.1312003628,7781.262359156437,1,1023328.4294435878,0.04762820697723202
2020-07-20,836567.0190177456,137129.03466796875,973696.0536857144,6888.1848445079995,1,1023328.4294435878,0.04850092534305914
2020-07-21,836567.0190177456,135166.9892578125,971734.0082755581,4926.1394343517495,1,1023328.4294435878,0.05041824274938104
2020-07-22,836567.0190177456,136106.97583007812,972673.9948478237,5866.1260066173745,1,1023328.4294435878,0.049499684693902486
2020-07-23,836567.0190177456,138399.0838623047,974966.1028800503,8158.234038843937,1,1023328.4294435878,0.04725982897771482
2020-07-24,976071.4526571443,0.0,976071.4526571443,0.0,0,1023328.4294435878,0.04617967743956692
2020-07-27,976071.4526571443,0.0,976071.4526571443,0.0,0,1023328.4294435878,0.04617967743956692
2020-07-28,976071.4526571443,0.0,976071.4526571443,0.0,0,1023328.4294435878,0.04617967743956692
2020-07-29,976071.4526571443,0.0,976071.4526571443,0.0,0,1023328.4294435878,0.04617967743956692
2020-07-30,976071.4526571443,0.0,976071.4526571443,0.0,0,1023328.4294435878,0.04617967743956692
2020-07-31,976071.4526571443,0.0,976071.4526571443,0.0,0,1023328.4294435878,0.04617967743956692
2020-08-03,867331.6592579436,108610.95625900134,975942.615516945,-128.83714019929013,1,1023328.4294435878,0.04630557752842628
2020-08-04,867331.6592579436,105940.52294921875,973272.1822071624,-2799.2704499818774,1,1023328.4294435878,0.04891513398454334
2020-08-05,867331.6592579436,106359.63330078125,973691.2925587249,-2380.1600984193774,1,1023328.4294435878,0.04850557793244541
2020-08-06,867331.6592579436,106866.2587890625,974197.9180470061,-1873.5346101381276,1,1023328.4294435878,0.0480105017929535
2020-08-07,867331.6592579436,106499.65625,973831.3155079436,-2240.1371492006274,1,1023328.4294435878,0.04836874703320528
2020-08-10,867331.6592579436,105437.9599609375,972769.6192188811,-3301.8334382631274,1,1023328.4294435878,0.04940624023530441
2020-08-11,867331.6592579436,105234.28271484375,972565.9419727874,-3505.5106843568774,1,1023328.4294435878,0.04960527432859594
2020-08-12,970910.0151716281,0.0,970910.0151716281,0.0,0,1023328.4294435878,0.05122345159555573
2020-08-13,970910.0151716281,0.0,970910.0151716281,0.0,0,1023328.4294435878,0.05122345159555573
2020-08-14,970910.0151716281,0.0,970910.0151716281,0.0,0,1023328.4294435878,0.05122345159555573
2020-08-17,970910.0151716281,0.0,970910.0151716281,0.0,0,1023328.4294435878,0.05122345159555573
2020-08-18,882985.9568500046,87819.88409179686,970805.8409418014,-104.17422982667583,1,1023328.4294435878,0.05132525100504082
2020-08-19,882985.9568500046,86415.99609375,969401.9529437546,-1508.0622278735386,1,1023328.4294435878,0.05269713510173317
2020-08-20,882985.9568500046,85935.99609375,968921.9529437546,-1988.0622278735386,1,1023328.4294435878,0.053166192724085154
2020-08-21,882985.9568500046,89175.99609375,972161.9529437546,1251.9377721264614,1,1023328.4294435878,0.050000053773209256
2020-08-24,882985.9568500046,87912.001953125,970897.9588031296,-12.056368498538603,1,1023328.4294435878,0.051235233119601764
2020-08-25,980334.6953156131,0.0,980334.6953156131,0.0,0,1023328.4294435878,0.0420136223043775
2020-08-26,980334.6953156131,0.0,980334.6953156131,0.0,0,1023328.4294435878,0.0420136223043775
2020-08-27,980334.6953156131,0.0,980334.6953156131,0.0,0,1023328.4294435878,0.0420136223043775
2020-08-28,980334.6953156131,0.0,980334.6953156131,0.0,0,1023328.4294435878,0.0420136223043775
2020-08-31,980334.6953156131,0.0,980334.6953156131,0.0,0,1023328.4294435878,0.0420136223043775
2020-09-01,718351.1472329011,261673.14459509158,980024.2918279927,-310.4034876204571,2,1023328.4294435878,0.04231694964161291
2020-09-02,718351.1472329011,261773.86444091797,980125.011673819,-209.6836417940542,2,1023328.4294435878,0.042218525867848355
2020-09-03,718351.1472329011,265587.6039733887,983938.7512062897,3604.055890676634,2,1023328.4294435878,0.03849172670665986
2020-09-04,718351.1472329011,259343.54141235352,977694.6886452546,-2640.006670358522,2,1023328.4294435878,0.04459344574561026
2020-09-07,718351.1472329011,263377.2960510254,981728.4432839265,1393.7479683133529,2,1023328.4294435878,0.040651647079012934
2020-09-08,718351.1472329011,260830.11361694336,979181.2608498444,-1153.4344657686781,2,1023328.4294435878,0.043140762362819725
2020-09-09,718351.1472329011,264850.84765625,983201.9948891511,2867.299573537977,2,1023328.4294435878,0.03921168746993042
2020-09-10,564735.9001471244,417631.04518247594,982366.9453296004,2032.2500139872323,4,1023328.4294435878,0.04002770072190735
2020-09-11,564735.9001471244,420543.40834617615,985279.3084933006,4944.613177687517,4,1023328.4294435878,0.037181729594843345
2020-09-14,463911.8051480516,522952.81469487917,986864.6198429307,6529.924527317731,5,1023328.4294435878,0.03563255798579101
2020-09-15,463911.8051480516,527208.6442432404,991120.449391292,10785.75407567892,5,1023328.4294435878,0.031473746966854246
2020-09-16,463911.8051480516,534895.432800293,998807.2379483446,18472.542632731504,5,1023328.4294435878,0.023962191208326034
2020-09-17,605082.4447094956,392997.1881904602,998079.6328999558,8363.426847254499,4,1023328.4294435878,0.02467320932084376
2020-09-18,605082.4447094956,391141.51369667053,996223.9584061662,6507.752353464857,4,1023328.4294435878,0.02648658070816919
2020-09-21,605082.4447094956,379875.61347198486,984958.0581814805,-4758.147871220842,4,1023328.4294435878,0.037495656485347834
2020-09-22,748474.2277158077,229029.62057495117,977503.8482907589,-1988.8936824779253,2,1023328.4294435878,0.044779935585044756
2020-09-23,748474.2277158077,227135.48245239258,975609.7101682003,-3883.031805036519,2,1023328.4294435878,0.04663089376040639
2020-09-24,748474.2277158077,225930.45315551758,974404.6808713253,-5088.061101911519,2,1023328.4294435878,0.04780845246219113
2020-09-25,691826.906828145,283089.9543746319,974916.8612027769,610.7783812670699,3,1023328.4294435878,0.04730794811117835
2020-09-28,691826.906828145,290806.905670166,982633.812498311,8327.729676801155,3,1023328.4294435878,0.03976691722265894
2020-09-29,691826.906828145,290449.748626709,982276.655454854,7970.572633344122,3,1023328.4294435878,0.040115932292680234
2020-09-30,691826.906828145,291977.0508117676,983803.9576399126,9497.874818402717,3,1023328.4294435878,0.03862344743531237
2020-10-01,691826.906828145,293518.6810913086,985345.5879194536,11039.505097943733,3,1023328.4294435878,0.03711696111558875
2020-10-05,691826.906828145,298979.5127258301,990806.4195539751,16500.336732465214,3,1023328.4294435878,0.03178061798526969
2020-10-06,831435.280135413,161080.18682861328,992515.4669640263,8795.430093604695,2,1023328.4294435878,0.030110531079758352
2020-10-07,831435.280135413,160472.4110107422,991907.6911461552,8187.654275733601,2,1023328.4294435878,0.03070445166320345
2020-10-08,831435.280135413,163485.48776245117,994920.7678978642,11200.731027442585,2,1023328.4294435878,0.027760062877535414
2020-10-09,831435.280135413,161824.04959106445,993259.3297264775,9539.292856055867,2,1023328.4294435878,0.02938362587410934
2020-10-12,831435.280135413,160001.3681640625,991436.6482994755,7716.6114290539135,2,1023328.4294435878,0.031164756325056546
2020-10-13,689322.7823201036,303243.81599349366,992566.5983135973,8846.561443175617,4,1023328.4294435878,0.030060565352138788
2020-10-14,689322.7823201036,303324.67405700684,992647.4563771104,8927.419506688819,4,1023328.4294435878,0.029981550579181542
2020-10-15,689322.7823201036,297603.2290878296,986926.0114079332,3205.974537511572,4,1023328.4294435878,0.035572565940973216
2020-10-16,786426.353295228,209909.0036392212,996335.3569344492,3131.857276322575,3,1023328.4294435878,0.026377721689815163
2020-10-19,786426.353295228,217495.45597839355,1003921.8092736215,10718.309615494938,3,1023328.4294435878,0.018964214822525912
2020-10-20,860629.5249722528,144956.5001296997,1005586.0251019525,2844.0023143902686,2,1023328.4294435878,0.017337937490197877
2020-10-21,860629.5249722528,145386.77420806885,1006016.2991803216,3274.276392759417,2,1023328.4294435878,0.01691747220653221
2020-10-22,860629.5249722528,144480.1216583252,1005109.646630578,2367.623843015764,2,1023328.4294435878,0.01780345614253663
2020-10-23,860629.5249722528,144614.9575881958,1005244.4825604486,2502.4597728863696,2,1023328.4294435878,0.01767169401613512
2020-10-26,860629.5249722528,143368.21766662598,1003997.7426388788,1255.7198513165383,2,1023328.4294435878,0.018890012481349375
2020-10-27,860629.5249722528,144167.1198501587,1004796.6448224115,2054.6220348492598,2,1023328.4294435878,0.01810932256739174
2020-10-28,860629.5249722528,142670.2817993164,1003299.8067715692,557.7839840069751,2,1023328.4294435878,0.0195720377698377
2020-10-29,787610.5626061915,214559.8029041748,1002170.3655103663,-571.6572771958818,3,1023328.4294435878,0.02067573158768367
2020-10-30,787610.5626061915,212529.3476715088,1000139.9102777003,-2602.1125098619013,3,1023328.4294435878,0.022659899303780453
2020-11-02,787610.5626061915,211015.57456207275,998626.1371682642,-4115.885619297929,3,1023328.4294435878,0.024139163502723028
2020-11-03,787610.5626061915,216600.13288879392,1004210.6954949854,1468.67270742324,3,1023328.4294435878,0.01868191423060257
2020-11-04,787610.5626061915,216564.67504119873,1004175.2376473902,1433.2148598280469,3,1023328.4294435878,0.01871656375911659
2020-11-05,787610.5626061915,220086.25217437744,1007696.8147805689,4954.791993006758,3,1023328.4294435878,0.015275266681995915
2020-11-06,787610.5626061915,220752.14727783203,1008362.7098840235,5620.687096461341,3,1023328.4294435878,0.014624551736241252
2020-11-09,787610.5626061915,232422.15226745605,1020032.7148736476,17290.69208608537,3,1023328.4294435878,0.003220583416931164
2020-11-10,787610.5626061915,230120.31465911865,1017730.8772653101,14988.85447774797,3,1023328.4294435878,0.0054699469077793324
2020-11-11,669112.5460545673,349914.44810495456,1019026.9941595219,16284.971371959724,4,1023328.4294435878,0.004203377098010174
2020-11-12,669112.5460545673,349074.0341415405,1018186.5801961079,15444.557408545701,4,1023328.4294435878,0.005024632463573493
2020-11-13,669112.5460545673,351344.1858596802,1020456.7319142475,17714.709126685342,4,1023328.4294435878,0.002806232531721709
2020-11-14,669112.5460545673,353925.20249938965,1023037.748553957,20295.725766394808,4,1023328.4294435878,0.0002840543478195538
2020-11-17,669112.5460545673,351034.08992004395,1020146.6359746113,17404.61318704911,4,1023328.4294435878,0.0031092593320274898
2020-11-18,669112.5460545673,351170.09117889404,1020282.6372334614,17540.61444589921,4,1023328.4294435878,0.002976358442208524
2020-11-19,851164.7798430581,171191.30541992188,1022356.08526298,15247.663296627561,2,1023328.4294435878,0.0009501780197160258
2020-11-20,1026559.1731408483,0.0,1026559.1731408483,0.0,0,1026559.1731408483,0.0
2020-11-23,1026559.1731408483,0.0,1026559.1731408483,0.0,0,1026559.1731408483,0.0
2020-11-24,1026559.1731408483,0.0,1026559.1731408483,0.0,0,1026559.1731408483,0.0
2020-11-25,1026559.1731408483,0.0,1026559.1731408483,0.0,0,1026559.1731408483,0.0
2020-11-26,1026559.1731408483,0.0,1026559.1731408483,0.0,0,1026559.1731408483,0.0
2020-11-27,1026559.1731408483,0.0,1026559.1731408483,0.0,0,1026559.1731408483,0.0
2020-12-01,1026559.1731408483,0.0,1026559.1731408483,0.0,0,1026559.1731408483,0.0
2020-12-02,1026559.1731408483,0.0,1026559.1731408483,0.0,0,1026559.1731408483,0.0
2020-12-03,1026559.1731408483,0.0,1026559.1731408483,0.0,0,1026559.1731408483,0.0
2020-12-04,1026559.1731408483,0.0,1026559.1731408483,0.0,0,1026559.1731408483,0.0
2020-12-07,1026559.1731408483,0.0,1026559.1731408483,0.0,0,1026559.1731408483,0.0
2020-12-08,1026559.1731408483,0.0,1026559.1731408483,0.0,0,1026559.1731408483,0.0
2020-12-09,1026559.1731408483,0.0,1026559.1731408483,0.0,0,1026559.1731408483,0.0
2020-12-10,1026559.1731408483,0.0,1026559.1731408483,0.0,0,1026559.1731408483,0.0
2020-12-11,1026559.1731408483,0.0,1026559.1731408483,0.0,0,1026559.1731408483,0.0
2020-12-14,1026559.1731408483,0.0,1026559.1731408483,0.0,0,1026559.1731408483,0.0
2020-12-15,1026559.1731408483,0.0,1026559.1731408483,0.0,0,1026559.1731408483,0.0
2020-12-16,1026559.1731408483,0.0,1026559.1731408483,0.0,0,1026559.1731408483,0.0
2020-12-17,1026559.1731408483,0.0,1026559.1731408483,0.0,0,1026559.1731408483,0.0
2020-12-18,1026559.1731408483,0.0,1026559.1731408483,0.0,0,1026559.1731408483,0.0
2020-12-21,1026559.1731408483,0.0,1026559.1731408483,0.0,0,1026559.1731408483,0.0
2020-12-22,855723.8391746518,170632.92475439678,1026356.7639290486,-202.40921179970906,2,1026559.1731408483,0.00019717247392612194
2020-12-23,715411.1863060816,314023.18489987054,1029434.3712059521,2875.198065103845,4,1029434.3712059521,0.0
2020-12-24,715411.1863060816,312157.1994628906,1027568.3857689722,1009.21262812396,4,1029434.3712059521,0.0018126317608707458
2020-12-28,715411.1863060816,316208.9249267578,1031620.1112328394,5060.938091991147,4,1031620.1112328394,0.0
2020-12-29,715411.1863060816,317212.39111328125,1032623.5774193628,6064.404278514599,4,1032623.5774193628,0.0
2020-12-30,715411.1863060816,320801.4577636719,1036212.6440697535,9653.47092890521,4,1036212.6440697535,0.0
2020-12-31,715411.1863060816,325684.71044921875,1041095.8967553003,14536.723614452085,4,1041095.8967553003,0.0
2021-01-01,715411.1863060816,326066.2684326172,1041477.4547386988,14918.281597850522,4,1041477.4547386988,0.0
2021-01-04,715411.1863060816,334867.169921875,1050278.3562279567,23719.183087108333,4,1050278.3562279567,0.0
2021-01-05,715411.1863060816,340172.11181640625,1055583.298122488,29024.124981639583,4,1055583.298122488,0.0
2021-01-06,795577.1402217203,259866.12463378906,1055443.2648555094,18809.442010887957,3,1055583.298122488,0.00013265960841521576
2021-01-07,909186.6415160716,147824.373046875,1057011.0145629467,10500.610684849602,2,1057011.0145629467,0.0
2021-01-08,909186.6415160716,147713.3291015625,1056899.9706176342,10389.566739537102,2,1057011.0145629467,0.00010505467188382562
2021-01-11,909186.6415160716,147639.97387695312,1056826.6153930249,10316.211514927727,2,1057011.0145629467,0.00017445340434614148
2021-01-12,986291.0308366165,76979.84741210938,1063270.878248726,6758.49875540476,1,1063270.878248726,0.0
2021-01-13,986291.0308366165,77117.65258789062,1063408.6834245073,6896.30393118601,1,1063408.6834245073,0.0
2021-01-14,986291.0308366165,76142.45129394531,1062433.482130562,5921.102637240698,1,1063408.6834245073,0.0009170522200409916
2021-01-15,986291.0308366165,78153.79870605469,1064444.8295426713,7932.450049350073,1,1064444.8295426713,0.0
2021-01-18,986291.0308366165,79468.20129394531,1065759.232130562,9246.852637240698,1,1065759.232130562,0.0
2021-01-19,571880.4859936943,494117.21831152844,1065997.7043052227,-586.1346914088112,4,1065997.7043052227,0.0
2021-01-20,442544.9777315868,627261.6299799884,1069806.6077115752,3222.7687149436897,5,1069806.6077115752,0.0
2021-01-21,442544.9777315868,634683.8305664062,1077228.8082979931,10644.969301361438,5,1077228.8082979931,0.0
2021-01-22,745178.5077228906,331580.34173583984,1076758.8494587303,5886.179018395061,3,1077228.8082979931,0.0004362664975562288
2021-01-25,745178.5077228906,330967.3801269531,1076145.8878498436,5273.217409508342,3,1077228.8082979931,0.0010052835941702616
2021-01-27,614103.8301374069,458827.16332141834,1072930.9934588252,2058.3230184898816,4,1077228.8082979931,0.0039896954166668405
2021-01-28,621661.7042344682,443922.29716686753,1065584.0014013357,335.19295439670674,4,1077228.8082979931,0.010809966097226908
2021-01-29,440174.6228399224,613843.1183019789,1054017.7411419014,-11231.067305037786,6,1077228.8082979931,0.021547016731538186
2021-02-01,112061.2608590251,957792.3352459717,1069853.5961049967,-146.26112759083782,9,1077228.8082979931,0.006846467654953584
2021-02-02,224876.2019493365,844795.9394683838,1069672.1414177204,5257.029326376353,8,1077228.8082979931,0.007014913472479654
2021-02-03,145731.14882149163,929346.2972283174,1075077.446049809,10662.333958464942,9,1077228.8082979931,0.0019971265450868165
2021-02-04,249387.87318044025,838188.4568939209,1087576.330074361,12859.357229202138,8,1087576.330074361,0.0
2021-02-05,358784.9503849035,737994.5319824219,1096779.4823673253,11713.348220981345,7,1096779.4823673253,0.0
2021-02-08,432226.11771308654,674635.2802124023,1106861.397925489,11441.491613952534,6,1106861.397925489,0.0
2021-02-09,432226.11771308654,678365.8912200928,1110592.0089331793,15172.102621642962,6,1110592.0089331793,0.0
2021-02-10,432226.11771308654,680145.1674194336,1112371.2851325201,16951.37882098378,6,1112371.2851325201,0.0
2021-02-11,432226.11771308654,682339.6222076416,1114565.7399207281,19145.833609191774,6,1114565.7399207281,0.0
2021-02-12,432226.11771308654,675715.8094177246,1107941.9271308111,12522.020819274783,6,1114565.7399207281,0.005942953881202289
2021-02-15,432226.11771308654,669711.7116088867,1101937.8293219733,6517.923010436878,6,1114565.7399207281,0.01132989302152157
2021-02-16,432226.11771308654,670613.8580169678,1102839.9757300543,7420.069418517993,6,1114565.7399207281,0.010520477860290058
2021-02-17,550223.0762381601,549984.0082397461,1100207.084477906,10412.59796372558,5,1114565.7399207281,0.012882735336762876
2021-02-18,550223.0762381601,552844.9149169922,1103067.9911551522,13273.504640971674,5,1114565.7399207281,0.010315900044077878
2021-02-19,694583.3294066559,398688.8619232178,1093272.1913298736,9216.299488576946,4,1114565.7399207281,0.019104793757942874
2021-02-22,909611.0615542408,185331.4197998047,1094942.4813540454,6078.588078492385,2,1114565.7399207281,0.01760619213728781
2021-02-23,1000051.9876757363,99491.56311035156,1099543.5507860878,208.68360567537002,1,1114565.7399207281,0.013478064681683843
2021-02-24,1000051.9876757363,100882.2431640625,1100934.2308397987,1599.3636593863075,1,1114565.7399207281,0.012230332041157994
2021-02-25,1000051.9876757363,105129.52392578125,1105181.5116015174,5846.6444211050575,1,1114565.7399207281,0.008419627468432807
2021-02-26,1000051.9876757363,102799.15283203125,1102851.1405077674,3516.2733273550575,1,1114565.7399207281,0.0105104607053451
2021-03-01,785582.2223756354,318668.63172739546,1104250.8541030309,4915.986922618326,3,1114565.7399207281,0.00925462307717345
2021-03-02,658219.3030635901,446719.42055222,1104938.72361581,5603.856435397558,4,1114565.7399207281,0.008637459380011812
2021-03-03,658219.3030635901,447227.38272094727,1105446.6857845373,6111.818604124859,4,1114565.7399207281,0.008181710427273114
2021-03-04,767918.5855891875,341475.7864379883,1109394.3720271757,-356.89817415799007,3,1114565.7399207281,0.004639805180015863
2021-03-05,767918.5855891875,339207.61544799805,1107126.2010371855,-2625.06916414821,3,1114565.7399207281,0.006674831835466043
2021-03-08,889449.0223641371,216912.39517211914,1106361.4175362564,2442.6298720182263,2,1114565.7399207281,0.007361003564541013
2021-03-09,889449.0223641371,216870.77003479004,1106319.7923989273,2401.0047346891392,2,1114565.7399207281,0.007398350071649748
2021-03-10,752106.6110081953,357171.69223515585,1109278.3032433512,5359.515579113092,3,1114565.7399207281,0.004743943302754877
2021-03-12,752106.6110081953,352931.6794433594,1105038.2904515546,1119.502787316621,3,1114565.7399207281,0.008548126977105169
2021-03-15,883578.5242462909,221160.01174926758,1104738.5359955584,6690.246449166663,2,1114565.7399207281,0.008817069799641175
2021-03-16,883578.5242462909,221924.83863830566,1105503.3628845965,7455.073338204764,2,1114565.7399207281,0.008130859142302575
2021-03-17,883578.5242462909,218300.47149658203,1101878.9957428728,3830.706196481117,2,1114565.7399207281,0.01138267912196695
2021-03-18,883578.5242462909,215415.06393432617,1098993.588180617,945.298634225272,2,1114565.7399207281,0.013971496864077955
2021-03-19,818233.9836714648,275363.1455414146,1093597.1292128796,1402.9943040093985,3,1114565.7399207281,0.018813256102183734
2021-03-22,731499.2534748741,362761.2655527062,1094260.5190275803,2066.3841187102275,4,1114565.7399207281,0.018218055845312494
2021-03-23,731499.2534748741,361343.73028564453,1092842.9837605185,648.8488516486153,4,1114565.7399207281,0.019489883263193297
2021-03-24,809480.6623961336,276559.49420166016,1086040.1565977938,-468.76360521299466,3,1114565.7399207281,0.025593450705709994
2021-03-25,890521.4826673736,190549.67651367188,1081071.1591810454,256.1489033894497,2,1114565.7399207281,0.030051686984443847
2021-03-26,765274.9646681132,315939.814698003,1081214.779366116,399.7690884601484,4,1114565.7399207281,0.029922829457313248
2021-03-30,661390.9028955166,421442.3395583124,1082833.242453829,2018.2321761729488,5,1114565.7399207281,0.028470727504288935
2021-03-31,661390.9028955166,416672.85638046265,1078063.7592759794,-2751.2510016767974,5,1114565.7399207281,0.03274995752816243
2021-04-01,588702.8828792698,495690.89533895947,1084393.7782182293,3578.767940573243,6,1114565.7399207281,0.027070598549570325
2021-04-05,588702.8828792698,487858.43992614746,1076561.3228054172,-4253.687472238778,6,1114565.7399207281,0.03409795919082702
2021-04-06,588702.8828792698,491086.3114128113,1079789.194292081,-1025.8159855749532,6,1114565.7399207281,0.03120187924592094
2021-04-07,485787.9001186448,604727.9846015682,1090515.884720213,9700.87444255701,7,1114565.7399207281,0.021577780779647542
2021-04-08,599749.324436962,495515.6556968689,1095264.980133831,4001.855814503031,6,1114565.7399207281,0.017316842870362986
2021-04-09,697292.0046572883,394478.59535980225,1091770.6000170906,-10254.987188926505,5,1114565.7399207281,0.02045203713623824
2021-04-12,1025562.9943991561,49558.80171203613,1075121.796111192,-4352.5992163306955,1,1114565.7399207281,0.035389517546395646
2021-04-13,859228.5568273455,217969.128543837,1077197.6853711824,-2276.709956340413,3,1114565.7399207281,0.033527008063430605
2021-04-15,859228.5568273455,218724.34865570068,1077952.905483046,-1521.4898444767034,3,1114565.7399207281,0.03284941670671314
2021-04-16,859228.5568273455,219888.50470733643,1079117.0615346818,-357.33379284096145,3,1114565.7399207281,0.031804923762117035
2021-04-19,907600.0903264687,162907.93648147583,1070508.0268079445,-3426.501090334736,2,1114565.7399207281,0.0395290394588274
2021-04-20,907600.0903264687,166866.27855682373,1074466.3688832924,531.8409850131571,2,1114565.7399207281,0.03597757368738763
2021-04-22,907600.0903264687,167363.02669143677,1074963.1170179055,1028.589119626209,2,1114565.7399207281,0.035531886082950444
2021-04-23,907600.0903264687,168008.1577796936,1075608.2481061623,1673.7202078830376,2,1114565.7399207281,0.03495306774577212
2021-04-26,832416.6831431818,244837.39243691726,1077254.0755800991,3319.5476818198526,3,1114565.7399207281,0.03347641418018353
2021-04-27,832416.6831431818,249895.30257415771,1082311.9857173394,8377.457819060308,3,1114565.7399207281,0.028938404481805353
2021-04-28,832416.6831431818,254526.717754364,1086943.4008975457,13008.872999266614,3,1114565.7399207281,0.024783050504627032
2021-04-29,951875.5889681441,139350.15323257446,1091225.7422007187,6896.938745772192,2,1114565.7399207281,0.020940889248640855
2021-04-30,951875.5889681441,138611.1956100464,1090486.7845781907,6157.981123244116,2,1114565.7399207281,0.02160388973040753
2021-05-03,951875.5889681441,139691.94316482544,1091567.5321329697,7238.728678023169,2,1114565.7399207281,0.02063423175863467
2021-05-04,951875.5889681441,141502.02950668335,1093377.6184748276,9048.81501988108,2,1114565.7399207281,0.019010203424526133
2021-05-05,951875.5889681441,143100.31857299805,1094975.9075411423,10647.104086195784,2,1114565.7399207281,0.017576201813792634
2021-05-06,951875.5889681441,144219.48922729492,1096095.0781954392,11766.274740492652,2,1114565.7399207281,0.0165720702366131
2021-05-07,951875.5889681441,147052.27551651,1098927.8644846543,14599.06102970774,2,1114565.7399207281,0.01403046484919417
2021-05-10,951875.5889681441,147485.47452545166,1099361.063493596,15032.26003864939,2,1114565.7399207281,0.01364179418274029
2021-05-11,1037599.1196255318,62890.70342254639,1100489.8230480782,5620.896119030957,1,1114565.7399207281,0.012629059344360476
2021-05-12,1037599.1196255318,63114.91062927246,1100714.0302548043,5845.103325757032,1,1114565.7399207281,0.012427898301368053
2021-05-14,1037599.1196255318,62554.38823699951,1100153.5078625313,5284.580933484082,1,1114565.7399207281,0.012930804834555424
2021-05-17,951424.4296051636,148402.7695083017,1099827.1991134654,4958.2721844180705,2,1114565.7399207281,0.013223572445633417
2021-05-18,951424.4296051636,148534.0301437378,1099958.4597489014,5089.532819854161,2,1114565.7399207281,0.013105804035269949
2021-05-19,951424.4296051636,147877.79499053955,1099302.2245957032,4433.297666655919,2,1114565.7399207281,0.01369458505526157
2021-05-20,951424.4296051636,148208.03997802734,1099632.469583191,4763.542654143712,2,1114565.7399207281,0.013398285810040484
2021-05-21,951424.4296051636,148385.66983032227,1099810.099435486,4941.172506438641,2,1114565.7399207281,0.013238914454962267
2021-05-24,951424.4296051636,156374.64123153687,1107799.0708367005,12930.143907653233,2,1114565.7399207281,0.006071126037400819
2021-05-25,1019290.7901866776,90016.02618408203,1109306.8163707596,3841.3361637138287,1,1114565.7399207281,0.0047183610276254765
2021-05-26,1019290.7901866776,88824.6752319336,1108115.4654186112,2649.985211565391,1,1114565.7399207281,0.005787253520439019
2021-05-27,1019290.7901866776,91974.88500976562,1111265.6751964432,5800.194989397422,1,1114565.7399207281,0.002960852470236197
2021-05-28,1019290.7901866776,90709.05737304688,1109999.8475597245,4534.367352678672,1,1114565.7399207281,0.0040965662207851595
2021-05-31,1019290.7901866776,90565.88549804688,1109856.6756847245,4391.195477678672,1,1114565.7399207281,0.004225021519447205
2021-06-01,1019290.7901866776,90016.02618408203,1109306.8163707596,3841.3361637138287,1,1114565.7399207281,0.0047183610276254765
2021-06-02,1019290.7901866776,89884.29382324219,1109175.0840099198,3709.603802873985,1,1114565.7399207281,0.0048365526749384585
2021-06-03,1019290.7901866776,90239.40539550781,1109530.1955821854,4064.71537513961,1,1114565.7399207281,0.004517942870647433
2021-06-04,1019290.7901866776,92845.49377441406,1112136.2839610917,6670.80375404586,1,1114565.7399207281,0.0021797332114382745
2021-06-07,1019290.7901866776,93561.46209716797,1112852.2522838456,7386.772076799766,1,1114565.7399207281,0.0015373589690675835
2021-06-08,1019290.7901866776,95245.39489746094,1114536.1850841385,9070.704877092736,1,1114565.7399207281,2.651690746542438e-05
2021-06-09,1116151.0654649502,0.0,1116151.0654649502,0.0,0,1116151.0654649502,0.0
2021-06-10,1116151.0654649502,0.0,1116151.0654649502,0.0,0,1116151.0654649502,0.0
2021-06-11,1116151.0654649502,0.0,1116151.0654649502,0.0,0,1116151.0654649502,0.0
2021-06-14,1116151.0654649502,0.0,1116151.0654649502,0.0,0,1116151.0654649502,0.0
2021-06-15,1116151.0654649502,0.0,1116151.0654649502,0.0,0,1116151.0654649502,0.0
2021-06-16,1116151.0654649502,0.0,1116151.0654649502,0.0,0,1116151.0654649502,0.0
2021-06-17,973616.9418845056,142365.24622387748,1115982.188108383,-168.8773565671653,1,1116151.0654649502,0.00015130331528809564
2021-06-18,973616.9418845056,143102.1845703125,1116719.126454818,568.0609898678596,1,1116719.126454818,0.0
2021-06-21,866386.9773594758,249597.1223157725,1115984.0996752484,-166.96578970186224,2,1116719.126454818,0.0006582020153117027
2021-06-22,866386.9773594758,250850.28466796875,1117237.2620274446,1086.1965624943987,2,1117237.2620274446,0.0
2021-06-23,866386.9773594758,250698.99462890625,1117085.971988382,934.9065234318988,2,1117237.2620274446,0.00013541442288449526
2021-06-24,866386.9773594758,252787.0107421875,1119173.9881016633,3022.9226367131487,2,1119173.9881016633,0.0
2021-06-25,866386.9773594758,253344.94580078125,1119731.923160257,3580.8576953068987,2,1119731.923160257,0.0
2021-06-28,866386.9773594758,251842.47412109375,1118229.4514805696,2078.3860156193987,2,1119731.923160257,0.0013418137400664828
2021-06-29,866386.9773594758,252346.7001953125,1118733.6775547883,2582.6120898381487,2,1119731.923160257,0.0008915041045283123
2021-06-30,866386.9773594758,252210.904296875,1118597.8816563508,2446.8161914006487,2,1119731.923160257,0.0010127794702017663
2021-07-01,866386.9773594758,252512.36572265625,1118899.343082132,2748.2776171818987,2,1119731.923160257,0.0007435530423882006
2021-07-02,866386.9773594758,255204.01123046875,1121590.9885899446,5439.923124994399,2,1121590.9885899446,0.0
2021-07-05,866386.9773594758,254092.8095703125,1120479.7869297883,4328.721464838149,2,1121590.9885899446,0.0009907369722658382
2021-07-06,1019615.3250189514,107798.3740234375,1127413.699042389,568.4094984077892,1,1127413.699042389,0.0
2021-07-07,793782.5687438274,334766.738698934,1128549.3074427615,1704.017898780218,2,1128549.3074427615,0.0
2021-07-08,793782.5687438274,332303.7990722656,1126086.367816093,-758.9217278881581,2,1128549.3074427615,0.002182394345045927
2021-07-09,793782.5687438274,333400.81939697266,1127183.3881408,338.09859681887315,2,1128549.3074427615,0.0012103319659613775
2021-07-12,793782.5687438274,328964.7435455322,1122747.3122893595,-4097.977254621556,2,1128549.3074427615,0.0051411091346544886
2021-07-13,793782.5687438274,329979.12271118164,1123761.691455009,-3083.5980889721422,2,1128549.3074427615,0.004242274534376413
2021-07-14,838326.4741457306,284615.8513231233,1122942.325468854,2344.0485605289787,2,1128549.3074427615,0.004968309259444407
2021-07-15,741513.2368288051,384067.37017764855,1125580.6070064537,4982.330098128661,3,1128549.3074427615,0.0026305456188128354
2021-07-16,741513.2368288051,387291.68280029297,1128804.919629098,8206.642720773061,3,1128804.919629098,0.0
2021-07-19,741513.2368288051,383711.25915527344,1125224.4959840784,4626.21907575353,3,1128804.919629098,0.003171871049424541
2021-07-20,600514.601263178,524358.225863256,1124872.827126434,4274.55021810909,4,1128804.919629098,0.0034834119113831006
2021-07-22,264081.4188948213,868136.5214515729,1132217.9403463942,11619.663438069325,6,1132217.9403463942,0.0
2021-07-23,449854.118540196,680401.0234985352,1130255.1420387311,-1073.9962774038017,5,1132217.9403463942,0.0017335870045148357
2021-07-26,551493.4625300536,576179.5677490234,1127673.0302790771,1934.5124981141907,4,1132217.9403463942,0.004014165387563628
2021-07-27,794265.4465138785,339031.2507324219,1133296.6972463005,2598.068364065162,2,1133296.6972463005,0.0
2021-07-28,794265.4465138785,336093.1403808594,1130358.586894738,-340.04198749733825,2,1133296.6972463005,0.0025925341163541373
2021-07-29,794265.4465138785,340439.3796386719,1134704.8261525505,4006.197270315162,2,1134704.8261525505,0.0
2021-07-30,694377.2320907534,441093.0192344099,1135470.2513251633,4771.62244292801,3,1135470.2513251633,0.0
2021-08-02,694377.2320907534,450403.3447265625,1144780.576817316,14081.947935080634,3,1144780.576817316,0.0
2021-08-03,909556.9342331834,233381.38696289062,1142938.3211960741,1519.729700830792,2,1144780.576817316,0.0016092652675534153
2021-08-04,909556.9342331834,234019.28564453125,1143576.2198777148,2157.628382471417,2,1144780.576817316,0.0010520417309573531
2021-08-05,909556.9342331834,234779.26416015625,1144336.1983933398,2917.606898096417,2,1144780.576817316,0.00038817781588476423
2021-08-06,909556.9342331834,235414.79028320312,1144971.7245163866,3553.1330211432924,2,1144971.7245163866,0.0
2021-08-09,909556.9342331834,245518.90600585938,1155075.8402390429,13657.248743799542,2,1155075.8402390429,0.0
2021-08-10,909556.9342331834,247597.27294921875,1157154.2071824023,15735.615687158916,2,1157154.2071824023,0.0
2021-08-11,324213.39934164786,829017.9541403844,1153231.3534820322,11812.761986789223,7,1157154.2071824023,0.003390087229533533
2021-08-12,435156.11042658775,737280.6868858337,1172436.7973124215,19963.709155363555,6,1172436.7973124215,0.0
2021-08-13,95944.41533740913,1073481.69886717,1169426.114204579,16953.026047521045,8,1172436.7973124215,0.002567885206898872
2021-08-16,95944.41533740913,1069131.545501709,1165075.960839118,12602.872682060179,8,1172436.7973124215,0.006278237334563908
2021-08-17,95944.41533740913,1076686.4329414368,1172630.848278846,20157.760121787975,8,1172630.848278846,0.0
2021-08-18,95944.41533740913,1072697.8813781738,1168642.296715583,16169.208558525008,8,1172630.848278846,0.00340137014911148
2021-08-20,283069.26417439594,855076.8100395203,1138146.0742139162,-2277.619763233287,6,1172630.848278846,0.029408039295184377
2021-08-23,323535.86376669625,813305.349356465,1136841.2131231613,2662.281345031196,6,1172630.848278846,0.030520803037218023
2021-08-24,284844.10582654434,848765.3818005045,1133609.487627049,5392.700437768211,7,1172630.848278846,0.03327676455814833
2021-08-25,284844.10582654434,844852.6555900574,1129696.7614166017,1479.9742273210804,7,1172630.848278846,0.036613472112951496
2021-08-26,284844.10582654434,844502.6269035339,1129346.7327300783,1129.9455407976284,7,1172630.848278846,0.03691197073000323
2021-08-27,284844.10582654434,849229.4666671753,1134073.5724937196,5856.7853044389885,7,1172630.848278846,0.032881000735840715
2021-08-30,284844.10582654434,858544.41065979,1143388.5164863344,15171.729297053735,7,1172630.848278846,0.02493737209406743
2021-08-31,284844.10582654434,864341.9926338196,1149186.098460364,20969.311271083276,7,1172630.848278846,0.01999329102836882
2021-09-01,619226.784092957,541520.8413696289,1160747.625462586,10198.206734328778,5,1172630.848278846,0.01013381392251593
2021-09-02,619226.784092957,544029.9513549805,1163256.7354479376,12707.31671968034,5,1172630.848278846,0.007994086838724502
2021-09-03,619226.784092957,546085.143371582,1165311.9274645392,14762.508736281903,5,1172630.848278846,0.006241453416519965
2021-09-06,619226.784092957,547979.2153930664,1167205.9994860236,16656.580757766278,5,1172630.848278846,0.004626220434832302
2021-09-07,761854.8737230196,406673.3245239258,1168528.1982469454,7051.878507300989,4,1172630.848278846,0.0034986714172855434
2021-09-08,761854.8737230196,408965.763671875,1170820.6373948946,9344.317655250208,4,1172630.848278846,0.0015437176044006144
2021-09-09,761854.8737230196,412402.4545288086,1174257.3282518282,12781.008512183802,4,1174257.3282518282,0.0
2021-09-13,761854.8737230196,416388.66485595703,1178243.5385789766,16767.21883933224,4,1178243.5385789766,0.0
2021-09-14,840997.6404170938,338209.8063354492,1179207.446752543,6662.696967456537,3,1179207.446752543,0.0
2021-09-15,840997.6404170938,342807.0439453125,1183804.6843624064,11259.934577319818,3,1183804.6843624064,0.0
2021-09-16,840997.6404170938,338136.0686645508,1179133.7090816447,6588.9592965581,3,1183804.6843624064,0.003945731371452962
2021-09-17,840997.6404170938,335449.00579833984,1176446.6462154337,3901.8964303471616,3,1183804.6843624064,0.006215584584323278
2021-09-20,931729.7963009248,237537.04077148438,1169266.8370724092,2618.6509450966655,2,1183804.6843624064,0.012280613079198274
2021-09-21,931729.7963009248,236727.6025390625,1168457.3988399873,1809.2127126747905,2,1183804.6843624064,0.012964373029732544
2021-09-22,931729.7963009248,238003.49389648438,1169733.2901974092,3085.1040700966655,2,1183804.6843624064,0.011886584291205067
2021-09-23,931729.7963009248,238905.1357421875,1170634.9320431123,3986.7459157997905,2,1183804.6843624064,0.01112493681876856
2021-09-24,931729.7963009248,239233.908203125,1170963.7045040498,4315.518376737291,2,1183804.6843624064,0.010847211561147556
2021-09-27,931729.7963009248,237302.48217773438,1169032.2784786592,2384.0923513466655,2,1183804.6843624064,0.012478752685206282
2021-09-28,1023215.2551750772,143428.57470703125,1166643.8298821086,5991.946568119836,1,1183804.6843624064,0.014496356288318418
2021-09-29,1023215.2551750772,144674.64135742188,1167889.8965324992,7238.013218510461,1,1183804.6843624064,0.013443761492191427
2021-09-30,1171935.2778367205,0.0,1171935.2778367205,0.0,0,1183804.6843624064,0.010026490587912096
2021-10-01,1171935.2778367205,0.0,1171935.2778367205,0.0,0,1183804.6843624064,0.010026490587912096
2021-10-04,1054190.6577811802,117605.11381180369,1171795.771592984,-139.50624373652064,1,1183804.6843624064,0.010144336247402472
2021-10-05,1054190.6577811802,117347.61328125,1171538.2710624302,-397.0067742902113,1,1183804.6843624064,0.010361855686170733
2021-10-06,844767.0747790441,325525.225124841,1170292.299903885,-1642.9779328353268,2,1183804.6843624064,0.01141436981709454
2021-10-07,754776.1579207967,412855.82038331166,1167631.9783041084,-4303.29953261217,3,1183804.6843624064,0.01366163377450105
2021-10-08,957886.6608962405,211251.46044921875,1169138.1213454593,3515.9235354310567,2,1183804.6843624064,0.012389343622885301
2021-10-11,957886.6608962405,209248.27587890625,1167134.9367751468,1512.7389651185565,2,1183804.6843624064,0.014081501625614787
2021-10-12,957886.6608962405,210308.884765625,1168195.5456618655,2573.3478518373067,2,1183804.6843624064,0.013185569297648041
2021-10-13,957886.6608962405,209650.49560546875,1167537.1565017093,1914.9586916810565,2,1183804.6843624064,0.013741732969623083
2021-10-14,957886.6608962405,211328.11669921875,1169214.7775954593,3592.5797854310567,2,1183804.6843624064,0.012324589486487127
2021-10-18,957886.6608962405,213671.0439453125,1171557.704841553,5935.507031524807,2,1183804.6843624064,0.010345439313284658
2021-10-19,957886.6608962405,211205.25048828125,1169091.9113845218,3469.7135744935567,2,1183804.6843624064,0.012428378745442186
2021-10-20,957886.6608962405,210298.0087890625,1168184.669685303,2562.4718752748067,2,1183804.6843624064,0.01319475660422502
2021-10-21,957886.6608962405,213415.91748046875,1171302.5783767093,5680.380566681057,2,1183804.6843624064,0.010560953298162291
2021-10-22,957886.6608962405,209621.7822265625,1167508.443122803,1886.2453127748067,2,1183804.6843624064,0.013765988135433407
2021-10-25,1069487.4521841686,93720.02880859375,1163207.4809927624,3729.111950346268,1,1183804.6843624064,0.017399156838729352
2021-10-26,940836.3868587017,222566.53485062864,1163402.9217093303,3924.552666914256,2,1183804.6843624064,0.01723406143139602
2021-10-27,940836.3868587017,232840.0498046875,1173676.4366633892,14198.067620973117,2,1183804.6843624064,0.008555674625052032
2021-10-28,940836.3868587017,229852.4755859375,1170688.8624446392,11210.493402223117,2,1183804.6843624064,0.011079379977982865
2021-10-29,940836.3868587017,231382.57958984375,1172218.9664485455,12740.597406129367,2,1183804.6843624064,0.009786849187964613
2021-11-01,856961.8900467415,321068.00441273546,1178029.894459477,7378.501889570525,3,1183804.6843624064,0.004878161050730876
2021-11-02,958241.6604371491,223482.86372375488,1181724.5241609039,-215.72194116252922,2,1183804.6843624064,0.0017571819312599411
2021-11-03,958241.6604371491,223898.27507781982,1182139.9355149688,199.68941290242674,2,1183804.6843624064,0.0014062698597397303
2021-11-04,791362.7663972168,391502.4022509899,1182865.1686482066,924.9225461402107,3,1183804.6843624064,0.0007936408147478891
2021-11-08,791362.7663972168,393702.5514450073,1185065.3178422241,3125.071740157671,3,1185065.3178422241,0.0
2021-11-09,791362.7663972168,392672.8109664917,1184035.5773637085,2095.331261642031,3,1185065.3178422241,0.0008689314107939504
2021-11-10,791362.7663972168,391297.47008514404,1182660.2364823609,719.9903802943604,3,1185065.3178422241,0.002029492656356252
2021-11-11,791362.7663972168,391104.69451904297,1182467.4609162598,527.2148141932862,3,1185065.3178422241,0.0021921634924685443
2021-11-12,630952.1228870288,553664.1402206245,1184616.2631076532,2676.0170055868066,4,1185065.3178422241,0.0003789282563669552
2021-11-15,726312.7629403351,453881.5923919678,1180194.3553323029,4406.086672925687,3,1185065.3178422241,0.004110290324579215
2021-11-16,726312.7629403351,447962.76042175293,1174275.523362088,-1512.745297289142,3,1185065.3178422241,0.009104809935525131
2021-11-17,726312.7629403351,446425.96253967285,1172738.725480008,-3049.54317936922,3,1185065.3178422241,0.010401614304822084
2021-11-18,726312.7629403351,443496.40257263184,1169809.165512967,-5979.103146410236,3,1185065.3178422241,0.01287368054702313
2021-11-22,886849.6491280166,273502.3051147461,1160351.9542427626,-9094.306564363751,2,1185065.3178422241,0.020854009671348563
2021-11-23,1080144.6413039886,76648.74245056372,1156793.3837545523,-90.92273116216239,1,1185065.3178422241,0.023856857222983755
2021-11-24,1080144.6413039886,76020.04272460938,1156164.684028598,-719.6224571165046,1,1185065.3178422241,0.02438737627243081
2021-11-25,1080144.6413039886,78000.22583007812,1158144.8671340668,1260.5606483522454,1,1185065.3178422241,0.022716427780684986
2021-11-26,1080144.6413039886,72998.39599609375,1153143.0373000824,-3741.26918563213,1,1185065.3178422241,0.02693714857866745
2021-11-29,1150912.3775902642,0.0,1150912.3775902642,0.0,0,1185065.3178422241,0.028819458081978035
2021-11-30,1150912.3775902642,0.0,1150912.3775902642,0.0,0,1185065.3178422241,0.028819458081978035
2021-12-01,1150912.3775902642,0.0,1150912.3775902642,0.0,0,1185065.3178422241,0.028819458081978035
2021-12-02,1150912.3775902642,0.0,1150912.3775902642,0.0,0,1185065.3178422241,0.028819458081978035
2021-12-03,1150912.3775902642,0.0,1150912.3775902642,0.0,0,1185065.3178422241,0.028819458081978035
2021-12-06,1150912.3775902642,0.0,1150912.3775902642,0.0,0,1185065.3178422241,0.028819458081978035
2021-12-07,1150912.3775902642,0.0,1150912.3775902642,0.0,0,1185065.3178422241,0.028819458081978035
2021-12-08,1150912.3775902642,0.0,1150912.3775902642,0.0,0,1185065.3178422241,0.028819458081978035
2021-12-09,1150912.3775902642,0.0,1150912.3775902642,0.0,0,1185065.3178422241,0.028819458081978035
2021-12-10,1150912.3775902642,0.0,1150912.3775902642,0.0,0,1185065.3178422241,0.028819458081978035
2021-12-13,1150912.3775902642,0.0,1150912.3775902642,0.0,0,1185065.3178422241,0.028819458081978035
2021-12-14,1150912.3775902642,0.0,1150912.3775902642,0.0,0,1185065.3178422241,0.028819458081978035
2021-12-15,1150912.3775902642,0.0,1150912.3775902642,0.0,0,1185065.3178422241,0.028819458081978035
2021-12-16,1150912.3775902642,0.0,1150912.3775902642,0.0,0,1185065.3178422241,0.028819458081978035
2021-12-17,1150912.3775902642,0.0,1150912.3775902642,0.0,0,1185065.3178422241,0.028819458081978035
2021-12-20,1150912.3775902642,0.0,1150912.3775902642,0.0,0,1185065.3178422241,0.028819458081978035
2021-12-21,1150912.3775902642,0.0,1150912.3775902642,0.0,0,1185065.3178422241,0.028819458081978035
2021-12-22,1150912.3775902642,0.0,1150912.3775902642,0.0,0,1185065.3178422241,0.028819458081978035
2021-12-23,1150912.3775902642,0.0,1150912.3775902642,0.0,0,1185065.3178422241,0.028819458081978035
2021-12-24,1150912.3775902642,0.0,1150912.3775902642,0.0,0,1185065.3178422241,0.028819458081978035
2021-12-27,1150912.3775902642,0.0,1150912.3775902642,0.0,0,1185065.3178422241,0.028819458081978035
2021-12-28,1150912.3775902642,0.0,1150912.3775902642,0.0,0,1185065.3178422241,0.028819458081978035
2021-12-29,1150912.3775902642,0.0,1150912.3775902642,0.0,0,1185065.3178422241,0.028819458081978035
2021-12-30,1150912.3775902642,0.0,1150912.3775902642,0.0,0,1185065.3178422241,0.028819458081978035
2021-12-31,1150912.3775902642,0.0,1150912.3775902642,0.0,0,1185065.3178422241,0.028819458081978035
2022-01-03,1150912.3775902642,0.0,1150912.3775902642,0.0,0,1185065.3178422241,0.028819458081978035
2022-01-04,1150912.3775902642,0.0,1150912.3775902642,0.0,0,1185065.3178422241,0.028819458081978035
2022-01-05,1150912.3775902642,0.0,1150912.3775902642,0.0,0,1185065.3178422241,0.028819458081978035
2022-01-06,1150912.3775902642,0.0,1150912.3775902642,0.0,0,1185065.3178422241,0.028819458081978035
2022-01-07,1150912.3775902642,0.0,1150912.3775902642,0.0,0,1185065.3178422241,0.028819458081978035
2022-01-10,1150912.3775902642,0.0,1150912.3775902642,0.0,0,1185065.3178422241,0.028819458081978035
2022-01-11,1150912.3775902642,0.0,1150912.3775902642,0.0,0,1185065.3178422241,0.028819458081978035
2022-01-12,1150912.3775902642,0.0,1150912.3775902642,0.0,0,1185065.3178422241,0.028819458081978035
2022-01-13,1150912.3775902642,0.0,1150912.3775902642,0.0,0,1185065.3178422241,0.028819458081978035
2022-01-14,1150912.3775902642,0.0,1150912.3775902642,0.0,0,1185065.3178422241,0.028819458081978035
2022-01-17,1150912.3775902642,0.0,1150912.3775902642,0.0,0,1185065.3178422241,0.028819458081978035
2022-01-18,1150912.3775902642,0.0,1150912.3775902642,0.0,0,1185065.3178422241,0.028819458081978035
2022-01-19,1150912.3775902642,0.0,1150912.3775902642,0.0,0,1185065.3178422241,0.028819458081978035
2022-01-20,1150912.3775902642,0.0,1150912.3775902642,0.0,0,1185065.3178422241,0.028819458081978035
2022-01-21,1150912.3775902642,0.0,1150912.3775902642,0.0,0,1185065.3178422241,0.028819458081978035
2022-01-24,1150912.3775902642,0.0,1150912.3775902642,0.0,0,1185065.3178422241,0.028819458081978035
2022-01-25,1150912.3775902642,0.0,1150912.3775902642,0.0,0,1185065.3178422241,0.028819458081978035
2022-01-27,1150912.3775902642,0.0,1150912.3775902642,0.0,0,1185065.3178422241,0.028819458081978035
2022-01-28,1150912.3775902642,0.0,1150912.3775902642,0.0,0,1185065.3178422241,0.028819458081978035
2022-01-31,1150912.3775902642,0.0,1150912.3775902642,0.0,0,1185065.3178422241,0.028819458081978035
2022-02-01,1150912.3775902642,0.0,1150912.3775902642,0.0,0,1185065.3178422241,0.028819458081978035
2022-02-02,1150912.3775902642,0.0,1150912.3775902642,0.0,0,1185065.3178422241,0.028819458081978035
2022-02-03,1150912.3775902642,0.0,1150912.3775902642,0.0,0,1185065.3178422241,0.028819458081978035
2022-02-04,1150912.3775902642,0.0,1150912.3775902642,0.0,0,1185065.3178422241,0.028819458081978035
2022-02-07,1150912.3775902642,0.0,1150912.3775902642,0.0,0,1185065.3178422241,0.028819458081978035
2022-02-08,1150912.3775902642,0.0,1150912.3775902642,0.0,0,1185065.3178422241,0.028819458081978035
2022-02-09,1150912.3775902642,0.0,1150912.3775902642,0.0,0,1185065.3178422241,0.028819458081978035
2022-02-10,1150912.3775902642,0.0,1150912.3775902642,0.0,0,1185065.3178422241,0.028819458081978035
2022-02-11,1150912.3775902642,0.0,1150912.3775902642,0.0,0,1185065.3178422241,0.028819458081978035
2022-02-14,1150912.3775902642,0.0,1150912.3775902642,0.0,0,1185065.3178422241,0.028819458081978035
2022-02-15,1150912.3775902642,0.0,1150912.3775902642,0.0,0,1185065.3178422241,0.028819458081978035
2022-02-16,1150912.3775902642,0.0,1150912.3775902642,0.0,0,1185065.3178422241,0.028819458081978035
2022-02-17,1150912.3775902642,0.0,1150912.3775902642,0.0,0,1185065.3178422241,0.028819458081978035
2022-02-18,1150912.3775902642,0.0,1150912.3775902642,0.0,0,1185065.3178422241,0.028819458081978035
2022-02-21,1150912.3775902642,0.0,1150912.3775902642,0.0,0,1185065.3178422241,0.028819458081978035
2022-02-22,1150912.3775902642,0.0,1150912.3775902642,0.0,0,1185065.3178422241,0.028819458081978035
2022-02-23,1102862.0470703233,47993.39950162371,1150855.446571947,-56.93101831721308,1,1185065.3178422241,0.028867498487397017
2022-02-24,1102862.0470703233,46793.47674560547,1149655.5238159287,-1256.8537743354539,1,1185065.3178422241,0.029880035718849524
2022-02-25,770658.283078125,378811.58463614236,1149469.8677142672,-1442.5098759968441,4,1185065.3178422241,0.03003669889923822
2022-02-28,770658.283078125,383557.54597473145,1154215.8290528564,3303.451462592255,4,1185065.3178422241,0.02603188898105524
2022-03-02,895911.0511030566,264716.6162414551,1160627.6673445117,-1452.1722339077692,3,1185065.3178422241,0.0206213532113223
2022-03-03,983957.1249706664,171035.1522216797,1154992.277192346,-1094.3986835466114,2,1185065.3178422241,0.02537669459826511
2022-03-04,1101973.9134833605,50063.14514160156,1152037.058624962,2012.81462166064,1,1185065.3178422241,0.02787041247430997
2022-03-07,1101973.9134833605,46944.057067871094,1148917.9705512316,-1106.2734520698289,1,1185065.3178422241,0.030502409231593974
2022-03-08,1101973.9134833605,45703.591735839844,1147677.5052192004,-2346.7387841010786,1,1185065.3178422241,0.03154915772161805
2022-03-09,1101973.9134833605,46205.52020263672,1148179.4336859973,-1844.8103173042039,1,1185065.3178422241,0.03112561274123605
2022-03-10,1101973.9134833605,44900.52490234375,1146874.4383857043,-3149.8056175971724,1,1185065.3178422241,0.03222681389921873
2022-03-11,1101973.9134833605,43997.060791015625,1145970.9742743762,-4053.2697289252974,1,1185065.3178422241,0.03298918884828327
2022-03-14,1101973.9134833605,42849.805908203125,1144823.7193915637,-5200.524611737797,1,1185065.3178422241,0.03395728306683776
2022-03-15,1101973.9134833605,43832.14245605468,1145806.0559394152,-4218.188063886242,1,1185065.3178422241,0.033128352768176925
2022-03-16,1101973.9134833605,43301.53350830078,1145275.4469916613,-4748.797011640141,1,1185065.3178422241,0.033576099352069906
2022-03-17,1101973.9134833605,43036.23571777344,1145010.149201134,-5014.094802167485,1,1185065.3178422241,0.033799967004369776
2022-03-21,1144183.4169863183,0.0,1144183.4169863183,0.0,0,1185065.3178422241,0.034497592867154286
2022-03-22,1144183.4169863183,0.0,1144183.4169863183,0.0,0,1185065.3178422241,0.034497592867154286
2022-03-23,1144183.4169863183,0.0,1144183.4169863183,0.0,0,1185065.3178422241,0.034497592867154286
2022-03-24,1144183.4169863183,0.0,1144183.4169863183,0.0,0,1185065.3178422241,0.034497592867154286
2022-03-25,1144183.4169863183,0.0,1144183.4169863183,0.0,0,1185065.3178422241,0.034497592867154286
2022-03-28,1144183.4169863183,0.0,1144183.4169863183,0.0,0,1185065.3178422241,0.034497592867154286
2022-03-29,1144183.4169863183,0.0,1144183.4169863183,0.0,0,1185065.3178422241,0.034497592867154286
2022-03-30,1144183.4169863183,0.0,1144183.4169863183,0.0,0,1185065.3178422241,0.034497592867154286
2022-03-31,1144183.4169863183,0.0,1144183.4169863183,0.0,0,1185065.3178422241,0.034497592867154286
2022-04-01,1144183.4169863183,0.0,1144183.4169863183,0.0,0,1185065.3178422241,0.034497592867154286
2022-04-04,1144183.4169863183,0.0,1144183.4169863183,0.0,0,1185065.3178422241,0.034497592867154286
2022-04-05,1144183.4169863183,0.0,1144183.4169863183,0.0,0,1185065.3178422241,0.034497592867154286
2022-04-06,1144183.4169863183,0.0,1144183.4169863183,0.0,0,1185065.3178422241,0.034497592867154286
2022-04-07,1144183.4169863183,0.0,1144183.4169863183,0.0,0,1185065.3178422241,0.034497592867154286
2022-04-08,1144183.4169863183,0.0,1144183.4169863183,0.0,0,1185065.3178422241,0.034497592867154286
2022-04-11,1144183.4169863183,0.0,1144183.4169863183,0.0,0,1185065.3178422241,0.034497592867154286
2022-04-12,1144183.4169863183,0.0,1144183.4169863183,0.0,0,1185065.3178422241,0.034497592867154286
2022-04-13,1144183.4169863183,0.0,1144183.4169863183,0.0,0,1185065.3178422241,0.034497592867154286
2022-04-18,1144183.4169863183,0.0,1144183.4169863183,0.0,0,1185065.3178422241,0.034497592867154286
2022-04-19,1144183.4169863183,0.0,1144183.4169863183,0.0,0,1185065.3178422241,0.034497592867154286
2022-04-20,1144183.4169863183,0.0,1144183.4169863183,0.0,0,1185065.3178422241,0.034497592867154286
2022-04-21,1144183.4169863183,0.0,1144183.4169863183,0.0,0,1185065.3178422241,0.034497592867154286
2022-04-22,1144183.4169863183,0.0,1144183.4169863183,0.0,0,1185065.3178422241,0.034497592867154286
2022-04-25,1144183.4169863183,0.0,1144183.4169863183,0.0,0,1185065.3178422241,0.034497592867154286
2022-04-26,1144183.4169863183,0.0,1144183.4169863183,0.0,0,1185065.3178422241,0.034497592867154286
2022-04-27,1144183.4169863183,0.0,1144183.4169863183,0.0,0,1185065.3178422241,0.034497592867154286
2022-04-28,1144183.4169863183,0.0,1144183.4169863183,0.0,0,1185065.3178422241,0.034497592867154286
2022-04-29,1144183.4169863183,0.0,1144183.4169863183,0.0,0,1185065.3178422241,0.034497592867154286
2022-05-02,1144183.4169863183,0.0,1144183.4169863183,0.0,0,1185065.3178422241,0.034497592867154286
2022-05-04,1144183.4169863183,0.0,1144183.4169863183,0.0,0,1185065.3178422241,0.034497592867154286
2022-05-05,1144183.4169863183,0.0,1144183.4169863183,0.0,0,1185065.3178422241,0.034497592867154286
2022-05-06,1144183.4169863183,0.0,1144183.4169863183,0.0,0,1185065.3178422241,0.034497592867154286
2022-05-09,1144183.4169863183,0.0,1144183.4169863183,0.0,0,1185065.3178422241,0.034497592867154286
2022-05-10,1144183.4169863183,0.0,1144183.4169863183,0.0,0,1185065.3178422241,0.034497592867154286
2022-05-11,1144183.4169863183,0.0,1144183.4169863183,0.0,0,1185065.3178422241,0.034497592867154286
2022-05-12,1144183.4169863183,0.0,1144183.4169863183,0.0,0,1185065.3178422241,0.034497592867154286
2022-05-13,1061461.2012646773,82624.20474174703,1144085.4060064245,-98.0109798939836,1,1185065.3178422241,0.0345802979960769
2022-05-16,845760.6914043617,297992.0469824318,1143752.7383867935,-430.6785995248712,3,1185065.3178422241,0.034861014691285434
2022-05-17,845760.6914043617,301969.4838256836,1147730.1752300453,3546.7582437269384,3,1185065.3178422241,0.031504712904904614
2022-05-18,845760.6914043617,299893.33880615234,1145654.030210514,1470.6132241956884,3,1185065.3178422241,0.03325663745140262
2022-05-19,922608.4333690089,220118.0962524414,1142726.5296214502,4417.586392125766,2,1185065.3178422241,0.03572696591768013
2022-05-20,922608.4333690089,225852.31134033203,1148460.7447093409,10151.801480016391,2,1185065.3178422241,0.03088823255711607
2022-05-23,1035760.6226945975,115525.41943359375,1151286.0421281913,1847.4827417161969,1,1185065.3178422241,0.028504146738121048
2022-05-24,1035760.6226945975,113024.84930419922,1148785.4719987968,-653.0873876783345,1,1185065.3178422241,0.030614216193151248
2022-05-25,1035760.6226945975,117448.87280273438,1153209.495497332,3770.936110856822,1,1185065.3178422241,0.02688106880293781
2022-05-26,1035760.6226945975,118602.99865722656,1154363.6213518241,4925.061965349009,1,1185065.3178422241,0.025907176615633208
2022-05-27,1035760.6226945975,115756.21499633789,1151516.8376909355,2078.2783044603375,1,1185065.3178422241,0.02830939328506719
2022-05-30,1035760.6226945975,116102.45544433594,1151863.0781389335,2424.5187524583844,1,1185065.3178422241,0.028017223357566078
2022-05-31,1035760.6226945975,120026.37030029297,1155786.9929948905,6348.433608415416,1,1185065.3178422241,0.024706085315739215
2022-06-01,1035760.6226945975,120641.923828125,1156402.5465227226,6963.987136247447,1,1185065.3178422241,0.024186659492905386
2022-06-02,1035760.6226945975,122373.05877685547,1158133.681471453,8695.122084977915,1,1185065.3178422241,0.02272586663814314
2022-06-03,1035760.6226945975,119256.98895263672,1155017.6116472343,5579.052260759166,1,1185065.3178422241,0.02535531648981251
2022-06-06,1035760.6226945975,119410.87060546875,1155171.4933000663,5732.933913591197,1,1185065.3178422241,0.025225465712378384
2022-06-07,1035760.6226945975,120988.13735961914,1156748.7600542167,7310.2006677415875,1,1185065.3178422241,0.0238945122785016
2022-06-08,1035760.6226945975,120834.25570678711,1156594.8784013847,7156.319014909556,1,1185065.3178422241,0.024024363055935725
2022-06-09,1035760.6226945975,119372.39346313477,1155133.0161577323,5694.4567712572125,1,1185065.3178422241,0.025257934085011247
2022-06-10,1035760.6226945975,119449.33428955078,1155209.9569841484,5771.397597673228,1,1185065.3178422241,0.025193008696294185
2022-06-13,1035760.6226945975,114563.63891601562,1150324.2616106132,885.7022241380718,1,1185065.3178422241,0.029315731131907326
2022-06-14,1035760.6226945975,116487.14611816406,1152247.7688127616,2809.2094262865094,1,1185065.3178422241,0.02769260777052943
2022-06-15,1035760.6226945975,113986.60290527344,1149747.225599871,308.66621339588426,1,1185065.3178422241,0.0298026545124623
2022-06-16,1035760.6226945975,109985.70684814453,1145746.329542742,-3692.229843733022,1,1185065.3178422241,0.03317875201265222
2022-06-17,1143420.7709041839,0.0,1143420.7709041839,0.0,0,1185065.3178422241,0.03514114058612988
2022-06-20,1143420.7709041839,0.0,1143420.7709041839,0.0,0,1185065.3178422241,0.03514114058612988
2022-06-21,1143420.7709041839,0.0,1143420.7709041839,0.0,0,1185065.3178422241,0.03514114058612988
2022-06-22,1143420.7709041839,0.0,1143420.7709041839,0.0,0,1185065.3178422241,0.03514114058612988
2022-06-23,1143420.7709041839,0.0,1143420.7709041839,0.0,0,1185065.3178422241,0.03514114058612988
2022-06-24,1143420.7709041839,0.0,1143420.7709041839,0.0,0,1185065.3178422241,0.03514114058612988
2022-06-27,1143420.7709041839,0.0,1143420.7709041839,0.0,0,1185065.3178422241,0.03514114058612988
2022-06-28,1143420.7709041839,0.0,1143420.7709041839,0.0,0,1185065.3178422241,0.03514114058612988
2022-06-29,1143420.7709041839,0.0,1143420.7709041839,0.0,0,1185065.3178422241,0.03514114058612988
2022-06-30,1143420.7709041839,0.0,1143420.7709041839,0.0,0,1185065.3178422241,0.03514114058612988
2022-07-01,1143420.7709041839,0.0,1143420.7709041839,0.0,0,1185065.3178422241,0.03514114058612988
2022-07-04,1143420.7709041839,0.0,1143420.7709041839,0.0,0,1185065.3178422241,0.03514114058612988
2022-07-05,1143420.7709041839,0.0,1143420.7709041839,0.0,0,1185065.3178422241,0.03514114058612988
2022-07-06,1143420.7709041839,0.0,1143420.7709041839,0.0,0,1185065.3178422241,0.03514114058612988
2022-07-07,1143420.7709041839,0.0,1143420.7709041839,0.0,0,1185065.3178422241,0.03514114058612988
2022-07-08,1143420.7709041839,0.0,1143420.7709041839,0.0,0,1185065.3178422241,0.03514114058612988
2022-07-11,1143420.7709041839,0.0,1143420.7709041839,0.0,0,1185065.3178422241,0.03514114058612988
2022-07-12,1143420.7709041839,0.0,1143420.7709041839,0.0,0,1185065.3178422241,0.03514114058612988
2022-07-13,1143420.7709041839,0.0,1143420.7709041839,0.0,0,1185065.3178422241,0.03514114058612988
2022-07-14,1143420.7709041839,0.0,1143420.7709041839,0.0,0,1185065.3178422241,0.03514114058612988
2022-07-15,1143420.7709041839,0.0,1143420.7709041839,0.0,0,1185065.3178422241,0.03514114058612988
2022-07-18,1143420.7709041839,0.0,1143420.7709041839,0.0,0,1185065.3178422241,0.03514114058612988
2022-07-19,1143420.7709041839,0.0,1143420.7709041839,0.0,0,1185065.3178422241,0.03514114058612988
2022-07-20,1143420.7709041839,0.0,1143420.7709041839,0.0,0,1185065.3178422241,0.03514114058612988
2022-07-21,1143420.7709041839,0.0,1143420.7709041839,0.0,0,1185065.3178422241,0.03514114058612988
2022-07-22,1143420.7709041839,0.0,1143420.7709041839,0.0,0,1185065.3178422241,0.03514114058612988
2022-07-25,1143420.7709041839,0.0,1143420.7709041839,0.0,0,1185065.3178422241,0.03514114058612988
2022-07-26,1143420.7709041839,0.0,1143420.7709041839,0.0,0,1185065.3178422241,0.03514114058612988
2022-07-27,1143420.7709041839,0.0,1143420.7709041839,0.0,0,1185065.3178422241,0.03514114058612988
2022-07-28,1143420.7709041839,0.0,1143420.7709041839,0.0,0,1185065.3178422241,0.03514114058612988
2022-07-29,1143420.7709041839,0.0,1143420.7709041839,0.0,0,1185065.3178422241,0.03514114058612988
2022-08-01,1143420.7709041839,0.0,1143420.7709041839,0.0,0,1185065.3178422241,0.03514114058612988
2022-08-02,1143420.7709041839,0.0,1143420.7709041839,0.0,0,1185065.3178422241,0.03514114058612988
2022-08-03,1143420.7709041839,0.0,1143420.7709041839,0.0,0,1185065.3178422241,0.03514114058612988
2022-08-04,1143420.7709041839,0.0,1143420.7709041839,0.0,0,1185065.3178422241,0.03514114058612988
2022-08-05,1143420.7709041839,0.0,1143420.7709041839,0.0,0,1185065.3178422241,0.03514114058612988
2022-08-08,1143420.7709041839,0.0,1143420.7709041839,0.0,0,1185065.3178422241,0.03514114058612988
2022-08-10,1143420.7709041839,0.0,1143420.7709041839,0.0,0,1185065.3178422241,0.03514114058612988
2022-08-11,1143420.7709041839,0.0,1143420.7709041839,0.0,0,1185065.3178422241,0.03514114058612988
2022-08-12,1143420.7709041839,0.0,1143420.7709041839,0.0,0,1185065.3178422241,0.03514114058612988
2022-08-16,1143420.7709041839,0.0,1143420.7709041839,0.0,0,1185065.3178422241,0.03514114058612988
2022-08-17,1143420.7709041839,0.0,1143420.7709041839,0.0,0,1185065.3178422241,0.03514114058612988
2022-08-18,1143420.7709041839,0.0,1143420.7709041839,0.0,0,1185065.3178422241,0.03514114058612988
2022-08-19,1143420.7709041839,0.0,1143420.7709041839,0.0,0,1185065.3178422241,0.03514114058612988
2022-08-22,1143420.7709041839,0.0,1143420.7709041839,0.0,0,1185065.3178422241,0.03514114058612988
2022-08-23,1143420.7709041839,0.0,1143420.7709041839,0.0,0,1185065.3178422241,0.03514114058612988
2022-08-24,1143420.7709041839,0.0,1143420.7709041839,0.0,0,1185065.3178422241,0.03514114058612988
2022-08-25,1143420.7709041839,0.0,1143420.7709041839,0.0,0,1185065.3178422241,0.03514114058612988
2022-08-26,1143420.7709041839,0.0,1143420.7709041839,0.0,0,1185065.3178422241,0.03514114058612988
2022-08-29,1143420.7709041839,0.0,1143420.7709041839,0.0,0,1185065.3178422241,0.03514114058612988
2022-08-30,1143420.7709041839,0.0,1143420.7709041839,0.0,0,1185065.3178422241,0.03514114058612988
2022-09-01,1143420.7709041839,0.0,1143420.7709041839,0.0,0,1185065.3178422241,0.03514114058612988
2022-09-02,1143420.7709041839,0.0,1143420.7709041839,0.0,0,1185065.3178422241,0.03514114058612988
2022-09-05,1143420.7709041839,0.0,1143420.7709041839,0.0,0,1185065.3178422241,0.03514114058612988
2022-09-06,1143420.7709041839,0.0,1143420.7709041839,0.0,0,1185065.3178422241,0.03514114058612988
2022-09-07,955705.2908182121,187493.07093041422,1143198.3617486262,-222.40915555750152,1,1185065.3178422241,0.03532881729239161
2022-09-08,955705.2908182121,186872.748046875,1142578.038865087,-842.7320390967235,1,1185065.3178422241,0.03585226766613862
2022-09-09,955705.2908182121,185694.8203125,1141400.111130712,-2020.6597734717234,1,1185065.3178422241,0.03684624472093909
2022-09-12,955705.2908182121,185694.8203125,1141400.111130712,-2020.6597734717234,1,1185065.3178422241,0.03684624472093909
2022-09-13,955705.2908182121,191200.2890625,1146905.579880712,3484.8089765282766,1,1185065.3178422241,0.032200535605069934
2022-09-14,955705.2908182121,190655.8330078125,1146361.1238260246,2940.3529218407766,1,1185065.3178422241,0.03265996686720395
2022-09-15,955705.2908182121,189360.90087890625,1145066.1916971183,1645.4207929345266,1,1185065.3178422241,0.03375267636549901
2022-09-16,955705.2908182121,185188.5439453125,1140893.8347635246,-2526.9361406592234,1,1185065.3178422241,0.037273458613342365
2022-09-19,948291.2877701728,188741.29975337634,1137032.587523549,-223.88983704124857,1,1185065.3178422241,0.0405317155058874
2022-09-20,826045.5880924233,309655.26915385283,1135700.857246276,-1555.6201143142657,2,1185065.3178422241,0.041655476582363696
2022-09-21,826045.5880924233,311488.56298828125,1137534.1510807045,277.6737201141391,2,1185065.3178422241,0.040108478449158165
2022-09-22,826045.5880924233,316692.7302246094,1142738.3183170327,5481.840956442264,2,1185065.3178422241,0.03571701819968946
2022-09-23,942422.2715855549,194705.04345703125,1137127.315042586,5739.85386661366,1,1185065.3178422241,0.040451781077286066
2022-09-26,942422.2715855549,193144.24365234375,1135566.5152378986,4179.05406192616,1,1185065.3178422241,0.0417688391172002
2022-09-27,727617.2781997111,409052.28587020584,1136669.564069917,5282.102893944507,3,1185065.3178422241,0.040838047526719067
2022-09-28,727617.2781997111,409190.1396713257,1136807.4178710368,5419.956695064332,3,1185065.3178422241,0.04072172161704613
2022-09-29,727617.2781997111,409631.5332260132,1137248.8114257243,5861.350249751832,3,1185065.3178422241,0.04034925813504061
2022-09-30,341910.76991005044,803232.8500912176,1145143.620001268,13756.158825295446,6,1185065.3178422241,0.03368733962584085
2022-10-03,341910.76991005044,787375.2099533081,1129285.9798633587,-2101.481312613968,6,1185065.3178422241,0.04706857684471682
2022-10-04,173252.53032930393,973216.9980003648,1146469.5283296686,15082.067153696098,7,1185065.3178422241,0.03256849131559354
2022-10-06,173252.53032930393,976951.8096618652,1150204.339991169,18816.878815196655,7,1185065.3178422241,0.029416925232889465
2022-10-07,173252.53032930393,982033.8679504395,1155286.3982797433,23898.937103770862,7,1185065.3178422241,0.02512850482933933
2022-10-10,335733.99936514255,809143.4567260742,1144877.4560912168,19666.765460152143,6,1185065.3178422241,0.0339119381404071
2022-10-11,434230.61724684027,699413.7302246094,1133644.3474714495,14396.900561513066,5,1185065.3178422241,0.043390832215394096
2022-10-12,548463.2986037086,592145.350692749,1140608.6492964576,10296.769096987664,4,1185065.3178422241,0.03751410819001398
2022-10-13,548463.2986037086,586071.7565460205,1134535.0551497291,4223.174950259149,4,1185065.3178422241,0.04263922159539771
2022-10-14,548463.2986037086,586728.7906112671,1135192.0892149757,4880.209015505716,4,1185065.3178422241,0.04208479302901041
2022-10-17,548463.2986037086,591922.1309127808,1140385.4295164894,10073.549317019388,4,1185065.3178422241,0.037702468929804
2022-10-18,548463.2986037086,600201.177192688,1148664.4757963966,18352.595596926614,4,1185065.3178422241,0.030716317065211614
2022-10-19,548463.2986037086,598788.6745986938,1147251.9732024025,16940.093002932488,4,1185065.3178422241,0.03190823667734408
2022-10-20,548463.2986037086,597842.2913131714,1146305.58991688,15993.709717410013,4,1185065.3178422241,0.03270682834252389
2022-10-21,548463.2986037086,597045.1735229492,1145508.4721266578,15196.59192718786,4,1185065.3178422241,0.033379464507147766
2022-10-24,728605.5663388621,414783.26010894775,1143388.8264478098,2098.637926594176,3,1185065.3178422241,0.03516809644745929
2022-10-25,911401.291161411,228353.42934417725,1139754.7205055882,4633.996752241229,2,1185065.3178422241,0.03823468348490512
2022-10-27,911401.291161411,230858.09162902832,1142259.3827904393,7138.659037092317,2,1185065.3178422241,0.03612116092446804
2022-10-28,911401.291161411,225254.697265625,1136655.988427036,1535.2646736889965,2,1185065.3178422241,0.04084950313399791
2022-10-31,911401.291161411,230136.21549224854,1141537.5066536595,6416.782900312532,2,1185065.3178422241,0.036730305522585376
2022-11-01,911401.291161411,235726.26517486572,1147127.5563362767,12006.83258292972,2,1185065.3178422241,0.03201322402635562
2022-11-02,911401.291161411,234870.64742279053,1146271.9385842015,11151.214830854524,2,1185065.3178422241,0.03273522452640663
2022-11-03,1034609.0265307162,118747.958984375,1153356.985515091,7111.213665866172,1,1185065.3178422241,0.02675661151308336
2022-11-04,1034609.0265307162,118550.982421875,1153160.008952591,6914.237103366172,1,1185065.3178422241,0.02692282729843657
2022-11-07,1034609.0265307162,120113.91796875,1154722.944499466,8477.172650241173,1,1185065.3178422241,0.02560396704377921
2022-11-09,1034609.0265307162,114280.064453125,1148889.090983841,2643.319134616172,1,1185065.3178422241,0.030526778831274037
2022-11-10,1034609.0265307162,116599.61376953125,1151208.6403002474,4962.868451022422,1,1185065.3178422241,0.028569461136220987
2022-11-11,1034609.0265307162,116192.80224609375,1150801.8287768099,4556.056927584922,1,1185065.3178422241,0.02891274307799465
2022-11-14,1034609.0265307162,111382.48095703125,1145991.5074877474,-254.26436147757778,1,1185065.3178422241,0.03297186219711727
2022-11-15,1034609.0265307162,111480.05078125,1146089.077311966,-156.69453725882778,1,1185065.3178422241,0.032889529330945466
2022-11-16,1034609.0265307162,111767.2216796875,1146376.2482104036,130.47636117867222,1,1185065.3178422241,0.03264720437711053
2022-11-17,1034609.0265307162,114953.8408203125,1149562.8673510286,3317.095501803672,1,1185065.3178422241,0.029958222518771095
2022-11-18,1034609.0265307162,113865.8681640625,1148474.8946947786,2229.122845553672,1,1185065.3178422241,0.030876292299288333
2022-11-21,1034609.0265307162,113508.7275390625,1148117.7540697786,1871.9822205536723,1,1185065.3178422241,0.031177660181398226
2022-11-22,1034609.0265307162,112643.50390625,1147252.530436966,1006.7585877411723,1,1185065.3178422241,0.03190776646312446
2022-11-23,1034609.0265307162,114110.70654296875,1148719.7330736849,2473.961224459922,1,1185065.3178422241,0.030669689021629296
2022-11-24,1034609.0265307162,115055.10302734375,1149664.1295580599,3418.357708834922,1,1185065.3178422241,0.029872773889478975
2022-11-25,1034609.0265307162,113799.5908203125,1148408.6173510286,2162.845501803672,1,1185065.3178422241,0.030932219464442974
2022-11-28,1034609.0265307162,114259.8212890625,1148868.8478197786,2623.075970553672,1,1185065.3178422241,0.030543860728581906
2022-11-29,1034609.0265307162,111014.30029296875,1145623.3268236849,-622.4450255400777,1,1185065.3178422241,0.0332825460543859
2022-11-30,1034609.0265307162,110480.44482421875,1145089.4713549349,-1156.3004942900777,1,1185065.3178422241,0.03373303216744003
2022-12-01,1034609.0265307162,110228.240234375,1144837.266765091,-1408.5050841338277,1,1185065.3178422241,0.0339458513142386
2022-12-02,1034609.0265307162,109648.34130859375,1144257.3678393099,-1988.4040099150777,1,1185065.3178422241,0.03443519052369005
2022-12-05,1034609.0265307162,109556.29150390625,1144165.3180346224,-2080.453814602578,1,1185065.3178422241,0.03451286540228248
2022-12-06,1034609.0265307162,108396.53076171875,1143005.5572924349,-3240.214556790078,1,1185065.3178422241,0.03549151250698318
2022-12-07,1034609.0265307162,109315.13623046875,1143924.1627611849,-2321.609088040078,1,1185065.3178422241,0.03471636074537176
2022-12-08,1034609.0265307162,110025.7158203125,1144634.7423510286,-1611.0294981963277,1,1185065.3178422241,0.03411674857282284
2022-12-09,1034609.0265307162,109594.94091796875,1144203.9674486849,-2041.8044005400777,1,1185065.3178422241,0.03448025166067635
2022-12-12,1034609.0265307162,110138.01806640625,1144747.0445971224,-1498.7272521025777,1,1185065.3178422241,0.03402198396837198
2022-12-13,1034609.0265307162,110202.44921875,1144811.475749466,-1434.2960997588277,1,1185065.3178422241,0.0339676146847775
2022-12-14,1034609.0265307162,110701.34765625,1145310.374186966,-935.3976622588277,1,1185065.3178422241,0.03354662655020919
2022-12-15,1034609.0265307162,107884.74609375,1142493.772624466,-3751.999224758828,1,1185065.3178422241,0.035923374498270384
2022-12-16,1140300.2824242422,0.0,1140300.2824242422,0.0,0,1185065.3178422241,0.03777431905567064
2022-12-19,1024524.015536539,115639.09278922023,1140163.1083257592,-137.17409848298556,1,1185065.3178422241,0.037890071408235325
2022-12-20,1024524.015536539,112224.36914062499,1136748.384677164,-3551.897747078231,1,1185065.3178422241,0.04077153591249802
2022-12-21,1024524.015536539,112509.40039062499,1137033.415927164,-3266.866497078231,1,1185065.3178422241,0.04053101646963812
2022-12-22,1024524.015536539,114240.61523437499,1138764.630770914,-1535.6516533282309,1,1185065.3178422241,0.0390701561966346
2022-12-23,1024524.015536539,112963.3271484375,1137487.3426849765,-2812.9397392657165,1,1185065.3178422241,0.04014797702786371
2022-12-26,176.1510708377439,1139866.127721446,1140042.2787922837,-258.0036319583843,10,1185065.3178422241,0.03799203163916627
2022-12-27,176.1510708377439,1150142.2981376648,1150318.4492085024,10018.166784260355,10,1185065.3178422241,0.02932063584224124
2022-12-28,176.1510708377439,1152241.9680862427,1152418.1191570803,12117.83673283819,10,1185065.3178422241,0.02754886012915145
2022-12-29,176.1510708377439,1154918.0228538513,1155094.173924689,14793.891500446849,10,1185065.3178422241,0.025290710534088438
2022-12-30,176.1510708377439,1165995.5155410767,1166171.6666119143,25871.38418767219,10,1185065.3178422241,0.01594313068305092
2023-01-02,133770.3972948091,1045855.6456298828,1179626.042924692,28299.62414081391,9,1185065.3178422241,0.004589852420486068
2023-01-03,133770.3972948091,1046009.3939666748,1179779.791261484,28453.372477605917,9,1185065.3178422241,0.004460114139838434
2023-01-04,133770.3972948091,1029064.6828575134,1162835.0801523225,11508.661368444533,9,1185065.3178422241,0.018758660265561222
2023-01-05,133770.3972948091,1030944.444568634,1164714.8418634431,13388.423079565138,9,1185065.3178422241,0.017172450895647933
2023-01-06,240675.22605719315,918733.8355674744,1159409.0616246676,13992.524736618838,8,1185065.3178422241,0.021649655787979387
2023-01-09,240675.22605719315,930029.700340271,1170704.9263974642,25288.38950941547,8,1185065.3178422241,0.012117805853020337
2023-01-10,240675.22605719315,924102.2752761841,1164777.5013333773,19360.96444532855,8,1185065.3178422241,0.017119576620288773
2023-01-11,285096.14501128765,883043.6777773048,1168139.8227885924,11671.59808748264,8,1185065.3178422241,0.014282330938896928
2023-01-12,285096.14501128765,878909.2669219971,1164005.4119332847,7537.187232174958,8,1185065.3178422241,0.01777109294472094
2023-01-13,285096.14501128765,887404.3336791992,1172500.4786904869,16032.253989377108,8,1185065.3178422241,0.01060265536638557
2023-01-16,285096.14501128765,886632.29637146,1171728.4413827476,15260.21668163785,8,1185065.3178422241,0.011254127733448839
2023-01-17,285096.14501128765,882689.7883453369,1167785.9333566246,11317.708655514833,8,1185065.3178422241,0.014580955349416535
2023-01-18,285096.14501128765,880238.1735687256,1165334.3185800132,8866.093878903475,8,1185065.3178422241,0.01664971454749622
2023-01-19,372020.24173169816,792237.7931365967,1164258.0348682948,13828.383550113615,6,1185065.3178422241,0.017557920783485052
2023-01-20,372020.24173169816,791123.6064453125,1163143.8481770107,12714.196858829493,6,1185065.3178422241,0.018498110893269804
2023-01-23,498853.3839587538,669742.0126342773,1168595.396593031,7108.869935497583,5,1185065.3178422241,0.013897901660966414
2023-01-24,498853.3839587538,667932.2310943604,1166785.615053114,5299.088395580562,5,1185065.3178422241,0.01542505928904742
2023-01-25,800961.0384628247,349586.62268066406,1150547.6611434887,1118.869198188232,3,1185065.3178422241,0.029127218710261
2023-01-27,898242.5638892901,246914.4536743164,1145157.0175636066,1705.135483565754,2,1185065.3178422241,0.0336760342892178
2023-01-30,1043724.1400171935,95430.50390625,1139154.6439234435,1806.6596804388832,1,1185065.3178422241,0.038741049313952704
2023-01-31,1043724.1400171935,102641.93041992188,1146366.0704371154,9018.086194110758,1,1185065.3178422241,0.032655792741933115
2023-02-01,1043724.1400171935,99910.73657226562,1143634.8765894591,6286.892346454508,1,1185065.3178422241,0.034960470641569256
2023-02-02,1148412.946320738,0.0,1148412.946320738,0.0,0,1185065.3178422241,0.03092856652679965
2023-02-03,1148412.946320738,0.0,1148412.946320738,0.0,0,1185065.3178422241,0.03092856652679965
2023-02-06,1148412.946320738,0.0,1148412.946320738,0.0,0,1185065.3178422241,0.03092856652679965
2023-02-07,1148412.946320738,0.0,1148412.946320738,0.0,0,1185065.3178422241,0.03092856652679965
2023-02-08,1148412.946320738,0.0,1148412.946320738,0.0,0,1185065.3178422241,0.03092856652679965
2023-02-09,1148412.946320738,0.0,1148412.946320738,0.0,0,1185065.3178422241,0.03092856652679965
2023-02-10,1148412.946320738,0.0,1148412.946320738,0.0,0,1185065.3178422241,0.03092856652679965
2023-02-13,1148412.946320738,0.0,1148412.946320738,0.0,0,1185065.3178422241,0.03092856652679965
2023-02-14,1148412.946320738,0.0,1148412.946320738,0.0,0,1185065.3178422241,0.03092856652679965
2023-02-15,1148412.946320738,0.0,1148412.946320738,0.0,0,1185065.3178422241,0.03092856652679965
2023-02-16,1148412.946320738,0.0,1148412.946320738,0.0,0,1185065.3178422241,0.03092856652679965
2023-02-17,1148412.946320738,0.0,1148412.946320738,0.0,0,1185065.3178422241,0.03092856652679965
2023-02-20,1148412.946320738,0.0,1148412.946320738,0.0,0,1185065.3178422241,0.03092856652679965
2023-02-21,1148412.946320738,0.0,1148412.946320738,0.0,0,1185065.3178422241,0.03092856652679965
2023-02-22,1148412.946320738,0.0,1148412.946320738,0.0,0,1185065.3178422241,0.03092856652679965
2023-02-23,1148412.946320738,0.0,1148412.946320738,0.0,0,1185065.3178422241,0.03092856652679965
2023-02-24,1148412.946320738,0.0,1148412.946320738,0.0,0,1185065.3178422241,0.03092856652679965
2023-02-27,1148412.946320738,0.0,1148412.946320738,0.0,0,1185065.3178422241,0.03092856652679965
2023-02-28,1148412.946320738,0.0,1148412.946320738,0.0,0,1185065.3178422241,0.03092856652679965
2023-03-01,1148412.946320738,0.0,1148412.946320738,0.0,0,1185065.3178422241,0.03092856652679965
2023-03-02,1148412.946320738,0.0,1148412.946320738,0.0,0,1185065.3178422241,0.03092856652679965
2023-03-03,1148412.946320738,0.0,1148412.946320738,0.0,0,1185065.3178422241,0.03092856652679965
2023-03-06,1148412.946320738,0.0,1148412.946320738,0.0,0,1185065.3178422241,0.03092856652679965
2023-03-08,1148412.946320738,0.0,1148412.946320738,0.0,0,1185065.3178422241,0.03092856652679965
2023-03-09,1148412.946320738,0.0,1148412.946320738,0.0,0,1185065.3178422241,0.03092856652679965
2023-03-10,1148412.946320738,0.0,1148412.946320738,0.0,0,1185065.3178422241,0.03092856652679965
2023-03-13,1148412.946320738,0.0,1148412.946320738,0.0,0,1185065.3178422241,0.03092856652679965
2023-03-14,1148412.946320738,0.0,1148412.946320738,0.0,0,1185065.3178422241,0.03092856652679965
2023-03-15,1148412.946320738,0.0,1148412.946320738,0.0,0,1185065.3178422241,0.03092856652679965
2023-03-16,1148412.946320738,0.0,1148412.946320738,0.0,0,1185065.3178422241,0.03092856652679965
2023-03-17,1148412.946320738,0.0,1148412.946320738,0.0,0,1185065.3178422241,0.03092856652679965
2023-03-20,1148412.946320738,0.0,1148412.946320738,0.0,0,1185065.3178422241,0.03092856652679965
2023-03-21,1148412.946320738,0.0,1148412.946320738,0.0,0,1185065.3178422241,0.03092856652679965
2023-03-22,1148412.946320738,0.0,1148412.946320738,0.0,0,1185065.3178422241,0.03092856652679965
2023-03-23,1148412.946320738,0.0,1148412.946320738,0.0,0,1185065.3178422241,0.03092856652679965
2023-03-24,1148412.946320738,0.0,1148412.946320738,0.0,0,1185065.3178422241,0.03092856652679965
2023-03-27,1148412.946320738,0.0,1148412.946320738,0.0,0,1185065.3178422241,0.03092856652679965
2023-03-28,1148412.946320738,0.0,1148412.946320738,0.0,0,1185065.3178422241,0.03092856652679965
2023-03-29,978009.5502568015,170201.4986210332,1148211.0488778348,-201.89744290323372,1,1185065.3178422241,0.03109893472496003
2023-03-31,978009.5502568015,171193.10302734375,1149202.6532841453,789.7069634073027,1,1185065.3178422241,0.030262183879769488
2023-04-03,978009.5502568015,174139.79901123047,1152149.349268032,3736.4029472940215,1,1185065.3178422241,0.02777565766090074
2023-04-05,978009.5502568015,173289.79327392578,1151299.3435307273,2886.397209989334,1,1185065.3178422241,0.028492922544538026
2023-04-06,978009.5502568015,170683.10766601562,1148692.6579228172,279.71160207917774,1,1185065.3178422241,0.0306925359908723
2023-04-10,978009.5502568015,178106.5665283203,1156116.1167851218,7703.170464383865,1,1185065.3178422241,0.024428359029030757
2023-04-11,978009.5502568015,180259.94537353516,1158269.4956303367,9856.54930959871,1,1185065.3178422241,0.022611261850677977
2023-04-12,978009.5502568015,178673.25048828125,1156682.8007450828,8269.854424344803,1,1185065.3178422241,0.02395017107480663
2023-04-13,1159410.7058010967,0.0,1159410.7058010967,0.0,0,1185065.3178422241,0.02164826837379691
2023-04-17,1159410.7058010967,0.0,1159410.7058010967,0.0,0,1185065.3178422241,0.02164826837379691
2023-04-18,1159410.7058010967,0.0,1159410.7058010967,0.0,0,1185065.3178422241,0.02164826837379691
2023-04-19,1159410.7058010967,0.0,1159410.7058010967,0.0,0,1185065.3178422241,0.02164826837379691
2023-04-20,1159410.7058010967,0.0,1159410.7058010967,0.0,0,1185065.3178422241,0.02164826837379691
2023-04-21,1159410.7058010967,0.0,1159410.7058010967,0.0,0,1185065.3178422241,0.02164826837379691
2023-04-24,1159410.7058010967,0.0,1159410.7058010967,0.0,0,1185065.3178422241,0.02164826837379691
2023-04-25,1159410.7058010967,0.0,1159410.7058010967,0.0,0,1185065.3178422241,0.02164826837379691
2023-04-26,1159410.7058010967,0.0,1159410.7058010967,0.0,0,1185065.3178422241,0.02164826837379691
2023-04-27,1159410.7058010967,0.0,1159410.7058010967,0.0,0,1185065.3178422241,0.02164826837379691
2023-04-28,1159410.7058010967,0.0,1159410.7058010967,0.0,0,1185065.3178422241,0.02164826837379691
2023-05-02,1159410.7058010967,0.0,1159410.7058010967,0.0,0,1185065.3178422241,0.02164826837379691
2023-05-03,1159410.7058010967,0.0,1159410.7058010967,0.0,0,1185065.3178422241,0.02164826837379691
2023-05-04,1159410.7058010967,0.0,1159410.7058010967,0.0,0,1185065.3178422241,0.02164826837379691
2023-05-05,1159410.7058010967,0.0,1159410.7058010967,0.0,0,1185065.3178422241,0.02164826837379691
2023-05-08,1159410.7058010967,0.0,1159410.7058010967,0.0,0,1185065.3178422241,0.02164826837379691
2023-05-09,1159410.7058010967,0.0,1159410.7058010967,0.0,0,1185065.3178422241,0.02164826837379691
2023-05-10,1159410.7058010967,0.0,1159410.7058010967,0.0,0,1185065.3178422241,0.02164826837379691
2023-05-11,1159410.7058010967,0.0,1159410.7058010967,0.0,0,1185065.3178422241,0.02164826837379691
2023-05-12,1159410.7058010967,0.0,1159410.7058010967,0.0,0,1185065.3178422241,0.02164826837379691
2023-05-15,1159410.7058010967,0.0,1159410.7058010967,0.0,0,1185065.3178422241,0.02164826837379691
2023-05-16,1159410.7058010967,0.0,1159410.7058010967,0.0,0,1185065.3178422241,0.02164826837379691
2023-05-17,1159410.7058010967,0.0,1159410.7058010967,0.0,0,1185065.3178422241,0.02164826837379691
2023-05-18,1159410.7058010967,0.0,1159410.7058010967,0.0,0,1185065.3178422241,0.02164826837379691
2023-05-19,1159410.7058010967,0.0,1159410.7058010967,0.0,0,1185065.3178422241,0.02164826837379691
2023-05-22,1159410.7058010967,0.0,1159410.7058010967,0.0,0,1185065.3178422241,0.02164826837379691
2023-05-23,1159410.7058010967,0.0,1159410.7058010967,0.0,0,1185065.3178422241,0.02164826837379691
2023-05-24,1159410.7058010967,0.0,1159410.7058010967,0.0,0,1185065.3178422241,0.02164826837379691
2023-05-25,1159410.7058010967,0.0,1159410.7058010967,0.0,0,1185065.3178422241,0.02164826837379691
2023-05-26,1159410.7058010967,0.0,1159410.7058010967,0.0,0,1185065.3178422241,0.02164826837379691
2023-05-29,1159410.7058010967,0.0,1159410.7058010967,0.0,0,1185065.3178422241,0.02164826837379691
2023-05-30,1159410.7058010967,0.0,1159410.7058010967,0.0,0,1185065.3178422241,0.02164826837379691
2023-05-31,1159410.7058010967,0.0,1159410.7058010967,0.0,0,1185065.3178422241,0.02164826837379691
2023-06-01,1159410.7058010967,0.0,1159410.7058010967,0.0,0,1185065.3178422241,0.02164826837379691
2023-06-02,1159410.7058010967,0.0,1159410.7058010967,0.0,0,1185065.3178422241,0.02164826837379691
2023-06-05,1159410.7058010967,0.0,1159410.7058010967,0.0,0,1185065.3178422241,0.02164826837379691
2023-06-06,1159410.7058010967,0.0,1159410.7058010967,0.0,0,1185065.3178422241,0.02164826837379691
2023-06-07,1159410.7058010967,0.0,1159410.7058010967,0.0,0,1185065.3178422241,0.02164826837379691
2023-06-08,1159410.7058010967,0.0,1159410.7058010967,0.0,0,1185065.3178422241,0.02164826837379691
2023-06-09,1159410.7058010967,0.0,1159410.7058010967,0.0,0,1185065.3178422241,0.02164826837379691
2023-06-12,1159410.7058010967,0.0,1159410.7058010967,0.0,0,1185065.3178422241,0.02164826837379691
2023-06-13,1159410.7058010967,0.0,1159410.7058010967,0.0,0,1185065.3178422241,0.02164826837379691
2023-06-14,1159410.7058010967,0.0,1159410.7058010967,0.0,0,1185065.3178422241,0.02164826837379691
2023-06-15,1159410.7058010967,0.0,1159410.7058010967,0.0,0,1185065.3178422241,0.02164826837379691
2023-06-16,1159410.7058010967,0.0,1159410.7058010967,0.0,0,1185065.3178422241,0.02164826837379691
2023-06-19,1159410.7058010967,0.0,1159410.7058010967,0.0,0,1185065.3178422241,0.02164826837379691
2023-06-20,1159410.7058010967,0.0,1159410.7058010967,0.0,0,1185065.3178422241,0.02164826837379691
2023-06-21,1159410.7058010967,0.0,1159410.7058010967,0.0,0,1185065.3178422241,0.02164826837379691
2023-06-22,1159410.7058010967,0.0,1159410.7058010967,0.0,0,1185065.3178422241,0.02164826837379691
2023-06-23,1159410.7058010967,0.0,1159410.7058010967,0.0,0,1185065.3178422241,0.02164826837379691
2023-06-26,1159410.7058010967,0.0,1159410.7058010967,0.0,0,1185065.3178422241,0.02164826837379691
2023-06-27,1159410.7058010967,0.0,1159410.7058010967,0.0,0,1185065.3178422241,0.02164826837379691
2023-06-28,1159410.7058010967,0.0,1159410.7058010967,0.0,0,1185065.3178422241,0.02164826837379691
2023-06-30,1159410.7058010967,0.0,1159410.7058010967,0.0,0,1185065.3178422241,0.02164826837379691
2023-07-03,1159410.7058010967,0.0,1159410.7058010967,0.0,0,1185065.3178422241,0.02164826837379691
2023-07-04,1159410.7058010967,0.0,1159410.7058010967,0.0,0,1185065.3178422241,0.02164826837379691
2023-07-05,1159410.7058010967,0.0,1159410.7058010967,0.0,0,1185065.3178422241,0.02164826837379691
2023-07-06,1159410.7058010967,0.0,1159410.7058010967,0.0,0,1185065.3178422241,0.02164826837379691
2023-07-07,1159410.7058010967,0.0,1159410.7058010967,0.0,0,1185065.3178422241,0.02164826837379691
2023-07-10,1159410.7058010967,0.0,1159410.7058010967,0.0,0,1185065.3178422241,0.02164826837379691
2023-07-11,1159410.7058010967,0.0,1159410.7058010967,0.0,0,1185065.3178422241,0.02164826837379691
2023-07-12,1007332.6632743167,151897.85733906014,1159230.5206133767,-180.18518771988394,1,1185065.3178422241,0.02180031500363844
2023-07-13,1007332.6632743167,150130.49877929685,1157463.1620536135,-1947.5437474831758,1,1185065.3178422241,0.023291674621673093
2023-07-14,863220.1842104096,294373.0939440389,1157593.2781544486,-1817.4276466481429,2,1185065.3178422241,0.023181878056980722
2023-07-17,863220.1842104096,294617.31689453125,1157837.501104941,-1573.2046961557976,2,1185065.3178422241,0.022975794099569017
2023-07-18,863220.1842104096,293173.1359863281,1156393.3201967378,-3017.3856043589226,2,1185065.3178422241,0.024194444992865514
2023-07-19,863220.1842104096,298931.2028808594,1162151.387091269,2740.6812901723274,2,1185065.3178422241,0.019335584634842733
2023-07-20,863220.1842104096,297265.3818359375,1160485.5660463471,1074.8602452504524,2,1185065.3178422241,0.020741263309124597
2023-07-21,863220.1842104096,301190.3879394531,1164410.5721498628,4999.866348766077,2,1185065.3178422241,0.01742920443403887
2023-07-24,648714.4125196195,511141.7231425205,1159856.1356621399,445.4298610432346,4,1185065.3178422241,0.021272398913829794
2023-07-25,115088.21949994515,1040180.1111817239,1155268.330681669,-4142.375119427627,7,1185065.3178422241,0.02514375090717334
2023-07-26,690.255001176396,1154454.6769507811,1155144.9319519575,-4265.773849139075,8,1185065.3178422241,0.02524787911669366
2023-07-27,690.255001176396,1146628.4448242188,1147318.6998253951,-12092.005975701553,8,1185065.3178422241,0.03185193039448521
2023-07-28,690.255001176396,1159092.582397461,1159782.8373986373,372.13159754063463,8,1185065.3178422241,0.021334250579218166
2023-07-31,106299.4358120824,1053949.6637254935,1160249.0995375759,10508.984976632117,7,1185065.3178422241,0.020940802106869397
2023-08-01,269456.66958994546,896650.9489746094,1166107.618564555,5288.312752527947,6,1185065.3178422241,0.01599717668911914
2023-08-02,502917.2520515538,657448.0101318359,1160365.2621833896,5967.322315772959,5,1185065.3178422241,0.02084277996069328
2023-08-03,666299.8501568526,497309.37854003906,1163609.2286968916,15435.650189636133,4,1185065.3178422241,0.01810540636224169
2023-08-04,290497.9185974609,885519.9217047921,1176017.840302253,16740.747690278487,6,1185065.3178422241,0.007634581321175573
2023-08-07,168343.67634044687,1017138.640979978,1185482.3173204248,26205.22470845035,7,1185482.3173204248,0.0
2023-08-08,243585.01432873931,958504.3669268774,1202089.3812556167,20358.26020332707,7,1202089.3812556167,0.0
2023-08-09,397947.54496000183,799235.6282196045,1197183.1731796064,4320.193007671129,6,1202089.3812556167,0.00408140039543944
2023-08-10,650047.9260287618,546875.0157165527,1196922.9417453145,-986.9495874833524,4,1202089.3812556167,0.004297882995111112
2023-08-11,650047.9260287618,546194.087600708,1196242.0136294698,-1667.8777033280799,4,1202089.3812556167,0.004864336809995889
2023-08-14,765974.3817281266,424576.95684814453,1190551.3385762712,-1130.7661988775267,3,1202089.3812556167,0.009598323435228796
2023-08-16,909571.2792813317,280576.9660644531,1190148.2453457848,4871.359165426673,2,1202089.3812556167,0.009933650605380935
2023-08-17,757405.1313875803,433012.8567300694,1190417.9881176497,5141.101937291563,3,1202089.3812556167,0.009709255667640852
2023-08-18,757405.1313875803,435083.5855102539,1192488.716897834,7211.8307174760575,3,1202089.3812556167,0.007986647671535379
2023-08-21,524574.5783673467,664498.5416130057,1189073.1199803525,3796.2337999942806,4,1202089.3812556167,0.010828031158272395
2023-08-22,524574.5783673467,671095.489074707,1195670.0674420537,10393.1812616956,4,1202089.3812556167,0.00534013020467564
2023-08-23,636098.5511251992,562002.3457641602,1198100.8968893592,1522.396772848482,3,1202089.3812556167,0.003317959902525182
2023-08-24,636098.5511251992,559761.0098266602,1195859.5609518592,-718.9391646515181,3,1202089.3812556167,0.005182493415963975
2023-08-25,636098.5511251992,559999.8642578125,1196098.4153830116,-480.0847334991742,3,1202089.3812556167,0.004983794022327494
2023-08-28,636098.5511251992,556393.3032836914,1192491.8544088905,-4086.645707620268,3,1202089.3812556167,0.007984037623476303
2023-08-29,1031497.784720672,152571.88256835938,1184069.6672890312,405.73467460797826,1,1202089.3812556167,0.014990327880413816
2023-08-30,1031497.784720672,154629.435546875,1186127.2202675468,2463.2876531236034,1,1202089.3812556167,0.013278680634710296
2023-08-31,1031497.784720672,153858.56079101562,1185356.3455116875,1692.4128972642284,1,1202089.3812556167,0.013919959700876052
2023-09-01,1031497.784720672,152993.13623046875,1184490.9209511406,826.9883367173533,1,1202089.3812556167,0.014639893321488285
2023-09-04,1031497.784720672,153649.38159179688,1185147.1663124687,1483.2336980454784,1,1202089.3812556167,0.014093972717279421
2023-09-05,1031497.784720672,155921.86108398438,1187419.6458046562,3755.7131902329784,1,1202089.3812556167,0.012203531351085978
2023-09-06,1031497.784720672,156795.8994140625,1188293.6841347343,4629.751520311103,1,1202089.3812556167,0.011476432065702417
2023-09-07,1031497.784720672,156824.54956054688,1188322.3342812187,4658.401666795478,1,1202089.3812556167,0.011452598441571699
2023-09-08,1031497.784720672,158778.95336914062,1190276.7380898125,6612.805475389228,1,1202089.3812556167,0.009826759432368973
2023-09-11,1031497.784720672,158790.41918945312,1190288.203910125,6624.271295701728,1,1202089.3812556167,0.00981722118962988
2023-09-12,921465.8828827123,265958.103849508,1187423.9867322203,3760.0541177969017,2,1202089.3812556167,0.012199920199010466
2023-09-13,921465.8828827123,268258.6662597656,1189724.549142478,6060.616528054542,2,1202089.3812556167,0.010286117077436633
2023-09-14,921465.8828827123,269136.9775390625,1190602.860421775,6938.927807351417,2,1202089.3812556167,0.009555463190136294
2023-09-15,921465.8828827123,270131.3532714844,1191597.2361541968,7933.303539773292,2,1202089.3812556167,0.008728257037309936
2023-09-18,921465.8828827123,268799.3537597656,1190265.236642478,6601.304028054542,2,1202089.3812556167,0.009836327312689491
2023-09-20,921465.8828827123,268534.9011230469,1190000.7840057593,6336.851391335792,2,1202089.3812556167,0.010056321466903316
2023-09-21,921465.8828827123,267141.0168457031,1188606.8997284155,4942.967113992042,2,1202089.3812556167,0.011215872744103518
2023-09-22,921465.8828827123,263152.3054199219,1184618.1883026343,954.255688210792,2,1202089.3812556167,0.014534021534017066
2023-09-25,755960.7233820689,428242.4654913498,1184203.1888734186,539.2562589952827,3,1202089.3812556167,0.014879253291061786
2023-09-26,755960.7233820689,429369.8385925293,1185330.561974598,1666.6293601747707,3,1202089.3812556167,0.013941408635948107
2023-09-27,639351.1337472317,549169.2187563124,1188520.3525035442,4856.419889120696,4,1202089.3812556167,0.011287870073271294
2023-09-28,785217.4344728189,396954.72915649414,1182172.163629313,4808.078183053889,3,1202089.3812556167,0.016568832515182493
2023-09-29,785217.4344728189,398972.8864746094,1184190.3209474282,6826.235501169094,3,1202089.3812556167,0.014889957924337002
2023-10-03,785217.4344728189,399046.53692626953,1184263.9713990884,6899.8859528292505,3,1202089.3812556167,0.014828689226011736
2023-10-04,785217.4344728189,393829.5827331543,1179047.0172059732,1682.9317597139866,3,1202089.3812556167,0.019168594622785123
2023-10-05,631343.3679231422,548652.5338828736,1179995.9018060158,2631.816359756535,4,1202089.3812556167,0.018379231855890486
2023-10-06,631343.3679231422,549078.7339630127,1180422.1018861549,3058.016439895661,4,1202089.3812556167,0.018024682446516352
2023-10-09,631343.3679231422,538750.2371063232,1170093.6050294654,-7270.480416793764,4,1202089.3812556167,0.02661680298076568
2023-10-10,278409.7608058342,895228.6372778289,1173638.398083663,-3725.6873625960407,6,1202089.3812556167,0.023667943179263195
2023-10-11,278409.7608058342,902481.1966552734,1180890.9574611075,3526.8720148484026,6,1202089.3812556167,0.017634648575272152
2023-10-12,278409.7608058342,916826.2744140625,1195236.0352198966,17871.949773637465,6,1202089.3812556167,0.005701195054698484
2023-10-13,278409.7608058342,912820.2143859863,1191229.9751918204,13865.889745561293,6,1202089.3812556167,0.009033775884829209
2023-10-16,278409.7608058342,911662.0631713867,1190071.8239772208,12707.738530961684,6,1202089.3812556167,0.009997224387626801
2023-10-17,278409.7608058342,922856.7304077148,1201266.491213549,23902.405767289838,6,1202089.3812556167,0.0006845497971275698
2023-10-18,278409.7608058342,920818.1637268066,1199227.9245326407,21863.839086381668,6,1202089.3812556167,0.00238040262861907
2023-10-19,421009.9190655088,768210.8008728027,1189220.7199383115,18098.394394420833,5,1202089.3812556167,0.010705244982584813
2023-10-20,421009.9190655088,754797.3896789551,1175807.3087444638,4684.983200573203,5,1202089.3812556167,0.021863659159604632
2023-10-23,766286.7456299844,385350.7968444824,1151637.5424744668,-6795.854128957859,3,1202089.3812556167,0.04197012266130447
2023-10-25,925436.3827313646,222595.31787109375,1148031.7006024583,-4046.1736017031176,2,1202089.3812556167,0.04496976805226709
2023-10-26,925436.3827313646,220020.62060546875,1145457.0033368333,-6620.870867328118,2,1202089.3812556167,0.04711161981950893
2023-10-27,342119.22791395336,806179.8157832965,1148299.0436972498,-3778.8305069116186,5,1202089.3812556167,0.044747369369639786
2023-10-30,342119.22791395336,807331.584564209,1149450.8124781623,-2627.0617259990845,5,1202089.3812556167,0.0437892303170267
2023-10-31,342119.22791395336,801225.3162841797,1143344.544198133,-8733.33000602838,5,1202089.3812556167,0.0488689426705716
2023-11-01,556347.7017979994,581247.3502197266,1137595.052017726,-2069.8045976846383,3,1202089.3812556167,0.05365185837555981
2023-11-02,556347.7017979994,586778.7569580078,1143126.4587560073,3461.6021405966117,3,1202089.3812556167,0.04905036465593012
2023-11-03,556347.7017979994,591801.6905517578,1148149.3923497573,8484.535734346611,3,1202089.3812556167,0.0448718620652963
2023-11-06,556347.7017979994,597744.0623474121,1154091.7641454116,14426.907530000908,3,1202089.3812556167,0.039928492721622945
2023-11-07,556347.7017979994,602679.2553100586,1159026.957108058,19362.10049264739,3,1202089.3812556167,0.03582298023677632
2023-11-08,698943.3568858346,463846.4915161133,1162789.8484019479,12029.456920477262,2,1202089.3812556167,0.032692687803813146
2023-11-09,698943.3568858346,464686.3423461914,1163629.699232026,12869.307750555385,2,1202089.3812556167,0.03199402858331418
2023-11-10,698943.3568858346,466126.99725341797,1165070.3541392526,14309.962657781947,2,1202089.3812556167,0.030795569525534507
2023-11-13,698943.3568858346,467076.86114501953,1166020.2180308541,15259.82654938351,2,1202089.3812556167,0.03000539210078311
2023-11-15,916227.7174378429,254445.99914550784,1170673.7165833507,9014.600066360816,1,1202089.3812556167,0.02613421694104929
2023-11-16,916227.7174378429,254325.46844482422,1170553.185882667,8894.069365677193,1,1202089.3812556167,0.026234484610461437
2023-11-17,916227.7174378429,253722.83172607422,1169950.549163917,8291.432646927193,1,1202089.3812556167,0.026735808994610418
2023-11-20,1172443.41600072,0.0,1172443.41600072,0.0,0,1202089.3812556167,0.024662030725144994
2023-11-21,1172443.41600072,0.0,1172443.41600072,0.0,0,1202089.3812556167,0.024662030725144994
2023-11-22,1172443.41600072,0.0,1172443.41600072,0.0,0,1202089.3812556167,0.024662030725144994
2023-11-23,1172443.41600072,0.0,1172443.41600072,0.0,0,1202089.3812556167,0.024662030725144994
2023-11-24,1172443.41600072,0.0,1172443.41600072,0.0,0,1202089.3812556167,0.024662030725144994
2023-11-28,1172443.41600072,0.0,1172443.41600072,0.0,0,1202089.3812556167,0.024662030725144994
2023-11-29,1172443.41600072,0.0,1172443.41600072,0.0,0,1202089.3812556167,0.024662030725144994
2023-11-30,1172443.41600072,0.0,1172443.41600072,0.0,0,1202089.3812556167,0.024662030725144994
2023-12-01,1172443.41600072,0.0,1172443.41600072,0.0,0,1202089.3812556167,0.024662030725144994
2023-12-04,1172443.41600072,0.0,1172443.41600072,0.0,0,1202089.3812556167,0.024662030725144994
2023-12-05,1172443.41600072,0.0,1172443.41600072,0.0,0,1202089.3812556167,0.024662030725144994
2023-12-06,1172443.41600072,0.0,1172443.41600072,0.0,0,1202089.3812556167,0.024662030725144994
2023-12-07,1172443.41600072,0.0,1172443.41600072,0.0,0,1202089.3812556167,0.024662030725144994
2023-12-08,1172443.41600072,0.0,1172443.41600072,0.0,0,1202089.3812556167,0.024662030725144994
2023-12-11,1172443.41600072,0.0,1172443.41600072,0.0,0,1202089.3812556167,0.024662030725144994
2023-12-12,1172443.41600072,0.0,1172443.41600072,0.0,0,1202089.3812556167,0.024662030725144994
2023-12-13,1172443.41600072,0.0,1172443.41600072,0.0,0,1202089.3812556167,0.024662030725144994
2023-12-14,1172443.41600072,0.0,1172443.41600072,0.0,0,1202089.3812556167,0.024662030725144994
2023-12-15,1172443.41600072,0.0,1172443.41600072,0.0,0,1202089.3812556167,0.024662030725144994
2023-12-18,1172443.41600072,0.0,1172443.41600072,0.0,0,1202089.3812556167,0.024662030725144994
2023-12-19,1172443.41600072,0.0,1172443.41600072,0.0,0,1202089.3812556167,0.024662030725144994
2023-12-20,1172443.41600072,0.0,1172443.41600072,0.0,0,1202089.3812556167,0.024662030725144994
2023-12-21,1046311.0442518294,125982.92752470484,1172293.9717765343,-149.44422418592055,1,1202089.3812556167,0.02478635111805095
2023-12-22,1046311.0442518294,123563.23901367188,1169874.2832655013,-2569.132735218881,1,1202089.3812556167,0.02679925344358821
2023-12-26,1046311.0442518294,126088.91235351562,1172399.956605345,-43.459395375130924,1,1202089.3812556167,0.02469818393975014
2023-12-27,1046311.0442518294,130650.30395507812,1176961.3482069075,4517.932206187369,1,1202089.3812556167,0.020903631161321972
2023-12-28,1046311.0442518294,128963.69677734375,1175274.7410291731,2831.325028452994,1,1202089.3812556167,0.022306694198092718
2023-12-29,1046311.0442518294,128124.63061523438,1174435.6748670638,1992.258866343619,1,1202089.3812556167,0.02300470066516004
2024-01-01,1046311.0442518294,132970.423828125,1179281.4680799544,6838.052079234244,1,1202089.3812556167,0.0189735584818483
2024-01-02,1046311.0442518294,130678.46997070312,1176989.5142225325,4546.098221812369,1,1202089.3812556167,0.02088020027834089
2024-01-03,1046311.0442518294,129952.01220703125,1176263.0564588606,3819.640458140494,1,1202089.3812556167,0.021484529519576738
2024-01-04,1046311.0442518294,132956.3408203125,1179267.385072142,6823.969071421744,1,1202089.3812556167,0.01898527392333884
2024-01-05,1046311.0442518294,134628.85107421875,1180939.8953260481,8496.479325327995,1,1202089.3812556167,0.017593937904581844
2024-01-08,1046311.0442518294,131230.33740234375,1177541.3816541731,5097.965653452994,1,1202089.3812556167,0.02042111009732275
2024-01-09,1046311.0442518294,129901.35791015625,1176212.4021619856,3768.986161265494,1,1202089.3812556167,0.021526668064068402
2024-01-10,1046311.0442518294,128879.24047851562,1175190.284730345,2746.868729624869,1,1202089.3812556167,0.022376952117466323
2024-01-11,1046311.0442518294,129932.30712890625,1176243.3513807356,3799.935380015494,1,1202089.3812556167,0.021500921876444923
2024-01-12,1046311.0442518294,129718.306640625,1176029.3508924544,3585.934891734244,1,1202089.3812556167,0.021678945650399004
2024-01-15,1046311.0442518294,129141.09814453125,1175452.1423963606,3008.726395640494,1,1202089.3812556167,0.022159116680186188
2024-01-16,1046311.0442518294,127175.75317382812,1173486.7974256575,1043.381424937369,1,1202089.3812556167,0.023794057476893223
2024-01-17,1046311.0442518294,123422.46459960938,1169733.5088514388,-2709.907149281381,1,1202089.3812556167,0.026916361552400767
2024-01-18,1046311.0442518294,122845.22827148438,1169156.2725233138,-3287.143477406381,1,1202089.3812556167,0.027396555735234376
2024-01-19,778137.1808958274,392556.90133463335,1170694.0822304608,-1749.3337702593515,3,1202089.3812556167,0.02611727506681953
2024-01-23,898132.8821786348,258653.70471191406,1156786.586890549,-9520.158644087915,2,1202089.3812556167,0.037686710382340845
2024-01-24,280857.76917453704,881279.9449130909,1162137.7140876278,-4169.0314470086905,7,1202089.3812556167,0.03323518849010893
2024-01-25,280857.76917453704,874827.6420898438,1155685.411264381,-10621.334270255851,7,1202089.3812556167,0.03860276175367716
2024-01-29,280857.76917453704,877415.2528076172,1158273.0219821543,-8033.723552482415,7,1202089.3812556167,0.03645016748063683
2024-01-30,280857.76917453704,875868.489440918,1156726.2586154551,-9580.486919181632,7,1202089.3812556167,0.03773689656319771
2024-01-31,396498.18789927807,774110.6236572266,1170608.8115565046,10395.009104906701,6,1202089.3812556167,0.02618821045256197
2024-02-01,536714.2448121506,622399.6303710938,1159113.8751832442,5124.517366996124,5,1202089.3812556167,0.035750674402832916
2024-02-02,681795.1433880001,479623.89782714844,1161419.0412151485,13488.875109122215,4,1202089.3812556167,0.033833041597944084
2024-02-05,681795.1433880001,473456.7810058594,1155251.9243938595,7321.758287833152,4,1202089.3812556167,0.03896337293391124
2024-02-06,681795.1433880001,476820.5496826172,1158615.6930706173,10685.526964590965,4,1202089.3812556167,0.036165104577822564
2024-02-07,862494.5770030444,300810.9686279297,1163305.5456309742,4248.034392933426,3,1202089.3812556167,0.03226368706803783
2024-02-08,957498.1773064923,205474.4940185547,1162972.671325047,9941.692359295614,2,1202089.3812556167,0.03254060017543048
2024-02-09,957498.1773064923,202495.0252685547,1159993.202575047,6962.223609295614,2,1202089.3812556167,0.03501917522688618
2024-02-12,957498.1773064923,199059.2080078125,1156557.3853143048,3526.406348553426,2,1202089.3812556167,0.037877379711775135
2024-02-13,1096194.139178468,48996.65234375,1145190.791522218,-1662.3902850513973,1,1202089.3812556167,0.0473330774072445
2024-02-14,1140914.1554061342,0.0,1140914.1554061342,0.0,0,1202089.3812556167,0.050890746398228055
2024-02-15,1140914.1554061342,0.0,1140914.1554061342,0.0,0,1202089.3812556167,0.050890746398228055
2024-02-16,1140914.1554061342,0.0,1140914.1554061342,0.0,0,1202089.3812556167,0.050890746398228055
2024-02-19,1140914.1554061342,0.0,1140914.1554061342,0.0,0,1202089.3812556167,0.050890746398228055
2024-02-20,1140914.1554061342,0.0,1140914.1554061342,0.0,0,1202089.3812556167,0.050890746398228055
2024-02-21,1140914.1554061342,0.0,1140914.1554061342,0.0,0,1202089.3812556167,0.050890746398228055
2024-02-22,1140914.1554061342,0.0,1140914.1554061342,0.0,0,1202089.3812556167,0.050890746398228055
2024-02-23,1140914.1554061342,0.0,1140914.1554061342,0.0,0,1202089.3812556167,0.050890746398228055
2024-02-26,1140914.1554061342,0.0,1140914.1554061342,0.0,0,1202089.3812556167,0.050890746398228055
2024-02-27,1140914.1554061342,0.0,1140914.1554061342,0.0,0,1202089.3812556167,0.050890746398228055
2024-02-28,1140914.1554061342,0.0,1140914.1554061342,0.0,0,1202089.3812556167,0.050890746398228055
2024-02-29,1140914.1554061342,0.0,1140914.1554061342,0.0,0,1202089.3812556167,0.050890746398228055
2024-03-01,1140914.1554061342,0.0,1140914.1554061342,0.0,0,1202089.3812556167,0.050890746398228055
2024-03-04,1140914.1554061342,0.0,1140914.1554061342,0.0,0,1202089.3812556167,0.050890746398228055
2024-03-05,1140914.1554061342,0.0,1140914.1554061342,0.0,0,1202089.3812556167,0.050890746398228055
2024-03-06,1140914.1554061342,0.0,1140914.1554061342,0.0,0,1202089.3812556167,0.050890746398228055
2024-03-07,1140914.1554061342,0.0,1140914.1554061342,0.0,0,1202089.3812556167,0.050890746398228055
2024-03-11,1140914.1554061342,0.0,1140914.1554061342,0.0,0,1202089.3812556167,0.050890746398228055
2024-03-12,1140914.1554061342,0.0,1140914.1554061342,0.0,0,1202089.3812556167,0.050890746398228055
2024-03-13,1140914.1554061342,0.0,1140914.1554061342,0.0,0,1202089.3812556167,0.050890746398228055
2024-03-14,347320.32060666085,792653.5685274933,1139973.8891341542,-940.2662719800944,9,1202089.3812556167,0.051672939708178
2024-03-15,347320.32060666085,793997.6659011841,1141317.9865078449,403.8311017106171,9,1202089.3812556167,0.050554805404149174
2024-03-18,232229.71932033554,906793.9507067619,1139023.6700270975,-1890.4853790368795,10,1202089.3812556167,0.05246341263130141
2024-03-19,232229.71932033554,895689.411315918,1127919.1306362534,-12995.024769880822,10,1202089.3812556167,0.061701111228426565
2024-03-20,232229.71932033554,898277.9154586792,1130507.6347790146,-10406.520627119593,10,1202089.3812556167,0.05954777372863311
2024-03-21,232229.71932033554,914936.4977035522,1147166.2170238877,6252.061617753454,10,1202089.3812556167,0.0456897507690819
2024-03-22,232229.71932033554,924084.8182373047,1156314.53755764,15400.382151505888,10,1202089.3812556167,0.03807940109259049
2024-03-26,232229.71932033554,933582.4338302612,1165812.1531505967,24897.997744462435,10,1202089.3812556167,0.030178478132073184
2024-03-27,232229.71932033554,939962.6355667114,1172192.3548870469,31278.199480912648,10,1202089.3812556167,0.024870884673601823
2024-03-28,232229.71932033554,950280.3243408203,1182510.0436611557,41595.88825502152,10,1202089.3812556167,0.016287755220006812
2024-04-01,358344.6453530038,842461.5768356323,1200806.2221886362,48867.742036158874,9,1202089.3812556167,0.0010674406470841424
2024-04-02,482727.46609886864,729201.5267333984,1211928.9928322672,48921.32153953711,8,1211928.9928322672,0.0
2024-04-03,482727.46609886864,733612.7341079712,1216340.20020684,53332.52891410987,8,1216340.20020684,0.0
2024-04-04,611712.2384943058,607730.3491363525,1219442.5876306584,45369.6974658833,7,1219442.5876306584,0.0
2024-04-05,734463.0206413723,492041.2277145386,1226504.2483559109,41411.6652691019,6,1226504.2483559109,0.0
2024-04-08,841934.6268813391,388182.637550354,1230117.2644316931,33912.63842758938,5,1230117.2644316931,0.0
2024-04-09,841934.6268813391,380948.72537994385,1222883.352261283,26678.72625717923,5,1230117.2644316931,0.00588066876189416
2024-04-10,955435.695868294,272472.41034698486,1227908.1062152789,20606.7724841698,4,1230117.2644316931,0.0017958923757036226
2024-04-12,955435.695868294,272443.74115753174,1227879.4370258257,20578.103294716682,4,1230117.2644316931,0.001819198437883288
2024-04-15,955435.695868294,267899.7268371582,1223335.4227054522,16034.088974343149,4,1230117.2644316931,0.005513166851921313
2024-04-16,1066344.9548630128,164363.01458740234,1230707.969450415,12293.958526655246,3,1230707.969450415,0.0
2024-04-18,1066344.9548630128,162899.67922973633,1229244.634092749,10830.62316898923,3,1230707.969450415,0.0011890191613201974
2024-04-19,845995.3185920183,380696.0475810284,1226691.3661730466,8277.355249286884,4,1230707.969450415,0.0032636526105881357
2024-04-22,499249.3377685908,730470.8782900516,1229720.2160586424,11306.205134882468,6,1230707.969450415,0.0008025895795684435
2024-04-23,499249.3377685908,729982.2839813232,1229231.621749914,10817.610826154101,6,1230707.969450415,0.0011995922161456153
2024-04-24,499249.3377685908,739471.2818527222,1238720.619621313,20306.60869755304,6,1238720.619621313,0.0
2024-04-25,499249.3377685908,744474.2598342896,1243723.5976028803,25309.586679120424,6,1243723.5976028803,0.0
2024-04-26,556447.3860063314,695918.5262145996,1252365.9122209311,22705.2439348816,5,1252365.9122209311,0.0
2024-04-29,788442.0707831943,476223.3204345703,1264665.3912177645,23359.674425846777,4,1264665.3912177645,0.0
2024-04-30,788442.0707831943,479651.5918960571,1268093.6626792513,26787.945887333593,4,1268093.6626792513,0.0
2024-05-02,992418.9799771026,281751.6957473755,1274170.675724478,21147.614429940197,3,1274170.675724478,0.0
2024-05-03,992418.9799771026,282455.1445007324,1274874.124477835,21851.063183297145,3,1274874.124477835,0.0
2024-05-06,1061369.2194999817,216478.7014312744,1277847.9209312561,13606.14315316817,2,1277847.9209312561,0.0
2024-05-07,1061369.2194999817,207411.8259048462,1268781.045404828,4539.267626739948,2,1277847.9209312561,0.007095426128502493
2024-05-08,1061369.2194999817,208607.84469604492,1269977.0641960267,5735.286417938679,2,1277847.9209312561,0.006159462801718576
2024-05-09,1061369.2194999817,203543.45275115967,1264912.6722511414,670.8944730534174,2,1277847.9209312561,0.010122682416455267
2024-05-10,902597.985117487,365218.59793700767,1267816.5830544946,3574.8052764066906,3,1277847.9209312561,0.00785018131848666
2024-05-13,902597.985117487,371833.0555267334,1274431.0406442205,10189.26286613245,3,1277847.9209312561,0.0026739334400180297
2024-05-14,902597.985117487,371377.7373275757,1273975.7224450628,9733.944666974736,3,1277847.9209312561,0.003030249862105169
2024-05-15,902597.985117487,372159.97119903564,1274757.9563165228,10516.17853843469,3,1277847.9209312561,0.002418100435990446
2024-05-16,902597.985117487,378587.5129928589,1281185.498110346,16943.720332257937,3,1281185.498110346,0.0
2024-05-17,902597.985117487,378653.3713989258,1281251.356516413,17009.57873832483,3,1281251.356516413,0.0
2024-05-21,962226.8967066301,324982.9626464844,1287209.8593531144,11725.312131850364,2,1287209.8593531144,0.0
2024-05-22,962226.8967066301,326968.6149902344,1289195.5116968644,13710.964475600364,2,1289195.5116968644,0.0
2024-05-23,962226.8967066301,320734.1369628906,1282961.0336695206,7476.486448256614,2,1289195.5116968644,0.0048359445644809975
2024-05-24,962226.8967066301,314092.22021484375,1276319.1169214738,834.5697002097386,2,1289195.5116968644,0.009987930192560524
2024-05-27,962226.8967066301,316854.1162109375,1279081.0129175675,3596.4656963034886,2,1289195.5116968644,0.00784558950719893
2024-05-28,962226.8967066301,316331.7233886719,1278558.620095302,3074.0728740378636,2,1289195.5116968644,0.008250797885234657
2024-05-29,962226.8967066301,319024.1875,1281251.08420663,5766.536985365989,2,1289195.5116968644,0.006162313953279099
2024-05-30,962226.8967066301,313491.033203125,1275717.929909755,233.38268849098858,2,1289195.5116968644,0.01045425745344856
2024-05-31,962226.8967066301,316102.2907714844,1278329.1874781144,2844.640256850363,2,1289195.5116968644,0.008428763612780136
2024-06-03,704261.1652042178,572797.8066681012,1277058.971872319,1574.4246510547894,4,1289195.5116968644,0.009414041326106567
2024-06-04,852226.4630037041,393828.7684326172,1246055.2314363213,-22908.197452289947,3,1289195.5116968644,0.03346294636393903
2024-06-05,586481.1971315247,678713.4066751548,1265194.6038066796,9495.554643010175,5,1289195.5116968644,0.018616965132460257
2024-06-06,757417.2787498271,509183.65281677246,1266600.9315665995,-1262.964832877426,4,1289195.5116968644,0.017526108278584862
2024-06-07,757417.2787498271,515107.93005371094,1272525.208803538,4661.312404061051,4,1289195.5116968644,0.012930779499367481
2024-06-10,757417.2787498271,512625.0365142822,1270042.3152641093,2178.4188646323396,4,1289195.5116968644,0.014856704246158352
2024-06-11,757417.2787498271,516308.4792327881,1273725.7579826151,5861.861583138199,4,1289195.5116968644,0.011999540468371352
2024-06-12,757417.2787498271,523978.4428253174,1281395.7215751444,13531.825175667494,4,1289195.5116968644,0.006050121995424653
2024-06-13,757417.2787498271,521983.1916656494,1279400.4704154765,11536.574015999528,4,1289195.5116968644,0.007597793501852549
2024-06-14,757417.2787498271,526188.2662658691,1283605.5450156962,15741.648616219252,4,1289195.5116968644,0.00433601159052327
2024-06-18,757417.2787498271,525685.7119750977,1283102.9907249247,15239.094325447768,4,1289195.5116968644,0.00472583166529999
2024-06-19,853000.1371791919,431907.8517150879,1284907.9888942798,5086.013187474637,3,1289195.5116968644,0.0033257351299193173
2024-06-20,853000.1371791919,435910.90226745605,1288911.039446648,9089.0637398428,3,1289195.5116968644,0.00022065873456383645
2024-06-21,853000.1371791919,434868.8078765869,1287868.9450557788,8046.96934897366,3,1289195.5116968644,0.0010289879456216035
2024-06-24,853000.1371791919,435610.5436706543,1288610.6808498462,8788.705143041043,3,1289195.5116968644,0.00045364015132848213
2024-06-25,853000.1371791919,438601.8839263916,1291602.0211055835,11780.045398778348,3,1291602.0211055835,0.0
2024-06-26,1011640.6361350535,283873.1381378174,1295513.7742728707,3461.6042310119033,2,1295513.7742728707,0.0
2024-06-27,1011640.6361350535,283526.00312805176,1295166.639263105,3114.4692212462787,2,1295513.7742728707,0.0002679516163079474
2024-06-28,1011640.6361350535,282022.9996948242,1293663.6358298776,1611.4657880187397,2,1295513.7742728707,0.0014281117497431364
2024-07-01,1011640.6361350535,283286.2330169678,1294926.8691520211,2874.6991101622943,2,1295513.7742728707,0.0004530288542698204
2024-07-02,1011640.6361350535,280339.52348327637,1291980.1596183297,-72.0104235291119,2,1295513.7742728707,0.0027275778341487086
2024-07-03,1151056.9672907651,145277.50268554688,1296334.469976312,10789.836355931067,1,1296334.469976312,0.0
2024-07-04,1151056.9672907651,144885.1944580078,1295942.161748773,10397.528128392005,1,1296334.469976312,0.0003026288636344223
2024-07-05,1297808.8845448026,0.0,1297808.8845448026,0.0,0,1297808.8845448026,0.0
2024-07-08,1297808.8845448026,0.0,1297808.8845448026,0.0,0,1297808.8845448026,0.0
2024-07-09,1297808.8845448026,0.0,1297808.8845448026,0.0,0,1297808.8845448026,0.0
2024-07-10,1297808.8845448026,0.0,1297808.8845448026,0.0,0,1297808.8845448026,0.0
2024-07-11,1297808.8845448026,0.0,1297808.8845448026,0.0,0,1297808.8845448026,0.0
2024-07-12,1297808.8845448026,0.0,1297808.8845448026,0.0,0,1297808.8845448026,0.0
2024-07-15,1297808.8845448026,0.0,1297808.8845448026,0.0,0,1297808.8845448026,0.0
2024-07-16,1297808.8845448026,0.0,1297808.8845448026,0.0,0,1297808.8845448026,0.0
2024-07-18,1297808.8845448026,0.0,1297808.8845448026,0.0,0,1297808.8845448026,0.0
2024-07-19,1297808.8845448026,0.0,1297808.8845448026,0.0,0,1297808.8845448026,0.0
2024-07-22,882858.4816774214,414458.7611090259,1297317.2427864473,-491.64175835531546,3,1297808.8845448026,0.00037882446653749943
2024-07-23,882858.4816774214,403721.5057373047,1286579.987414726,-11228.89713007653,3,1297808.8845448026,0.008652196223803012
2024-07-24,818459.4687884214,466510.7064986897,1284970.1752871112,-5942.558659351669,4,1297808.8845448026,0.009892603919254634
2024-07-25,915429.8872510351,365254.880859375,1280684.76811041,-3552.805955612537,3,1297808.8845448026,0.013194636466368993
2024-07-26,915429.8872510351,374240.01403808594,1289669.901289121,5432.3272230984,3,1297808.8845448026,0.006271326504700477
2024-07-29,915429.8872510351,385949.79248046875,1301379.6797315038,17142.105665481213,3,1301379.6797315038,0.0
2024-07-30,915429.8872510351,391892.14099121094,1307322.028242246,23084.4541762234,3,1307322.028242246,0.0
2024-07-31,1024516.7854873424,281823.2305908203,1306340.0160781627,10676.649046124108,2,1307322.028242246,0.000751163173930198
2024-08-01,1188333.0149803865,118547.32202148438,1306880.3370018709,-1322.068859470189,1,1307322.028242246,0.0003378595562785988
2024-08-02,1188333.0149803865,116590.39624023438,1304923.4112206209,-3278.9946407201887,1,1307322.028242246,0.0018347560660705862
2024-08-05,1301507.6923920244,0.0,1301507.6923920244,0.0,0,1307322.028242246,0.004447516162516752
2024-08-06,1301507.6923920244,0.0,1301507.6923920244,0.0,0,1307322.028242246,0.004447516162516752
2024-08-07,906378.1983041463,394661.3365492687,1301039.534853415,-468.15753860949286,3,1307322.028242246,0.00480562038511507
2024-08-08,906378.1983041463,388385.4417877197,1294763.640091866,-6744.052300158467,3,1307322.028242246,0.009606193331925507
2024-08-09,906378.1983041463,393971.20864868164,1300349.406952828,-1158.2854391965382,3,1307322.028242246,0.005333514726125349
2024-08-12,775945.1090205065,529902.0121427462,1305847.1211632527,4339.4287712283485,4,1307322.028242246,0.001128189571605669
2024-08-13,811950.8397839392,490206.36184005544,1302157.2016239946,7612.3299960397235,4,1307322.028242246,0.003950691953990659
2024-08-14,811950.8397839392,486745.6485366821,1298696.4883206212,4151.616692666382,4,1307322.028242246,0.006597869335394165
2024-08-16,465223.02602384053,831781.4078002605,1297004.433824101,2459.562196146114,6,1307322.028242246,0.007892159846811037
2024-08-19,465223.02602384053,846720.3652420044,1311943.391265845,17398.51963789006,6,1311943.391265845,0.0
2024-08-20,585253.4131196908,735721.7586288452,1320975.1717485362,13783.253729385942,5,1320975.1717485362,0.0
2024-08-21,585253.4131196908,738656.1765899658,1323909.5897096568,16717.671690506548,5,1323909.5897096568,0.0
2024-08-22,585253.4131196908,743766.8787994385,1329020.2919191294,21828.37389997919,5,1329020.2919191294,0.0
2024-08-23,585253.4131196908,746405.1345672607,1331658.5476869517,24466.629667801473,5,1331658.5476869517,0.0
2024-08-26,585253.4131196908,755143.492980957,1340396.906100648,33204.98808149776,5,1340396.906100648,0.0
2024-08-27,728222.7783833289,610828.0018310547,1339050.7802143837,19322.586215235162,4,1340396.906100648,0.0010042740923509555
2024-08-28,728222.7783833289,607444.7105712891,1335667.488954618,15939.294955469535,4,1340396.906100648,0.0035283706822244474
2024-08-29,728222.7783833289,603957.2760314941,1332180.0544148232,12451.860415674615,4,1340396.906100648,0.006130163124390124
2024-08-30,728222.7783833289,604615.5657043457,1332838.3440876747,13110.150088526178,4,1340396.906100648,0.005639047642210599
2024-09-02,728222.7783833289,604068.8859786987,1332291.6643620278,12563.470362879203,4,1340396.906100648,0.006046896782386042
2024-09-03,728222.7783833289,604930.2331924438,1333153.011575773,13424.81757662432,4,1340396.906100648,0.005404290693230805
2024-09-04,728222.7783833289,610334.923751831,1338557.70213516,18829.50813601153,4,1340396.906100648,0.0013721338486510856
2024-09-05,728222.7783833289,611772.7603225708,1339995.5387058998,20267.344706751275,4,1340396.906100648,0.000299439213057991
2024-09-06,728222.7783833289,607611.4384841919,1335834.216867521,16106.022868372367,4,1340396.906100648,0.003403983709870221
2024-09-09,728222.7783833289,613784.9250030518,1342007.7033863808,22279.509387232232,4,1342007.7033863808,0.0
2024-09-10,762701.0722321074,580361.9613294828,1343063.0335615901,10849.46922939517,4,1343063.0335615901,0.0
2024-09-11,762701.0722321074,575365.3098983765,1338066.3821304839,5852.817798288762,4,1343063.0335615901,0.003720340226963091
2024-09-12,579743.7332583141,764833.818399132,1344577.5516574462,12363.987325250935,5,1344577.5516574462,0.0
2024-09-13,579743.7332583141,768846.9407424927,1348590.6740008066,16377.109668611654,5,1348590.6740008066,0.0
2024-09-16,579743.7332583141,763473.4426345825,1343217.1758928965,11003.611560701469,5,1348590.6740008066,0.003984528598265349
2024-09-17,755493.5784237889,584467.4655914307,1339961.0440152194,14954.97349134296,4,1348590.6740008066,0.0063989987117336715
2024-09-18,873245.6663869426,469434.46893310547,1342680.135320048,4966.7516501733835,3,1348590.6740008066,0.004382752153567855
2024-09-19,873245.6663869426,477600.3604736328,1350846.0268605754,13132.643190700728,3,1350846.0268605754,0.0
2024-09-20,873245.6663869426,478466.0614013672,1351711.7277883098,13998.344118435101,3,1351711.7277883098,0.0
2024-09-23,873245.6663869426,475297.7152709961,1348543.3816579387,10829.99798806401,3,1351711.7277883098,0.002343951054974708
2024-09-24,873245.6663869426,471938.5170288086,1345184.1834157512,7470.7997458765085,3,1351711.7277883098,0.004829095019571263
2024-09-25,1014231.73578993,328745.38439941406,1342977.120189344,12336.048073018994,2,1351711.7277883098,0.006461886376659205
2024-09-26,1014231.73578993,333369.6301269531,1347601.365916883,16960.293800558058,2,1351711.7277883098,0.003040856853518705
2024-09-27,1203007.3873096574,144282.1124267578,1347289.4997364152,4549.285388192511,1,1351711.7277883098,0.0032715762991346463
2024-09-30,1203007.3873096574,141801.9744873047,1344809.361796962,2069.147448739386,1,1351711.7277883098,0.005106389069096451
2024-10-01,1203007.3873096574,144871.14807128906,1347878.5353809465,5138.321032723761,1,1351711.7277883098,0.0028358061327434453
2024-10-03,1203007.3873096574,143315.8868408203,1346323.2741504777,3583.059802255011,1,1351711.7277883098,0.003986392606542479
2024-10-04,1203007.3873096574,146581.40991210938,1349588.7972217668,6848.582873544074,1,1351711.7277883098,0.0015705497872808903
2024-10-07,1203007.3873096574,146622.73315429688,1349630.1204639543,6889.906115731574,1,1351711.7277883098,0.0015399787407049212
2024-10-08,525931.8606056273,825334.8615677562,1351266.7221733835,8526.507825160892,5,1351711.7277883098,0.0003292163600995492
2024-10-09,559729.172616879,797921.1305044421,1357650.3031213211,2332.709250656387,5,1357650.3031213211,0.0
2024-10-10,559729.172616879,795576.0833740234,1355305.2559909024,-12.337879762292118,5,1357650.3031213211,0.0017272836201099072
2024-10-11,559729.172616879,796065.0447998047,1355794.2174166837,476.6235460189579,5,1357650.3031213211,0.0013671309175641209
2024-10-14,559729.172616879,804879.8366699219,1364609.0092868009,9291.415416136144,5,1364609.0092868009,0.0
2024-10-15,559729.172616879,810536.0639648438,1370265.2365817227,14947.642711058019,5,1370265.2365817227,0.0
2024-10-16,559729.172616879,804077.0657958984,1363806.2384127774,8488.644542112708,5,1370265.2365817227,0.00471368461850349
2024-10-17,707917.9505438141,644423.0723876953,1352341.0229315094,4142.208318114719,4,1370265.2365817227,0.013080835134464364
2024-10-18,707917.9505438141,646858.4305419922,1354776.3810858063,6577.566472411594,4,1370265.2365817227,0.011303545534406973
2024-10-21,707917.9505438141,640185.6867675781,1348103.6373113922,-95.17730200246842,4,1370265.2365817227,0.016173218643140252
2024-10-22,1007313.4080754078,322000.61975097656,1329314.0278263844,-4553.406741611468,2,1370265.2365817227,0.029885607298551647
2024-10-23,1007313.4080754078,323994.8653564453,1331308.2734318532,-2559.1611361427176,2,1370265.2365817227,0.028430235336811147
2024-10-24,1007313.4080754078,324585.47790527344,1331898.8859806813,-1968.548587314593,2,1370265.2365817227,0.027999214733601896
2024-10-25,1118741.5203991043,207268.4912109375,1326010.0116100418,-772.6407318948837,1,1370265.2365817227,0.032296831146413976
2024-10-28,1118741.5203991043,206714.8681640625,1325456.3885631668,-1326.2637787698836,1,1370265.2365817227,0.0327008573393692
2024-10-29,1118741.5203991043,208539.9169921875,1327281.4373912918,498.78504935511626,1,1370265.2365817227,0.031368962769323924
2024-10-30,1118741.5203991043,208392.158203125,1327133.6786022293,351.02626029261626,1,1370265.2365817227,0.031476795023341476
2024-10-31,1118741.5203991043,209591.9384765625,1328333.4588756668,1550.8065337301164,1,1370265.2365817227,0.030601212514636458
2024-11-01,1118741.5203991043,209868.0029296875,1328609.5233287918,1826.8709868551164,1,1370265.2365817227,0.03039974461940351
2024-11-04,1118741.5203991043,207672.9052734375,1326414.4256725418,-368.22666939488374,1,1370265.2365817227,0.03200169553930418
2024-11-05,1118741.5203991043,207908.671875,1326650.1922741043,-132.46006783238371,1,1370265.2365817227,0.03182963644062147
2024-11-06,1118741.5203991043,207962.3876953125,1326703.9080944168,-78.74424751988371,1,1370265.2365817227,0.0317904354021083
2024-11-07,1339360.6762974034,0.0,1339360.6762974034,0.0,0,1370265.2365817227,0.022553706727183823
2024-11-08,1339360.6762974034,0.0,1339360.6762974034,0.0,0,1370265.2365817227,0.022553706727183823
2024-11-11,1339360.6762974034,0.0,1339360.6762974034,0.0,0,1370265.2365817227,0.022553706727183823
2024-11-12,1339360.6762974034,0.0,1339360.6762974034,0.0,0,1370265.2365817227,0.022553706727183823
2024-11-13,1339360.6762974034,0.0,1339360.6762974034,0.0,0,1370265.2365817227,0.022553706727183823
2024-11-14,1339360.6762974034,0.0,1339360.6762974034,0.0,0,1370265.2365817227,0.022553706727183823
2024-11-18,1339360.6762974034,0.0,1339360.6762974034,0.0,0,1370265.2365817227,0.022553706727183823
2024-11-19,1339360.6762974034,0.0,1339360.6762974034,0.0,0,1370265.2365817227,0.022553706727183823
2024-11-21,1339360.6762974034,0.0,1339360.6762974034,0.0,0,1370265.2365817227,0.022553706727183823
2024-11-22,1339360.6762974034,0.0,1339360.6762974034,0.0,0,1370265.2365817227,0.022553706727183823
2024-11-25,1339360.6762974034,0.0,1339360.6762974034,0.0,0,1370265.2365817227,0.022553706727183823
2024-11-26,1339360.6762974034,0.0,1339360.6762974034,0.0,0,1370265.2365817227,0.022553706727183823
2024-11-27,1339360.6762974034,0.0,1339360.6762974034,0.0,0,1370265.2365817227,0.022553706727183823
2024-11-28,1339360.6762974034,0.0,1339360.6762974034,0.0,0,1370265.2365817227,0.022553706727183823
2024-11-29,1339360.6762974034,0.0,1339360.6762974034,0.0,0,1370265.2365817227,0.022553706727183823
2024-12-02,1339360.6762974034,0.0,1339360.6762974034,0.0,0,1370265.2365817227,0.022553706727183823
2024-12-03,1339360.6762974034,0.0,1339360.6762974034,0.0,0,1370265.2365817227,0.022553706727183823
2024-12-04,1339360.6762974034,0.0,1339360.6762974034,0.0,0,1370265.2365817227,0.022553706727183823
2024-12-05,1339360.6762974034,0.0,1339360.6762974034,0.0,0,1370265.2365817227,0.022553706727183823
2024-12-06,1339360.6762974034,0.0,1339360.6762974034,0.0,0,1370265.2365817227,0.022553706727183823
2024-12-09,1339360.6762974034,0.0,1339360.6762974034,0.0,0,1370265.2365817227,0.022553706727183823
2024-12-10,1339360.6762974034,0.0,1339360.6762974034,0.0,0,1370265.2365817227,0.022553706727183823
2024-12-11,1339360.6762974034,0.0,1339360.6762974034,0.0,0,1370265.2365817227,0.022553706727183823
2024-12-12,1339360.6762974034,0.0,1339360.6762974034,0.0,0,1370265.2365817227,0.022553706727183823
2024-12-13,1339360.6762974034,0.0,1339360.6762974034,0.0,0,1370265.2365817227,0.022553706727183823
2024-12-16,1339360.6762974034,0.0,1339360.6762974034,0.0,0,1370265.2365817227,0.022553706727183823
2024-12-17,1339360.6762974034,0.0,1339360.6762974034,0.0,0,1370265.2365817227,0.022553706727183823
2024-12-18,1339360.6762974034,0.0,1339360.6762974034,0.0,0,1370265.2365817227,0.022553706727183823
2024-12-19,1339360.6762974034,0.0,1339360.6762974034,0.0,0,1370265.2365817227,0.022553706727183823
2024-12-20,1339360.6762974034,0.0,1339360.6762974034,0.0,0,1370265.2365817227,0.022553706727183823
2024-12-23,1147048.4728505902,192084.34799902362,1339132.8208496138,-227.8554477894898,1,1370265.2365817227,0.022719992378827488
2024-12-24,1147048.4728505902,190568.7900390625,1337617.2628896527,-1743.4134077506126,1,1370265.2365817227,0.023826024933328933
2024-12-26,1147048.4728505902,189875.7705078125,1336924.2433584027,-2436.432939000613,1,1370265.2365817227,0.02433178068976833
2024-12-27,1147048.4728505902,191323.27270507812,1338371.7455556684,-988.9307417349876,1,1370265.2365817227,0.023275414258932956
2024-12-30,1147048.4728505902,194587.17114257812,1341635.6439931684,2274.967695765012,1,1370265.2365817227,0.020893467793121595
2024-12-31,1147048.4728505902,190714.08618164062,1337762.5590322309,-1598.1172651724876,1,1370265.2365817227,0.02371998988354501
2025-01-01,1147048.4728505902,190451.40942382812,1337499.8822744184,-1860.7940229849876,1,1370265.2365817227,0.02391168762993736
2025-01-02,1147048.4728505902,193033.45166015625,1340081.9245107465,721.2482133431374,1,1370265.2365817227,0.022027350081705227
2025-01-03,1147048.4728505902,188841.81567382812,1335890.2885244184,-3470.387772984988,1,1370265.2365817227,0.025086346161022413
2025-01-06,1147048.4728505902,188489.7314453125,1335538.2042959027,-3822.472001500613,1,1370265.2365817227,0.025343292202647128
2025-01-07,1147048.4728505902,186796.3046875,1333844.7775380902,-5515.898759313112,1,1370265.2365817227,0.026579130865559526
2025-01-08,1332176.8427191486,0.0,1332176.8427191486,0.0,0,1370265.2365817227,0.027796365875551083
2025-01-09,1332176.8427191486,0.0,1332176.8427191486,0.0,0,1370265.2365817227,0.027796365875551083
2025-01-10,1332176.8427191486,0.0,1332176.8427191486,0.0,0,1370265.2365817227,0.027796365875551083
2025-01-13,1332176.8427191486,0.0,1332176.8427191486,0.0,0,1370265.2365817227,0.027796365875551083
2025-01-14,1332176.8427191486,0.0,1332176.8427191486,0.0,0,1370265.2365817227,0.027796365875551083
2025-01-15,1204378.0547705365,127647.36932029271,1332025.4240908292,-151.41862831933355,1,1370265.2365817227,0.02790686902798975
2025-01-16,1204378.0547705365,125850.73388671875,1330228.7886572552,-1948.0540618932932,1,1370265.2365817227,0.029218027908482026
2025-01-17,1204378.0547705365,123562.400390625,1327940.4551611615,-4236.387557987044,1,1370265.2365817227,0.030888021012738433
2025-01-20,1325284.960698116,0.0,1325284.960698116,0.0,0,1370265.2365817227,0.03282596294700935
2025-01-21,1325284.960698116,0.0,1325284.960698116,0.0,0,1370265.2365817227,0.03282596294700935
2025-01-22,1325284.960698116,0.0,1325284.960698116,0.0,0,1370265.2365817227,0.03282596294700935
2025-01-23,1325284.960698116,0.0,1325284.960698116,0.0,0,1370265.2365817227,0.03282596294700935
2025-01-24,1325284.960698116,0.0,1325284.960698116,0.0,0,1370265.2365817227,0.03282596294700935
2025-01-27,1325284.960698116,0.0,1325284.960698116,0.0,0,1370265.2365817227,0.03282596294700935
2025-01-28,1325284.960698116,0.0,1325284.960698116,0.0,0,1370265.2365817227,0.03282596294700935
2025-01-29,1325284.960698116,0.0,1325284.960698116,0.0,0,1370265.2365817227,0.03282596294700935
2025-01-30,1325284.960698116,0.0,1325284.960698116,0.0,0,1370265.2365817227,0.03282596294700935
2025-01-31,1325284.960698116,0.0,1325284.960698116,0.0,0,1370265.2365817227,0.03282596294700935
2025-02-01,1325284.960698116,0.0,1325284.960698116,0.0,0,1370265.2365817227,0.03282596294700935
2025-02-03,1325284.960698116,0.0,1325284.960698116,0.0,0,1370265.2365817227,0.03282596294700935
2025-02-04,1325284.960698116,0.0,1325284.960698116,0.0,0,1370265.2365817227,0.03282596294700935
2025-02-05,1325284.960698116,0.0,1325284.960698116,0.0,0,1370265.2365817227,0.03282596294700935
2025-02-06,1325284.960698116,0.0,1325284.960698116,0.0,0,1370265.2365817227,0.03282596294700935
2025-02-07,1325284.960698116,0.0,1325284.960698116,0.0,0,1370265.2365817227,0.03282596294700935
2025-02-10,1325284.960698116,0.0,1325284.960698116,0.0,0,1370265.2365817227,0.03282596294700935
2025-02-11,1325284.960698116,0.0,1325284.960698116,0.0,0,1370265.2365817227,0.03282596294700935
2025-02-12,1325284.960698116,0.0,1325284.960698116,0.0,0,1370265.2365817227,0.03282596294700935
2025-02-13,1325284.960698116,0.0,1325284.960698116,0.0,0,1370265.2365817227,0.03282596294700935
2025-02-14,1325284.960698116,0.0,1325284.960698116,0.0,0,1370265.2365817227,0.03282596294700935
2025-02-17,1239792.6176303984,85391.04998405934,1325183.6676144577,-101.29308365839077,1,1370265.2365817227,0.03289988519283026
2025-02-18,1239792.6176303984,84323.99798583984,1324116.6156162382,-1168.3450818778872,1,1370265.2365817227,0.033678604501860776
2025-02-19,1239792.6176303984,90305.46981811523,1330098.0874485136,4813.126750397503,1,1370265.2365817227,0.029313411783991914
2025-02-20,1239792.6176303984,91494.6362915039,1331287.2539219023,6002.293223786175,1,1370265.2365817227,0.028445575074979884
2025-02-21,1239792.6176303984,90102.72024536131,1329895.3378757597,4610.377177643582,1,1370265.2365817227,0.029461375526587973
2025-02-24,1239792.6176303984,91315.60258483887,1331108.2202152372,5823.259517121136,1,1370265.2365817227,0.02857623131720614
2025-02-25,1239792.6176303984,91722.87817382812,1331515.4958042265,6230.535106110394,1,1370265.2365817227,0.028279007408931817
2025-02-27,1239792.6176303984,93208.77983093262,1333001.397461331,7716.436763214886,1,1370265.2365817227,0.02719461760071393
2025-02-28,1239792.6176303984,89941.60304260254,1329734.220673001,4449.259974884808,1,1370265.2365817227,0.029578956560140802
2025-03-03,1239792.6176303984,89109.1422729492,1328901.7599033476,3616.799205231473,1,1370265.2365817227,0.03018647454091508
2025-03-04,1239792.6176303984,88428.84736633302,1328221.4649967314,2936.504298615291,1,1370265.2365817227,0.03068294404802546
2025-03-05,1239792.6176303984,91158.95759582518,1330951.5752262236,5666.61452810745,1,1370265.2365817227,0.028690548593038403
2025-03-06,1239792.6176303984,91096.30513000488,1330888.9227604032,5603.962062287152,1,1370265.2365817227,0.028736271467813074
2025-03-07,1239792.6176303984,93266.96699523927,1333059.5846256376,7774.623927521541,1,1370265.2365817227,0.027152153439212033
2025-03-10,1239792.6176303984,91901.9049682617,1331694.52259866,6409.561900543973,1,1370265.2365817227,0.028148356211153355
2025-03-11,1239792.6176303984,90147.47003173828,1329940.0876621366,4655.12696402055,1,1370265.2365817227,0.02942871777159115
2025-03-12,1239792.6176303984,92403.17999267578,1332195.7976230741,6910.83692495805,1,1370265.2365817227,0.02778253285737365
2025-03-13,1239792.6176303984,93155.07870483398,1332947.6963352324,7662.735637116253,1,1370265.2365817227,0.02723380791559968
2025-03-17,1239792.6176303984,93817.46401977536,1333610.0816501738,8325.12095205763,1,1370265.2365817227,0.02675040857271494
2025-03-18,1239792.6176303984,93817.46401977536,1333610.0816501738,8325.12095205763,1,1370265.2365817227,0.02675040857271494
2025-03-19,1239792.6176303984,95741.96749877928,1335534.5851291777,10249.624431061551,1,1370265.2365817227,0.025345933418835394
2025-03-20,1239792.6176303984,97344.23657226562,1337136.854202664,11851.893504547894,1,1370265.2365817227,0.024176620332061506
2025-03-21,1338264.4224770933,0.0,1338264.4224770933,0.0,0,1370265.2365817227,0.02335373710892571
2025-03-24,1338264.4224770933,0.0,1338264.4224770933,0.0,0,1370265.2365817227,0.02335373710892571
2025-03-25,1338264.4224770933,0.0,1338264.4224770933,0.0,0,1370265.2365817227,0.02335373710892571
2025-03-26,1338264.4224770933,0.0,1338264.4224770933,0.0,0,1370265.2365817227,0.02335373710892571
2025-03-27,1338264.4224770933,0.0,1338264.4224770933,0.0,0,1370265.2365817227,0.02335373710892571
2025-03-28,1338264.4224770933,0.0,1338264.4224770933,0.0,0,1370265.2365817227,0.02335373710892571
2025-04-01,1338264.4224770933,0.0,1338264.4224770933,0.0,0,1370265.2365817227,0.02335373710892571
2025-04-02,1338264.4224770933,0.0,1338264.4224770933,0.0,0,1370265.2365817227,0.02335373710892571
2025-04-03,1338264.4224770933,0.0,1338264.4224770933,0.0,0,1370265.2365817227,0.02335373710892571
2025-04-04,1338264.4224770933,0.0,1338264.4224770933,0.0,0,1370265.2365817227,0.02335373710892571
2025-04-07,1338264.4224770933,0.0,1338264.4224770933,0.0,0,1370265.2365817227,0.02335373710892571
2025-04-08,1060208.0852737946,277726.89034507226,1337934.9756188667,-329.44685822647364,2,1370265.2365817227,0.023594162721012606
2025-04-09,1060208.0852737946,274750.1394042969,1334958.2246780915,-3306.1977990018268,2,1370265.2365817227,0.02576655304465615
2025-04-11,1060208.0852737946,279708.0795288086,1339916.1648026032,1651.7423255098918,2,1370265.2365817227,0.022148319149385007
2025-04-15,1060208.0852737946,292526.95642089844,1352735.041694693,14470.619217599735,2,1370265.2365817227,0.012793285868333568
2025-04-16,1204441.2018975974,154970.84197998047,1359412.0438775779,8201.996874741199,1,1370265.2365817227,0.00792050503391544
2025-04-17,1204441.2018975974,158057.51342773438,1362498.7153253318,11288.668322495105,1,1370265.2365817227,0.0056678962941258005
2025-04-21,1364118.1757463175,0.0,1364118.1757463175,0.0,0,1370265.2365817227,0.004486037207467783
2025-04-22,1364118.1757463175,0.0,1364118.1757463175,0.0,0,1370265.2365817227,0.004486037207467783
2025-04-23,1364118.1757463175,0.0,1364118.1757463175,0.0,0,1370265.2365817227,0.004486037207467783
2025-04-24,1364118.1757463175,0.0,1364118.1757463175,0.0,0,1370265.2365817227,0.004486037207467783
2025-04-25,1364118.1757463175,0.0,1364118.1757463175,0.0,0,1370265.2365817227,0.004486037207467783
2025-04-28,1364118.1757463175,0.0,1364118.1757463175,0.0,0,1370265.2365817227,0.004486037207467783
2025-04-29,1364118.1757463175,0.0,1364118.1757463175,0.0,0,1370265.2365817227,0.004486037207467783
2025-04-30,1364118.1757463175,0.0,1364118.1757463175,0.0,0,1370265.2365817227,0.004486037207467783
2025-05-02,1364118.1757463175,0.0,1364118.1757463175,0.0,0,1370265.2365817227,0.004486037207467783
2025-05-05,1364118.1757463175,0.0,1364118.1757463175,0.0,0,1370265.2365817227,0.004486037207467783
2025-05-06,1364118.1757463175,0.0,1364118.1757463175,0.0,0,1370265.2365817227,0.004486037207467783
2025-05-07,1364118.1757463175,0.0,1364118.1757463175,0.0,0,1370265.2365817227,0.004486037207467783
2025-05-08,1364118.1757463175,0.0,1364118.1757463175,0.0,0,1370265.2365817227,0.004486037207467783
2025-05-09,1364118.1757463175,0.0,1364118.1757463175,0.0,0,1370265.2365817227,0.004486037207467783
2025-05-12,1364118.1757463175,0.0,1364118.1757463175,0.0,0,1370265.2365817227,0.004486037207467783
2025-05-13,1364118.1757463175,0.0,1364118.1757463175,0.0,0,1370265.2365817227,0.004486037207467783
2025-05-14,1364118.1757463175,0.0,1364118.1757463175,0.0,0,1370265.2365817227,0.004486037207467783
2025-05-15,1364118.1757463175,0.0,1364118.1757463175,0.0,0,1370265.2365817227,0.004486037207467783
2025-05-16,1364118.1757463175,0.0,1364118.1757463175,0.0,0,1370265.2365817227,0.004486037207467783
2025-05-19,1364118.1757463175,0.0,1364118.1757463175,0.0,0,1370265.2365817227,0.004486037207467783
2025-05-20,1364118.1757463175,0.0,1364118.1757463175,0.0,0,1370265.2365817227,0.004486037207467783
2025-05-21,1364118.1757463175,0.0,1364118.1757463175,0.0,0,1370265.2365817227,0.004486037207467783
2025-05-22,1364118.1757463175,0.0,1364118.1757463175,0.0,0,1370265.2365817227,0.004486037207467783
2025-05-23,1364118.1757463175,0.0,1364118.1757463175,0.0,0,1370265.2365817227,0.004486037207467783
2025-05-26,1364118.1757463175,0.0,1364118.1757463175,0.0,0,1370265.2365817227,0.004486037207467783
2025-05-27,1364118.1757463175,0.0,1364118.1757463175,0.0,0,1370265.2365817227,0.004486037207467783
2025-05-28,1364118.1757463175,0.0,1364118.1757463175,0.0,0,1370265.2365817227,0.004486037207467783
2025-05-29,1364118.1757463175,0.0,1364118.1757463175,0.0,0,1370265.2365817227,0.004486037207467783
2025-05-30,1364118.1757463175,0.0,1364118.1757463175,0.0,0,1370265.2365817227,0.004486037207467783
2025-06-02,1364118.1757463175,0.0,1364118.1757463175,0.0,0,1370265.2365817227,0.004486037207467783
2025-06-03,1364118.1757463175,0.0,1364118.1757463175,0.0,0,1370265.2365817227,0.004486037207467783
2025-06-04,1364118.1757463175,0.0,1364118.1757463175,0.0,0,1370265.2365817227,0.004486037207467783
2025-06-05,1364118.1757463175,0.0,1364118.1757463175,0.0,0,1370265.2365817227,0.004486037207467783
2025-06-06,1219924.459684305,144022.87238619334,1363947.3320704983,-170.84367581918457,1,1370265.2365817227,0.004610716482149971
2025-06-09,1219924.459684305,146136.81579589844,1366061.2754802033,1943.0997338859133,1,1370265.2365817227,0.003067990772360724
2025-06-10,1219924.459684305,145523.7022705078,1365448.1619548127,1329.9862084952883,1,1370265.2365817227,0.0035154322669140735
2025-06-11,1219924.459684305,142902.36328125,1362826.822965555,-1291.3527807625242,1,1370265.2365817227,0.0054284480242115666
2025-06-12,1219924.459684305,140547.62231445312,1360472.081998758,-3646.093747559399,1,1370265.2365817227,0.007146904352178431
2025-06-13,1356947.9393618938,0.0,1356947.9393618938,0.0,0,1370265.2365817227,0.009718773317967546
2025-06-16,1356947.9393618938,0.0,1356947.9393618938,0.0,0,1370265.2365817227,0.009718773317967546
2025-06-17,1356947.9393618938,0.0,1356947.9393618938,0.0,0,1370265.2365817227,0.009718773317967546
2025-06-18,1356947.9393618938,0.0,1356947.9393618938,0.0,0,1370265.2365817227,0.009718773317967546
2025-06-19,1356947.9393618938,0.0,1356947.9393618938,0.0,0,1370265.2365817227,0.009718773317967546
2025-06-20,1171018.1121907379,185709.53369384035,1356727.645884578,-220.29347731550948,1,1370265.2365817227,0.009879540351556778
2025-06-23,1171018.1121907379,187526.8818359375,1358544.9940266754,1597.0546647816416,1,1370265.2365817227,0.008553265632196012
2025-06-24,1171018.1121907379,192329.9324951172,1363348.044685855,6400.105323961329,1,1370265.2365817227,0.005048067856646056
2025-06-25,1003870.5097293793,359777.7876472298,1363648.2973766092,6700.358014715462,2,1370265.2365817227,0.004828947731039465
2025-06-26,1003870.5097293793,365334.55236816406,1369205.0620975434,12257.12273564973,2,1370265.2365817227,0.0007737001975063434
2025-06-27,1202762.5634204564,169128.779296875,1371891.3427173314,1981.1768355165257,1,1371891.3427173314,0.0
2025-06-30,1202762.5634204564,174051.97265625,1376814.5360767064,6904.370194891526,1,1376814.5360767064,0.0
2025-07-01,1010701.5480293647,363628.7212279438,1374330.2692573084,4420.103375493621,2,1376814.5360767064,0.0018043583607687253
2025-07-02,1010701.5480293647,360660.056640625,1371361.6046699896,1451.4387881748398,2,1376814.5360767064,0.003960541717009456
2025-07-03,1010701.5480293647,357227.0085449219,1367928.5565742864,-1981.6093075282856,2,1376814.5360767064,0.0064540134270668955
2025-07-04,1195417.5505616118,170090.859375,1365508.4099366118,2943.2569136415254,1,1376814.5360767064,0.008211800386936573
2025-07-07,1195417.5505616118,178559.4580078125,1373977.0085694243,11411.855546454026,1,1376814.5360767064,0.0020609366279410114
2025-07-08,1375615.3571445467,0.0,1375615.3571445467,0.0,0,1376814.5360767064,0.0008709807317816287
2025-07-09,1375615.3571445467,0.0,1375615.3571445467,0.0,0,1376814.5360767064,0.0008709807317816287
2025-07-10,1375615.3571445467,0.0,1375615.3571445467,0.0,0,1376814.5360767064,0.0008709807317816287
2025-07-11,1375615.3571445467,0.0,1375615.3571445467,0.0,0,1376814.5360767064,0.0008709807317816287
2025-07-14,1375615.3571445467,0.0,1375615.3571445467,0.0,0,1376814.5360767064,0.0008709807317816287
2025-07-15,1375615.3571445467,0.0,1375615.3571445467,0.0,0,1376814.5360767064,0.0008709807317816287
2025-07-16,1375615.3571445467,0.0,1375615.3571445467,0.0,0,1376814.5360767064,0.0008709807317816287
2025-07-17,1375615.3571445467,0.0,1375615.3571445467,0.0,0,1376814.5360767064,0.0008709807317816287
2025-07-18,1375615.3571445467,0.0,1375615.3571445467,0.0,0,1376814.5360767064,0.0008709807317816287
2025-07-21,1168963.539282224,206406.97254490867,1375370.5118271327,-244.84531741405684,1,1376814.5360767064,0.0010488153718136318
2025-07-22,1168963.539282224,206545.90405273435,1375509.4433349583,-105.91380958838002,1,1376814.5360767064,0.0009479074396374434
2025-07-23,1168963.539282224,203861.84741210935,1372825.3866943333,-2789.97045021338,1,1376814.5360767064,0.00289737599207831
2025-07-24,991645.2660294748,377822.8577260425,1369468.1237555174,-6147.233389029293,2,1376814.5360767064,0.005335803863694581
2025-07-25,1190920.2523624138,172200.06379699707,1363120.3161594109,-5118.209455752005,1,1376814.5360767064,0.009946306897890389
2025-07-28,1037936.7562382632,324458.1547471328,1362394.910985396,-5843.614629766909,2,1376814.5360767064,0.010473179003760168
2025-07-29,763195.5486472215,602282.2049696546,1365477.753616876,-2760.7719982868357,4,1376814.5360767064,0.008234066508431165
2025-07-30,933197.4277563399,433689.75134277344,1366887.1790991132,5965.0476275811325,3,1376814.5360767064,0.007210380713935222
2025-07-31,933197.4277563399,431244.513671875,1364441.9414282148,3519.8099566826954,3,1376814.5360767064,0.00898639164846984
2025-08-01,933197.4277563399,426028.59619140625,1359226.023947746,-1696.1075237860541,3,1376814.5360767064,0.012774786776350851
2025-08-04,595392.0783428417,763868.5572318578,1359260.6355746994,-1661.4958968328015,5,1376814.5360767064,0.012749647858910322
2025-08-05,595392.0783428417,760534.5986785889,1355926.6770214306,-4995.454450101695,5,1376814.5360767064,0.01517114942350672
2025-08-06,732353.5109646437,610550.4521484375,1342903.9631130812,-10814.879779550905,4,1376814.5360767064,0.024629731946508106
2025-08-07,856157.2529038861,488019.2684020996,1344176.5213059857,-2408.8177621025034,3,1376814.5360767064,0.02370545481290754
2025-08-08,856157.2529038861,486728.9355621338,1342886.18846602,-3699.1506020683237,3,1376814.5360767064,0.02464264192573588
2025-08-11,856157.2529038861,486926.6000213623,1343083.8529252484,-3501.486142839808,3,1376814.5360767064,0.024499075414743218
2025-08-12,856157.2529038861,491493.0192565918,1347650.272160478,1064.9330923896841,3,1376814.5360767064,0.021182420109634583
2025-08-13,856157.2529038861,490473.2999420166,1346630.5528459027,45.21377781448865,3,1376814.5360767064,0.021923056766101713
2025-08-14,697628.4672792885,642669.3974206541,1340297.8646999425,-6287.474368145751,4,1376814.5360767064,0.026522578328392513
2025-08-18,697628.4672792885,641026.2594604492,1338654.7267397377,-7930.612328350606,4,1376814.5360767064,0.027716012823126312
2025-08-19,697628.4672792885,645535.3800048828,1343163.8472841713,-3421.4917839170125,4,1376814.5360767064,0.02444097437293495
2025-08-20,849090.8597973487,498366.73709106445,1347457.5968884132,7938.6509268623395,3,1376814.5360767064,0.021322362902956467
2025-08-21,690216.7551272947,656823.9130684225,1347040.668195717,7521.722234166241,4,1376814.5360767064,0.021625184148499243
2025-08-22,690216.7551272947,653024.2819976807,1343241.0371249754,3722.0911634244394,4,1376814.5360767064,0.024384910292565752
2025-08-25,856251.9529350977,494254.8315124512,1350506.784447549,-2063.863197654453,3,1376814.5360767064,0.019107694565836407
2025-08-26,856251.9529350977,485114.1119232178,1341366.0648583155,-11204.58278688788,3,1376814.5360767064,0.025746729344827253
2025-08-28,1055774.892050012,283277.0908203125,1339051.9828703245,-6173.50024008116,2,1376814.5360767064,0.027427480039532347
2025-08-29,1179200.3542634654,157217.36279296875,1336417.7170564341,-1656.7418770853608,1,1376814.5360767064,0.029340784805617137
2025-09-01,1179200.3542634654,157454.34399414062,1336654.698257606,-1419.7606759134858,1,1376814.5360767064,0.029168661985177455
2025-09-02,1179200.3542634654,156800.59619140625,1336000.9504548716,-2073.508478647861,1,1376814.5360767064,0.029643488322061765
2025-09-03,1179200.3542634654,163795.66064453125,1342996.0149079966,4921.555974477139,1,1376814.5360767064,0.0245628734172702
2025-09-04,1179200.3542634654,162692.46435546875,1341892.8186189341,3818.359685414639,1,1376814.5360767064,0.025364140588813946
2025-09-05,1179200.3542634654,167677.267578125,1346877.6218415904,8803.16290807089,1,1376814.5360767064,0.021743607036879883
2025-09-08,1179200.3542634654,167677.267578125,1346877.6218415904,8803.16290807089,1,1376814.5360767064,0.021743607036879883
2025-09-09,1351084.073275249,0.0,1351084.073275249,0.0,0,1376814.5360767064,0.018688401471106973
2025-09-10,1351084.073275249,0.0,1351084.073275249,0.0,0,1376814.5360767064,0.018688401471106973
2025-09-11,1351084.073275249,0.0,1351084.073275249,0.0,0,1376814.5360767064,0.018688401471106973
2025-09-12,1351084.073275249,0.0,1351084.073275249,0.0,0,1376814.5360767064,0.018688401471106973
2025-09-15,1217264.7221981483,133660.79916195408,1350925.5213601023,-158.55191514668817,1,1376814.5360767064,0.01880355998446669
2025-09-16,1087114.5698041976,264418.90485200094,1351533.4746561986,449.40138094960923,2,1376814.5360767064,0.018361994849754582
2025-09-17,1087114.5698041976,263738.4682312012,1350853.0380353988,-231.0352398501716,2,1376814.5360767064,0.018856205655182857
2025-09-18,1087114.5698041976,264548.4637145996,1351663.0335187973,578.9602435482657,2,1376814.5360767064,0.018267894403250152
2025-09-19,1087114.5698041976,273826.15728759766,1360940.7270917953,9856.653816546313,2,1376814.5360767064,0.01152937346967892
2025-09-22,1087114.5698041976,274621.61114501953,1361736.1809492172,10652.107673968187,2,1376814.5360767064,0.010951624007729923
2025-09-23,1087114.5698041976,273759.06802368164,1360873.6378278793,9789.564552630296,2,1376814.5360767064,0.01157810135724698
2025-09-24,988455.6353574978,375322.67025718844,1363778.3056146863,-310.0367819079836,2,1376814.5360767064,0.009468399788374797
2025-09-25,988455.6353574978,370971.64443969727,1359427.279797195,-4661.062599399156,2,1376814.5360767064,0.012628611787508527
2025-09-26,988455.6353574978,367683.3794250488,1356139.0147825466,-7949.327614047594,2,1376814.5360767064,0.015016925484441515
2025-09-29,1226485.3364423052,126331.16174316406,1352816.4981854693,-3818.9906507865085,1,1376814.5360767064,0.017430116593350715
2025-09-30,1226485.3364423052,127243.61813354492,1353728.9545758502,-2906.534260405649,1,1376814.5360767064,0.01676738652588575
2025-10-01,903669.6047918013,449995.60001901485,1353665.204810816,-2970.2840254396424,3,1376814.5360767064,0.01681368888786961
2025-10-03,903669.6047918013,450753.4292297363,1354423.0340215378,-2212.454814718133,3,1376814.5360767064,0.016263266742501274
2025-10-06,903669.6047918013,452573.7750854492,1356243.3798772506,-392.10895900524247,3,1376814.5360767064,0.01494112363025607
2025-10-07,903669.6047918013,452203.5288696289,1355873.1336614303,-762.3551748255551,3,1376814.5360767064,0.01521003872820045
2025-10-08,903669.6047918013,444673.7285461426,1348343.333337944,-8292.155498311884,3,1376814.5360767064,0.020679039908957027
2025-10-09,903669.6047918013,445367.84979248047,1349037.454584282,-7598.034251973978,3,1376814.5360767064,0.0201748897651651
2025-10-10,903669.6047918013,446998.3604736328,1350667.9652654342,-5967.523570821649,3,1376814.5360767064,0.018990626642988485
2025-10-13,1026726.4677421171,323435.9901123047,1350162.4578544218,620.2584618007971,2,1376814.5360767064,0.019357783872787127
2025-10-14,1026726.4677421171,324927.9473876953,1351654.4151298124,2112.2157371914222,2,1376814.5360767064,0.018274154061874454
2025-10-15,1026726.4677421171,323921.68212890625,1350648.1498710234,1105.9504784023597,2,1376814.5360767064,0.019005018846071503
2025-10-16,1026726.4677421171,322903.34765625,1349629.8153983671,87.61600574610966,2,1376814.5360767064,0.019744649672136166
2025-10-17,1026726.4677421171,326769.5368652344,1353496.0046073515,3953.805214730485,2,1376814.5360767064,0.016936581404640057
2025-10-20,1026726.4677421171,340534.24072265625,1367260.7084647734,17718.50907215236,2,1376814.5360767064,0.0069390810175181976
2025-10-21,1026726.4677421171,340630.71057128906,1367357.1783134062,17814.97892078517,2,1376814.5360767064,0.006869013592963175
2025-10-23,1026726.4677421171,342703.9826660156,1369430.4504081327,19888.251015511763,2,1376814.5360767064,0.005363166552275733
2025-10-24,1026726.4677421171,342016.51025390625,1368742.9779960234,19200.77860340236,2,1376814.5360767064,0.005862487553104471
2025-10-27,1375645.546590533,0.0,1375645.546590533,0.0,0,1376814.5360767064,0.0008490537073383522
2025-10-28,1375645.546590533,0.0,1375645.546590533,0.0,0,1376814.5360767064,0.0008490537073383522
2025-10-29,1375645.546590533,0.0,1375645.546590533,0.0,0,1376814.5360767064,0.0008490537073383522
2025-10-30,1375645.546590533,0.0,1375645.546590533,0.0,0,1376814.5360767064,0.0008490537073383522
2025-10-31,1375645.546590533,0.0,1375645.546590533,0.0,0,1376814.5360767064,0.0008490537073383522
2025-11-03,1375645.546590533,0.0,1375645.546590533,0.0,0,1376814.5360767064,0.0008490537073383522
2025-11-04,1375645.546590533,0.0,1375645.546590533,0.0,0,1376814.5360767064,0.0008490537073383522
2025-11-06,1375645.546590533,0.0,1375645.546590533,0.0,0,1376814.5360767064,0.0008490537073383522
2025-11-07,1375645.546590533,0.0,1375645.546590533,0.0,0,1376814.5360767064,0.0008490537073383522
2025-11-10,1167443.2277574271,207955.63645030212,1375398.8642077292,-246.68238280389608,1,1376814.5360767064,0.001028222634118286
2025-11-11,1167443.2277574271,209475.703125,1376918.9308824271,1273.3842918939863,1,1376918.9308824271,0.0
2025-11-12,983642.3380892704,397563.4896934627,1381205.8277827331,5560.281192199924,2,1381205.8277827331,0.0
2025-11-13,983642.3380892704,401188.0205078125,1384830.358597083,9184.81200654975,2,1384830.358597083,0.0
2025-11-14,983642.3380892704,399607.85900878906,1383250.1970980596,7604.650507526312,2,1384830.358597083,0.001141050590936089
2025-11-17,974369.9926659347,420117.1165692293,1394487.109235164,5946.629889169825,2,1394487.109235164,0.0
2025-11-18,974369.9926659347,419227.78521728516,1393597.77788322,5057.298537225667,2,1394487.109235164,0.0006377479906800896
2025-11-19,974369.9926659347,419449.6746826172,1393819.667348552,5279.188002557698,2,1394487.109235164,0.0004786289397670043
2025-11-20,974369.9926659347,426089.3674316406,1400459.3600975755,11918.880751581135,2,1400459.3600975755,0.0
2025-11-21,974369.9926659347,424159.4395751953,1398529.4322411302,9988.952895135822,2,1400459.3600975755,0.0013780677336547966
2025-11-24,1217796.7160920617,180260.64294433594,1398057.3590363977,-3540.246723820799,1,1400459.3600975755,0.0017151522776144362
2025-11-25,1217796.7160920617,184675.40203857422,1402472.118130636,874.5123704174819,1,1402472.118130636,0.0
2025-11-26,1217796.7160920617,184675.40203857422,1402472.118130636,874.5123704174819,1,1402472.118130636,0.0
2025-11-27,1217796.7160920617,185707.21673583984,1403503.9328279016,1906.3270676831069,1,1403503.9328279016,0.0
2025-11-28,1217796.7160920617,188126.0057373047,1405922.7218293664,4325.116069147951,1,1405922.7218293664,0.0
2025-12-01,1217796.7160920617,192405.44622802734,1410202.162320089,8604.556559870607,1,1410202.162320089,0.0
2025-12-02,1217796.7160920617,192895.98651123047,1410692.7026032922,9095.096843073732,1,1410692.7026032922,0.0
2025-12-03,1217796.7160920617,192253.22314453125,1410049.939236593,8452.333476374513,1,1410692.7026032922,0.0004556366992705522
2025-12-04,1217796.7160920617,191610.45977783203,1409407.1758698937,7809.570109675295,1,1410692.7026032922,0.0009112733985411044
2025-12-05,1036393.6882175382,370921.0016505666,1407314.6898681046,5717.084107886321,2,1410692.7026032922,0.0023945773086893815
2025-12-08,1036393.6882175382,361157.1184692383,1397550.8066867765,-4046.799073441982,2,1410692.7026032922,0.009315916848696867
2025-12-09,1210283.8673073102,189597.6058959961,1399881.4732033063,5796.716227839357,1,1410692.7026032922,0.007663773534827837
2025-12-10,1210283.8673073102,187703.14544677734,1397987.0127540876,3902.255778620607,1,1410692.7026032922,0.009006702753730517
2025-12-11,1210283.8673073102,191052.2601928711,1401336.1275001813,7251.370524714357,1,1410692.7026032922,0.0066326104089460755
2025-12-12,1210283.8673073102,194350.64080810547,1404634.5081154157,10549.751139948732,1,1410692.7026032922,0.004294482048922987
2025-12-15,1210283.8673073102,193369.5809326172,1403653.4482399274,9568.69126446045,1,1410692.7026032922,0.004989927537283303
2025-12-16,1210283.8673073102,194198.41772460938,1404482.2850319196,10397.528056452638,1,1410692.7026032922,0.004402388670411267
2025-12-17,1210283.8673073102,196109.7826538086,1406393.6499611188,12308.892985651857,1,1410692.7026032922,0.0030474763456562123
2025-12-18,1052867.4612985924,354067.0056205669,1406934.4669191593,12849.709943692375,2,1410692.7026032922,0.0026641065606970633
2025-12-19,1047974.2250252522,361105.0380058127,1409079.263031065,1735.661179181276,2,1410692.7026032922,0.0011437214988421973
2025-12-22,1047974.2250252522,361524.6357421875,1409498.8607674397,2155.2589155561004,2,1410692.7026032922,0.0008462805780800907
2025-12-23,1047974.2250252522,362893.6259765625,1410867.8510018147,3524.2491499311004,2,1410867.8510018147,0.0
2025-12-24,1047974.2250252522,363036.40087890625,1411010.6259041585,3667.0240522748504,2,1411010.6259041585,0.0
2025-12-26,1047974.2250252522,361065.84033203125,1409040.0653572835,1696.46350539985,2,1411010.6259041585,0.001396559679068532
2025-12-29,1242490.3429637002,162125.28076171875,1404615.623725419,4708.874753000936,1,1411010.6259041585,0.004532214046681388
2025-12-30,1410742.1213985248,0.0,1410742.1213985248,0.0,0,1411010.6259041585,0.00019029233423494238
