trades,win_rate,mean_r,net_pnl,profit_factor
221,0.416289592760181,0.18593797862603217,39891.478805082996,1.299707574097237
221,0.4298642533936652,0.2275065430848408,50795.52029570516,1.3956362988575763
221,0.39819004524886875,0.13014763123279244,28534.876798637593,1.210328244209162
221,0.4298642533936652,0.21942509625741574,48169.03457294952,1.3723356891376084
221,0.48868778280542985,0.39361406813091315,84121.32220492378,1.723839742391462
221,0.4660633484162896,0.3360042674309275,72616.04900656726,1.6024734369612912
221,0.4072398190045249,0.15862564269525203,35790.97062764496,1.2677752766731503
221,0.3936651583710407,0.11139282414302354,23619.8370762566,1.1714127150452718
221,0.38461538461538464,0.09838245229672284,22323.315685756446,1.1619670826936115
221,0.38461538461538464,0.09022271782101762,18865.008514414716,1.1342678551069885
221,0.45248868778280543,0.2984599814292512,62668.80701650079,1.5059970031160188
221,0.38009049773755654,0.07986881084627527,18616.335608069683,1.1337668287654454
221,0.4660633484162896,0.33990504702235946,74951.24792911146,1.627930710366522
221,0.37104072398190047,0.050640733139316225,11040.812135313063,1.0776266608004668
221,0.3438914027149321,-0.02465338787059108,-5221.278818889421,0.9648016395280892
221,0.4253393665158371,0.2051048258676948,44638.90373120887,1.3419973645283425
221,0.4841628959276018,0.3835734006442279,83233.72069953225,1.7116044805611832
221,0.40271493212669685,0.15238865507794133,32449.886009918675,1.2402641524371691
221,0.34841628959276016,-0.01706003236333654,-1517.098264076245,0.9896960868515617
221,0.36199095022624433,0.017909724987524356,3739.7862958328024,1.0258398851583252
221,0.42081447963800905,0.18567274564669756,40594.67797835679,1.3082205805063098
221,0.38461538461538464,0.08412648158789945,16583.957917630098,1.1178650179167242
221,0.4479638009049774,0.2792518825611376,60914.69918499778,1.4855217762285104
221,0.4072398190045249,0.15594802696291962,34519.33379598645,1.2566178804191848
221,0.4072398190045249,0.1630556734203448,34376.320690834895,1.2567524667739218
221,0.4253393665158371,0.20948182233334678,44883.33616690284,1.3450537537688383
221,0.4298642533936652,0.230982125583467,49245.099738773635,1.382449807501012
221,0.42081447963800905,0.1955238631551856,42502.427824421495,1.3253739277877343
221,0.42081447963800905,0.20408283506461047,43782.23594681589,1.3350402195341662
221,0.38461538461538464,0.08910938372761124,19858.54241468896,1.1427643635581475
221,0.4072398190045249,0.16460114675353416,35757.20346979893,1.2673646989245255
221,0.4253393665158371,0.2152538751676103,46403.16747613493,1.3561284163049592
221,0.3936651583710407,0.10415015108079177,22348.73763196957,1.161668783292701
221,0.3936651583710407,0.11850874963285776,26564.174940223675,1.1962598667487057
221,0.37104072398190047,0.04972804574584094,12556.11794537829,1.0879930155922388
221,0.4298642533936652,0.22550307284049365,49178.31130452921,1.3779829084412634
221,0.46153846153846156,0.32177285973832187,70492.20761071549,1.5760741822562985
221,0.42081447963800905,0.20239183577844394,45116.409698803545,1.3453531003141326
221,0.38009049773755654,0.07769560154820791,16383.70747964544,1.115837185547424
221,0.45248868778280543,0.2943207152129003,63943.809486359285,1.5138416442707472
221,0.38009049773755654,0.07822137596790148,17963.325856511463,1.1277894629525678
221,0.4479638009049774,0.2740536302533783,60291.538797096655,1.483755404185492
221,0.416289592760181,0.19038179934812655,41315.39670162109,1.3123607880837356
221,0.3936651583710407,0.11739711700902013,24794.4910749153,1.1797668094742353
221,0.416289592760181,0.17832085454129298,38434.03764829425,1.2890325376108653
221,0.3891402714932127,0.09391004953569868,19956.472658970273,1.143981332688847
221,0.43891402714932126,0.2458656432901184,54206.49868732503,1.4266485678632774
221,0.4072398190045249,0.15989955838909534,35730.51185363275,1.2656875142368493
221,0.47058823529411764,0.3454198360957475,74535.95527831008,1.6207077757801025
221,0.4298642533936652,0.22773998289715205,48928.92112356605,1.3789522880187945
221,0.40271493212669685,0.14695270447196307,32857.16719055529,1.2428040165293857
221,0.3574660633484163,0.01388241323242471,4595.725289491484,1.031743242452442
221,0.3891402714932127,0.10561519688866707,22116.877943865715,1.1615033501565597
221,0.38461538461538464,0.09230006895901909,16636.223836073445,1.1183382752364672
221,0.416289592760181,0.18127133862117775,40241.19365199127,1.3056761019902599
221,0.3936651583710407,0.11051064101804665,23453.691429794744,1.1699851443286686
221,0.416289592760181,0.17232627729601827,35997.556943479896,1.2708617894086032
221,0.45248868778280543,0.30020247903262,63947.326510311395,1.5177746638998375
221,0.4117647058823529,0.17441611138360266,37488.34236652124,1.2853060034772839
221,0.40271493212669685,0.14403011034314464,30124.139554811503,1.220187568255533
221,0.3574660633484163,0.010472464079763237,2466.7895970521095,1.016920772265403
221,0.47058823529411764,0.3489233014479554,74503.26967927688,1.6168896063894282
221,0.40271493212669685,0.14628627559810387,31636.40102541083,1.2335528621749343
221,0.45701357466063347,0.3033139193234584,68277.41233974737,1.5605627290447135
221,0.4298642533936652,0.22710515933558267,47883.462357157,1.369701705791866
221,0.3755656108597285,0.046390372224224055,10061.229727226948,1.0709419675479557
221,0.38461538461538464,0.09021168385941614,17779.928143990488,1.1266308673351058
221,0.38009049773755654,0.0805433949697792,18313.136513019064,1.13066063655989
221,0.3936651583710407,0.118446154254033,24485.92354894747,1.1780814767558152
221,0.4253393665158371,0.21453496563634433,45567.80974048788,1.3481117044765656
221,0.4117647058823529,0.17756356139639873,39239.544857977344,1.296193924615283
221,0.37104072398190047,0.05653462389577077,11755.486009532506,1.0832019415231786
221,0.3755656108597285,0.06184295848083832,16052.28098047553,1.115117062006194
221,0.3936651583710407,0.11933616972981127,26389.18382402572,1.1923632825266777
221,0.4343891402714932,0.22448814815171708,49760.32859315953,1.3877912035469762
221,0.42081447963800905,0.18785820614716967,40580.83401234726,1.31087974894299
221,0.416289592760181,0.18639513630757693,38206.289478077844,1.2860908200063457
221,0.4660633484162896,0.331214949803872,72694.7827152728,1.5998534041183956
221,0.4298642533936652,0.225857897858131,48472.70402056629,1.3724878599281893
221,0.34841628959276016,-0.022036852275655435,-5191.379020207327,0.9651107910590752
221,0.4298642533936652,0.22741091736914046,49599.86692475125,1.3824649658868706
221,0.43891402714932126,0.25555114282413954,56369.13336269678,1.4441724737346624
221,0.416289592760181,0.17970730054171125,40057.2323289777,1.3038280069803736
221,0.46153846153846156,0.32217135420210885,68821.12357662705,1.5635984236994334
221,0.38009049773755654,0.07850424183749723,17234.83984180537,1.1221727632629643
221,0.37104072398190047,0.050800853761689274,11567.22372889927,1.0812389401431977
221,0.43891402714932126,0.24756407676612188,54159.58875203738,1.424108806272924
221,0.4253393665158371,0.20908292999479594,45016.61494470062,1.3451814967435252
221,0.3936651583710407,0.11949023938525903,26935.49611459749,1.1967049719459057
221,0.416289592760181,0.17689838162587868,39369.25186287546,1.3009258978064444
221,0.47058823529411764,0.34913068181699075,74386.44693916276,1.6176631210502064
221,0.42081447963800905,0.1997935780917637,42661.60846657174,1.3237163304534048
221,0.39819004524886875,0.13481997096090148,30039.619773285405,1.2236856153605795
221,0.4343891402714932,0.235405226123922,51365.9490541773,1.3999600907965801
221,0.4253393665158371,0.2167810246759968,47143.05621572492,1.3617775262699925
221,0.4343891402714932,0.24633991733622007,52981.4401838276,1.4154646567463436
221,0.35294117647058826,-0.012407613806871373,-3728.521187485306,0.9747032940617975
221,0.3755656108597285,0.06452918615090558,12039.073827327044,1.0845701120773938
221,0.4841628959276018,0.38830260895556656,84321.56587468766,1.7245882795029464
221,0.4072398190045249,0.1634228065971822,35464.63922834187,1.265402135121189
221,0.4343891402714932,0.24473307228639735,53336.83017167756,1.4227036953451022
221,0.4253393665158371,0.20557120425497247,44798.228079697714,1.3434570440870504
221,0.4117647058823529,0.17327685639057971,39487.59817558466,1.2955237279153184
221,0.4841628959276018,0.39009924921601136,84593.31231492516,1.731090043929066
221,0.42081447963800905,0.20475162777395373,43546.17724792845,1.3331299216199362
221,0.4117647058823529,0.17217924225378395,37418.833959766525,1.2798223953761658
221,0.3438914027149321,-0.031262674814674894,-6078.917443660879,0.9594862288920792
221,0.4298642533936652,0.23298424843333534,47884.883072318,1.3712507617953154
221,0.38009049773755654,0.07961722162197549,17897.146234895918,1.1277284565167132
221,0.3891402714932127,0.1096321183794244,23422.06158289095,1.1705284998622802
221,0.42081447963800905,0.19742261579581336,41064.729048292655,1.3122440659911685
221,0.38009049773755654,0.07819630252761554,16004.094102613419,1.113567517531613
221,0.4343891402714932,0.24109453227199715,51537.40949644734,1.4007214197196327
221,0.46153846153846156,0.3170194981636337,68079.27230949329,1.5586138905236042
221,0.45248868778280543,0.2949392744029959,63358.80210633556,1.5096208827085362
221,0.43891402714932126,0.2594527924245784,58378.735930809904,1.4625106557684475
221,0.43891402714932126,0.25512696974920834,54324.24471018925,1.4255839672518376
221,0.4660633484162896,0.33233625726961624,72674.24695425796,1.6117330119747302
221,0.39819004524886875,0.12995587575813897,29906.017478224832,1.220905671528586
221,0.38461538461538464,0.09047703411300345,19420.760755304476,1.1387945227157084
221,0.4072398190045249,0.16377735794189258,35361.084253134984,1.265475421090501
221,0.4796380090497738,0.371702715906276,80725.72458464821,1.6899797880979945
221,0.502262443438914,0.4294405056863313,92026.02884893263,1.809252279052924
221,0.43891402714932126,0.24680114621441107,52802.83926191034,1.4133968122352174
221,0.416289592760181,0.1884323331943357,41121.422151890714,1.310309159640479
221,0.40271493212669685,0.14473051162077336,31307.16931544919,1.2318121930655226
221,0.3936651583710407,0.11589337334281943,25253.455255460114,1.1831193169471432
221,0.39819004524886875,0.12386147181559966,25500.74322397163,1.1845480649944864
221,0.3755656108597285,0.060076617676829626,13175.539172972729,1.0928754738333626
221,0.38461538461538464,0.09104270394578302,21389.913467901963,1.1532155238492032
221,0.45701357466063347,0.30905537537228667,65795.08263937585,1.5319336217234893
221,0.40271493212669685,0.14928510923317562,31302.32030806364,1.2322608848591092
221,0.4343891402714932,0.23576710987633778,49259.02829033937,1.381261115893876
221,0.43891402714932126,0.2596590866426205,55430.69776496086,1.438101248991309
221,0.4434389140271493,0.2675705511250875,56264.489363278815,1.4435342417737234
221,0.38009049773755654,0.0782677189208592,17892.664451818582,1.1273617188649208
221,0.36199095022624433,0.024660967925751943,5437.324572119357,1.0376300985165239
221,0.334841628959276,-0.05762199472246019,-12779.981007131742,0.9152655608816874
221,0.42081447963800905,0.20015358073817893,41686.26024697781,1.3159442107644712
221,0.3891402714932127,0.08946615825777521,18799.762671257657,1.1352084071741946
221,0.4434389140271493,0.2655087169073787,58291.15971819873,1.4606164437925986
221,0.4298642533936652,0.227901028713713,49646.75269412599,1.3832011245587517
221,0.42081447963800905,0.20360792593240018,44224.45752308087,1.341483997268281
221,0.39819004524886875,0.12197787237251977,26954.00197876679,1.1983609658321477
221,0.40271493212669685,0.1459104476571855,32067.793529712893,1.2369683781237995
221,0.46153846153846156,0.32653843709210373,70280.15350508444,1.5808433807054838
221,0.36199095022624433,0.018897634456214753,6141.368692978296,1.042889141668271
221,0.4072398190045249,0.15943039417282626,33596.27757140958,1.2499460098538642
221,0.4343891402714932,0.23399210085226285,51892.02065429114,1.4068963716081935
221,0.502262443438914,0.4451191115164943,94609.40867504451,1.8353251517398486
221,0.40271493212669685,0.13944773292841045,32208.654276615358,1.2386111018900041
221,0.49321266968325794,0.4144491398962462,87814.87362767861,1.768235069895749
221,0.3755656108597285,0.06453733652898018,14486.877285851151,1.1017407146037268
221,0.4298642533936652,0.23209533973456578,50422.43882820431,1.392818933811059
221,0.3393665158371041,-0.04817996113623655,-10620.245651015623,0.9292633582222093
221,0.40271493212669685,0.15016901726796206,32468.772774208912,1.2403671900942157
221,0.4117647058823529,0.17365150169089874,35791.93946788917,1.2666674758842176
221,0.38461538461538464,0.09466508229346372,20957.367246406844,1.1507381030895303
221,0.3936651583710407,0.12434834900837545,25680.287869397325,1.187074423399387
221,0.42081447963800905,0.19278010741998736,42629.21387869767,1.3246526295847891
221,0.3438914027149321,-0.030742790879065982,-6631.653508456426,0.9556651066152891
221,0.40271493212669685,0.13864035646452227,31720.056501262196,1.234090026685025
221,0.4343891402714932,0.24453038762253018,53183.1120790549,1.4170454822278074
221,0.4479638009049774,0.2811372685958584,61639.81975112803,1.493295897133086
221,0.39819004524886875,0.13331021439706067,29622.388210616995,1.2177246142929001
221,0.45701357466063347,0.31509194281589914,68116.42580108023,1.559374995136585
221,0.40271493212669685,0.14651018413713282,31424.610350846648,1.2321388113079126
221,0.42081447963800905,0.20035954222174987,43762.84244160328,1.337173366110919
221,0.45701357466063347,0.30543059808772505,65303.17673787973,1.531476933872216
221,0.4117647058823529,0.1729071312431602,37127.45223602307,1.2800321924571996
221,0.39819004524886875,0.1321743871437724,27037.94050544878,1.1976251899039303
221,0.4434389140271493,0.27079170516458856,57764.15706758214,1.4595983160964272
221,0.3665158371040724,0.03778820066904689,8511.368975443198,1.059093146444876
221,0.3574660633484163,0.004828784326048053,2176.9197175584623,1.015110571694963
221,0.3755656108597285,0.0648366812922872,15077.898500291487,1.1063700595789903
221,0.3755656108597285,0.05883270755110367,13816.403214432055,1.0974503561444808
221,0.46153846153846156,0.30699104941274685,65416.702495664205,1.533519046318862
221,0.38009049773755654,0.0891794036314056,18848.081439347665,1.1358564194364082
221,0.4253393665158371,0.2125240935046461,45299.50345894228,1.3472336357268198
221,0.42081447963800905,0.20430868883294062,45741.05766921265,1.352459666289818
221,0.4253393665158371,0.21333304071185266,45396.862069421375,1.3455660997279535
221,0.3665158371040724,0.0332924517683164,7774.080298082054,1.054010878982256
221,0.3755656108597285,0.06872539690131828,14952.854111605238,1.1060189686530786
221,0.4072398190045249,0.1648266067199942,37032.44226804081,1.2782413331408704
221,0.4434389140271493,0.2591281448461559,56537.79103243375,1.4500722030377675
221,0.42081447963800905,0.20461778341579195,43565.54446372026,1.3341013933976253
221,0.45701357466063347,0.3148621157285244,68846.5106170021,1.5638847965413014
221,0.3665158371040724,0.03992555538631208,7866.283261751871,1.0545651325282464
221,0.4434389140271493,0.2495895073366613,55222.66620187201,1.4399171039495815
221,0.45701357466063347,0.30382141178571004,65695.47004243369,1.5370318288456957
221,0.4117647058823529,0.177557527386206,37613.452796331796,1.283587023891262
221,0.33031674208144796,-0.07787877125900645,-14991.643651255145,0.9013083118852976
221,0.37104072398190047,0.05179483062533811,10189.199741964567,1.0713929165195046
221,0.38009049773755654,0.08104726411138441,17983.5975694322,1.1283196601055232
221,0.4253393665158371,0.2004545914429564,43124.85112431819,1.3308766198746282
221,0.4298642533936652,0.22186860479231424,47529.46217694324,1.3663268598077103
221,0.46153846153846156,0.3205800302142766,67206.28008774109,1.5473841492281548
221,0.4117647058823529,0.16938593394569218,36455.47415663388,1.2744081927584736
221,0.40271493212669685,0.14479412632005392,30771.07237313794,1.2256944486841053
221,0.3665158371040724,0.04040455520552986,8856.986756606344,1.0624236006645595
221,0.38461538461538464,0.08533742466021325,19656.031089011856,1.140895248005752
221,0.43891402714932126,0.26267991139372027,56350.97026090561,1.4463903449765472
221,0.3936651583710407,0.12127716062755207,25434.628814725416,1.184391557913202
221,0.40271493212669685,0.14020292820102762,29355.381775034803,1.2160462670643655
221,0.40271493212669685,0.14689609848625323,31223.758633129157,1.2300220884932107
221,0.36199095022624433,0.027574420928825318,6147.472574396434,1.0426335093041859
221,0.3936651583710407,0.11981969901221638,25698.51017898201,1.186784216807335
221,0.43891402714932126,0.2538884671319554,56339.505365431825,1.4437936378356457
221,0.4434389140271493,0.26205929028760977,57492.92695875658,1.4564889872547102
221,0.39819004524886875,0.13297559295118766,27798.62236828825,1.2024499956228285
221,0.416289592760181,0.19605959422611827,42936.639259576,1.3291750648256486
221,0.38461538461538464,0.09561822795555995,20509.78576610953,1.1472194099220405
221,0.37104072398190047,0.051147089999160095,11926.769212113893,1.0835225694183563
221,0.3891402714932127,0.10956241887181947,22093.077446824733,1.1586614767117853
221,0.4117647058823529,0.17288809778208497,37526.99896551596,1.2811457726566005
221,0.4298642533936652,0.223086091508843,48581.02880172423,1.3769059623443312
221,0.36199095022624433,0.02345082849916809,7160.178578320203,1.0498009998607236
221,0.3076923076923077,-0.1455873414471579,-31988.83256370364,0.7968617618465819
221,0.45248868778280543,0.2953937075019359,64116.2017027924,1.5149570543618254
221,0.40271493212669685,0.1454071052036086,31703.175255012455,1.233514393815461
221,0.39819004524886875,0.1308230758720869,28123.134700721897,1.2052980083661646
221,0.416289592760181,0.179083201681773,39084.52725766751,1.2953319919855264
221,0.4117647058823529,0.17123590786250337,37008.402542944124,1.2782243796198551
221,0.3891402714932127,0.10290047043925314,21822.171287952347,1.158214478621899
221,0.3393665158371041,-0.04538381558203777,-9497.846383063697,0.9366755222508641
221,0.3574660633484163,0.009076658417406437,2395.6415030595354,1.0164031372823585
221,0.4253393665158371,0.20544101616477656,42047.55892216547,1.3208604091744263
221,0.39819004524886875,0.11794472069070762,26823.471750611418,1.1972693695229517
221,0.39819004524886875,0.1315222139349465,28983.703305167182,1.2118190434392149
221,0.4298642533936652,0.22319005304298326,49235.71267356575,1.3836940724808295
221,0.38009049773755654,0.07739464183545003,18395.41411959186,1.1308421033873273
221,0.3891402714932127,0.09685740815992504,21065.14759575614,1.1513787135906182
221,0.4660633484162896,0.3349931654882443,73368.4256821111,1.6077490429821075
221,0.4479638009049774,0.2702895281490672,58831.10178845604,1.4700014390150211
221,0.35294117647058826,-0.004710986004279234,-1350.1120610043872,0.9907313770450137
221,0.39819004524886875,0.13487654845410688,28116.626923898515,1.2064568803401854
221,0.38461538461538464,0.09087400464384773,18704.0341508176,1.133354199520745
221,0.4660633484162896,0.33340581030956107,72317.43966653259,1.5945915721923052
221,0.40271493212669685,0.14109728760667384,30926.67803872408,1.2293433005073717
221,0.4253393665158371,0.20620656415323804,44102.706476176565,1.3378527828667366
221,0.38009049773755654,0.08150891978049532,18157.43278714543,1.130198631517786
221,0.40271493212669685,0.14507673214047118,31586.39299126537,1.2330533071293375
221,0.3665158371040724,0.03760914074132595,7768.947533714512,1.0540148248379717
221,0.40271493212669685,0.14493562867695514,30341.361799850507,1.2228739058699845
221,0.37104072398190047,0.04609929053166581,11014.629836254706,1.0774447767228605
221,0.4343891402714932,0.24309607235180442,53048.679065113574,1.4152525767704576
221,0.39819004524886875,0.12709831611603747,27085.583991383995,1.199486905958044
221,0.3755656108597285,0.0466972946393088,8915.498860061542,1.0626215525431253
221,0.3936651583710407,0.11910947386358997,25359.07909740089,1.1840900570787942
221,0.42081447963800905,0.20058947591980916,45624.80196899388,1.3494249226309893
221,0.4343891402714932,0.24548202587232906,53419.11755946197,1.4198634914721509
221,0.416289592760181,0.18291685698213253,40040.062879189114,1.3026391063157734
221,0.38461538461538464,0.08043551999811975,17906.03438161008,1.128510411825607
221,0.3665158371040724,0.030127716875912803,6271.534942023539,1.0434600927377722
221,0.416289592760181,0.1870627134264149,40148.6720314218,1.3050839818272058
221,0.38009049773755654,0.078196670374427,16827.949325960668,1.1190958985997628
221,0.4072398190045249,0.16334214094060553,34685.5775420924,1.2585324472770727
221,0.4117647058823529,0.17222103361261093,36512.51668037156,1.2720206323400962
221,0.37104072398190047,0.05059875601407563,11782.526466820962,1.082649716749335
221,0.4072398190045249,0.15634058344398358,34116.0622427336,1.2550553622314047
221,0.38461538461538464,0.09178652840058504,20285.135374642065,1.145375781483635
221,0.45248868778280543,0.2952153417472536,66033.06816262039,1.5362348093565308
221,0.4434389140271493,0.26666233270058054,57354.53957236892,1.4560448074537373
221,0.40271493212669685,0.13639408852261403,30349.802630875733,1.2236163707977392
221,0.45248868778280543,0.29309036335659516,64129.20103452761,1.5159514416038475
221,0.416289592760181,0.17246734606733016,36377.60263528959,1.2737149925153552
221,0.42081447963800905,0.1924999320596969,42761.61038325129,1.3265871181223836
221,0.3665158371040724,0.029950923307653674,6319.994544188201,1.043979477947621
221,0.42081447963800905,0.20696959820245775,44911.4293854724,1.3439000395734344
221,0.37104072398190047,0.055073977667488186,11383.487088105763,1.080103114810428
221,0.4298642533936652,0.23292325109228323,48328.68974511845,1.3759397798187238
221,0.4072398190045249,0.15817445098112964,33533.77849875148,1.25048694188464
221,0.4479638009049774,0.2753072177076312,59384.43293650462,1.477993035611302
221,0.39819004524886875,0.12942279609314408,27489.83681409788,1.2009235674942929
221,0.4343891402714932,0.24144431670912836,52939.5268871073,1.4124832494188313
221,0.3755656108597285,0.06427420727985675,14931.49426193236,1.106373526674534
221,0.40271493212669685,0.14823384683426333,31246.669635208014,1.2303244645239952
221,0.36199095022624433,0.024019786374927625,5286.170152337103,1.036494896110508
221,0.3891402714932127,0.1049128363418464,22301.771814965745,1.1606671151957826
221,0.38461538461538464,0.09439098592107543,20114.08665205983,1.1441656454149054
221,0.3665158371040724,0.037182684466779095,7813.342883320936,1.054325681131448
221,0.34841628959276016,-0.015765815115557157,-3767.610745620139,0.9745110398533647
221,0.3755656108597285,0.0655581370346336,14540.349145870567,1.1022481986816954
221,0.45248868778280543,0.30439965035635286,67155.573297727,1.5506116649442845
221,0.4479638009049774,0.2827192570760691,61318.204291407215,1.490904170825918
221,0.38461538461538464,0.08935250520626245,21411.28907568581,1.1541011303461945
221,0.416289592760181,0.18753155435403188,41381.97416013533,1.3137632364917553
221,0.3574660633484163,0.011370950888798087,1567.5256247246143,1.010726671396934
221,0.45248868778280543,0.2968724695585345,63510.92362814158,1.51153237480942
221,0.4117647058823529,0.1732857693027005,36812.543276755256,1.2745733146110132
221,0.4117647058823529,0.1695984614021228,36005.34516307212,1.2715841839246707
221,0.4479638009049774,0.28203881931454805,61990.740736246415,1.4962813025505026
221,0.39819004524886875,0.1310686252840979,26799.026633684985,1.1950134754497947
221,0.40271493212669685,0.14552883411052872,31726.360119550583,1.2331711780212653
221,0.42081447963800905,0.19940233782588876,44643.9121510185,1.3422846322866875
221,0.38461538461538464,0.08371045948669788,17402.229403139943,1.123970160181321
221,0.4343891402714932,0.24003402006949817,50969.71530889493,1.3949190416493
221,0.42081447963800905,0.20018007445421757,43000.47646902681,1.3280478718319488
221,0.40271493212669685,0.1375170172732545,30620.962160147104,1.2250515527313874
221,0.43891402714932126,0.2589612173748256,55346.66008378325,1.4362834454938125
221,0.43891402714932126,0.24137072762584388,52995.7222710375,1.4161132776071212
221,0.36199095022624433,0.02074854200791678,4996.843456756347,1.034428145093937
221,0.40271493212669685,0.1395071648742509,30315.49986696784,1.223920168103288
221,0.47058823529411764,0.35276642763102367,77201.0013881342,1.6475332299771344
221,0.4298642533936652,0.23069916120871575,49182.70510449249,1.3802538954465868
221,0.4298642533936652,0.21943082674635928,47253.91131530396,1.368532356500637
221,0.42081447963800905,0.1904320313605079,40459.77690136713,1.3061739808486776
221,0.3212669683257919,-0.09606165523073185,-20469.48677007355,0.867320348323579
221,0.4072398190045249,0.1519926950519067,31403.245424892444,1.2316715448259852
221,0.3891402714932127,0.10486807486515114,23349.982965901876,1.1680962680752665
221,0.3574660633484163,0.010888825288848188,2779.2159162007756,1.0191407394738017
221,0.42081447963800905,0.19949002290369822,44184.669880154244,1.3368348070902087
221,0.37104072398190047,0.04818450450002597,11600.484681587352,1.0811974216566056
221,0.3755656108597285,0.0631022654321398,14878.044556575174,1.1061093490769947
221,0.39819004524886875,0.1285625720991368,27396.72366031096,1.1997564937744023
221,0.4117647058823529,0.16881904947664683,36457.76020664755,1.2725050905507387
221,0.45701357466063347,0.2969012885435599,64306.61135315952,1.519632653602181
221,0.4117647058823529,0.16742088660962332,34806.987797461545,1.2593572659333763
221,0.3891402714932127,0.09765753138858263,20849.653018348483,1.149516147048134
221,0.4072398190045249,0.16074977419324227,34922.147058949464,1.2605627247284255
221,0.40271493212669685,0.13002270000863406,30721.979132480214,1.229420727465591
221,0.4253393665158371,0.21313025584540052,47464.82419583748,1.3653792323310256
221,0.416289592760181,0.18302725065285386,38566.83150130416,1.289756799851356
221,0.42081447963800905,0.19158260632548804,39652.83719347552,1.2986654770657522
221,0.3891402714932127,0.10462761976059481,22036.927754320495,1.1577411291633724
221,0.4343891402714932,0.239482985333335,52652.684335558326,1.410810215349482
221,0.4253393665158371,0.213991032827773,46707.19960815992,1.359226726008914
221,0.36199095022624433,0.02320486831888677,5210.182816472723,1.0358638771664264
221,0.37104072398190047,0.03527558714591317,9741.58431517659,1.068472061229585
221,0.3891402714932127,0.10520022814243618,22468.01822011637,1.1616595510555
221,0.4298642533936652,0.2233798404532298,48969.94633370425,1.378427164651198
221,0.40271493212669685,0.15090793088009508,33391.72170837411,1.2498523418146434
221,0.36199095022624433,0.02175500372911475,4313.10543488409,1.0296845027726258
221,0.4253393665158371,0.19787915810832726,43175.00933852877,1.3312062006106693
221,0.4479638009049774,0.2766223684093999,59109.17703495725,1.4700771165510946
221,0.39819004524886875,0.13318658872550787,30349.250469278224,1.2239059618665458
221,0.416289592760181,0.1909060194837025,41298.62522625135,1.3131915215094079
221,0.3665158371040724,0.0389971377728675,9062.280109745667,1.063096494073433
221,0.40271493212669685,0.14889381696193715,33464.34097728541,1.2478038269720024
221,0.3891402714932127,0.09870861069404954,20121.584991279335,1.1444090763269383
221,0.42081447963800905,0.19987037055036946,43010.43347822511,1.3270973199441205
221,0.4117647058823529,0.1761216769325656,37172.21706116153,1.2799801931477026
221,0.416289592760181,0.19613897296826588,42911.62924288396,1.3276512917802692
221,0.4298642533936652,0.23112101996454865,50516.09570034865,1.393822885836989
221,0.4072398190045249,0.1629568201876767,34875.09958443013,1.259664080771579
221,0.3574660633484163,0.007504320198505304,3647.1020519051854,1.0251887655014666
221,0.4117647058823529,0.17353024383044383,37014.27946598092,1.277632115888241
221,0.38461538461538464,0.09202668764840904,20399.090402130074,1.146372568011499
221,0.39819004524886875,0.1243828429481948,25091.752358514415,1.1830860581817109
221,0.4660633484162896,0.3352300421497073,71804.07044470699,1.5939078488853489
221,0.43891402714932126,0.2577217926181157,54597.14009173126,1.4304518091434932
221,0.42081447963800905,0.18441546850440424,39439.34581652876,1.300220309265179
221,0.3936651583710407,0.12115913346641886,26132.010365889648,1.1898159126189958
221,0.416289592760181,0.17898133726192364,39268.77941035673,1.2958208149940056
221,0.40271493212669685,0.14973377150780917,30742.449313975092,1.2264673728648854
221,0.38461538461538464,0.09316749371166155,20229.129695551946,1.144773497645189
221,0.416289592760181,0.18624555379064048,40113.578945994166,1.302080648642243
221,0.42081447963800905,0.19971814679612282,43096.80048122622,1.3276417958587194
221,0.4343891402714932,0.23678890284537663,52048.83261778766,1.405118630273059
221,0.4660633484162896,0.33582707248844285,71716.20101043153,1.5931869422609366
221,0.38009049773755654,0.07851508993610244,16778.659401646306,1.1190146588723184
221,0.34841628959276016,-0.027525740569507736,-7072.746298281667,0.9523444980063779
221,0.38009049773755654,0.07017752913656566,15374.073464828558,1.1092434400852167
221,0.416289592760181,0.1875978665991675,39635.38246669783,1.2974661626861776
221,0.39819004524886875,0.12326830131538029,26385.49099408481,1.1946314507722846
221,0.42081447963800905,0.19725521787883254,44277.455425549546,1.3392622107579852
221,0.416289592760181,0.177205670746681,38283.44573733216,1.2901772682443238
221,0.45701357466063347,0.3092617502049516,66685.67948174066,1.5399779807465277
221,0.416289592760181,0.19069174609358117,42533.724079544656,1.323876730444912
221,0.39819004524886875,0.13644786869422457,29485.889064337563,1.217203680256223
221,0.4479638009049774,0.2834645562900086,60239.571611234416,1.4806891776453937
221,0.4117647058823529,0.1578860228297406,34570.776984129036,1.258225651990775
221,0.46153846153846156,0.31551491057852205,68640.30221518723,1.5627193812445361
221,0.3936651583710407,0.12102057059397962,26782.00094739224,1.1960232935027293
221,0.37104072398190047,0.05250942967284884,11555.288071259314,1.0810249593413315
221,0.42081447963800905,0.1936134861541579,41914.95978867876,1.3184992473763748
221,0.37104072398190047,0.047198642264326844,11718.271513505255,1.0826678669905054
221,0.46153846153846156,0.3102909450346482,66257.45945440244,1.542447667808986
221,0.4253393665158371,0.20674847777254524,44960.07861462747,1.3452099498097636
221,0.43891402714932126,0.2552844258930229,54557.61231436501,1.428222160584375
221,0.416289592760181,0.18754831731762395,40831.407730380386,1.3073619962934726
221,0.416289592760181,0.17713137902171716,39015.3837891717,1.2949675608925044
221,0.3936651583710407,0.10667151537042605,24066.57734502265,1.175332481602124
221,0.3936651583710407,0.11618287214480287,24812.897597853436,1.1799765121209778
221,0.4117647058823529,0.17659688879868396,37065.48871757536,1.2771349991341698
221,0.3755656108597285,0.06497919597945259,14978.269315086465,1.1056895062638064
221,0.45701357466063347,0.30611750682148436,67285.12681769737,1.5499462655093554
221,0.416289592760181,0.17865397825391185,40730.826314545484,1.3089448862762132
221,0.334841628959276,-0.054611059973337206,-10192.303939352427,0.9317229495296973
221,0.3936651583710407,0.11674478854119638,24656.27240555845,1.1780809911353272
221,0.4660633484162896,0.3430917709149872,74667.45388082867,1.6244916576059147
221,0.40271493212669685,0.1461637926926417,32236.02017117046,1.2390665103469516
221,0.39819004524886875,0.12829274479927746,26845.029719651488,1.1978546377124946
221,0.416289592760181,0.18502627660270682,38806.995868669415,1.2909534168482037
221,0.3891402714932127,0.10739204021562125,23929.947217952715,1.173163313920423
221,0.37104072398190047,0.05698745010982344,12955.973692001433,1.0913553271012588
221,0.45701357466063347,0.30997266370747345,66032.90023943815,1.5355687783638674
221,0.4343891402714932,0.24151729547571396,52326.22523597209,1.4083574885191084
221,0.4072398190045249,0.15774618091449358,32450.516310335897,1.2406068441612907
221,0.38461538461538464,0.09131592230067066,19482.602191671456,1.1389068935749433
221,0.43891402714932126,0.24607485741411309,54206.25118908686,1.426761233446345
221,0.4072398190045249,0.15848869664421908,33315.12980344777,1.2457364654660898
221,0.3936651583710407,0.13144901124664155,28497.98685255993,1.2103014684526536
221,0.46153846153846156,0.31978532924504366,67560.11788735041,1.5511271287580581
221,0.4434389140271493,0.26935206008266044,58967.84045060165,1.4712252164074804
221,0.4117647058823529,0.1737334219855482,36715.98363977745,1.2746208647289134
221,0.42081447963800905,0.19939710201922559,42651.269724948244,1.3235247853988854
221,0.4343891402714932,0.2344273418520286,50551.62773892071,1.3944531482400389
221,0.34841628959276016,-0.023567750956737323,-6099.475191475112,0.9591031464014257
221,0.416289592760181,0.17933082039113468,38150.46024276379,1.2862366779536432
221,0.37104072398190047,0.05177176974500465,11878.998465413111,1.0831649517503146
221,0.45248868778280543,0.30260092875724076,64345.27683437285,1.5224094517379192
221,0.4343891402714932,0.24423408340422811,53980.99643630914,1.4231618041269183
221,0.40271493212669685,0.13920328602820853,30416.19237876803,1.22457325470014
221,0.4253393665158371,0.2138332802106699,45892.932617961065,1.3519665952240925
221,0.40271493212669685,0.13761526545364183,28961.58817037951,1.2129821154959488
221,0.4253393665158371,0.22017621720884767,46378.94734112443,1.3580403114083122
221,0.4072398190045249,0.16785075033135513,37538.134673327135,1.2832963741752201
221,0.35294117647058826,-0.000984470039950727,321.18486917853625,1.0021946972754752
221,0.4117647058823529,0.16952030889578795,35929.05377582971,1.2677850060493991
221,0.416289592760181,0.18643932287057813,41838.96818777965,1.3147561873049234
221,0.3891402714932127,0.09040207145329761,19274.385890524976,1.1379384091650715
221,0.4434389140271493,0.2623959306897172,58780.15700572016,1.4687074761760561
221,0.3936651583710407,0.11815786044973553,25292.695782527368,1.1827747797884047
221,0.3665158371040724,0.028345330341484287,6697.428884572153,1.0465996261336732
221,0.4298642533936652,0.23050536695072638,50955.46618073437,1.3953749609351445
221,0.416289592760181,0.18230714364671924,40858.76096058609,1.3090497369901866
221,0.47058823529411764,0.3494428926140654,77424.69343642925,1.6497097285431448
221,0.4298642533936652,0.22969665259818822,49717.126892885484,1.3856898974311365
221,0.3755656108597285,0.06309494976966248,13756.844454082697,1.097703937137531
221,0.36199095022624433,0.026225197701987314,6970.4837576019045,1.0484545615597498
221,0.4434389140271493,0.2651578248299311,57801.031914833475,1.457525475662614
221,0.43891402714932126,0.257839981581827,55345.49014846049,1.4351527084456985
221,0.3755656108597285,0.06513331369862702,13901.794067870207,1.0983190323722558
221,0.3936651583710407,0.09969494492887679,21605.303853815203,1.1568956871118723
221,0.40271493212669685,0.14973296302336034,32706.861850861278,1.241669969945692
221,0.39819004524886875,0.11965815380090195,24891.48158327098,1.1813665625822023
221,0.4072398190045249,0.16217792486692517,34430.80605249816,1.2562102617507234
221,0.43891402714932126,0.25439667844462366,53565.40692389925,1.4192823229865272
221,0.43891402714932126,0.2461803227447275,53617.9498314864,1.4210140565290683
221,0.4253393665158371,0.209278493984211,44122.49491505876,1.3385201443456722
221,0.38009049773755654,0.07947000431187994,16868.194075955653,1.120230321376125
221,0.42081447963800905,0.18585439860821068,41452.25641124641,1.3162553708166118
221,0.416289592760181,0.18640741216296786,38007.38170006938,1.2855107037816027
221,0.4253393665158371,0.21709799909217695,49085.98433174992,1.381258307864685
221,0.3755656108597285,0.06443700322049668,14055.22773812107,1.0989886913059197
221,0.43891402714932126,0.25930479975842236,56259.61208435666,1.4464729969974488
221,0.39819004524886875,0.12986828379642265,27993.13287389067,1.205713796289322
221,0.4117647058823529,0.16462848693186027,36532.05377162881,1.2728206432543496
221,0.4796380090497738,0.36920961238878514,79062.09605103356,1.670878416290456
221,0.4072398190045249,0.15950025502189957,32971.742526633556,1.2431256210529662
221,0.38461538461538464,0.08907315417621693,20042.720457722182,1.1440052491757864
221,0.42081447963800905,0.19185850512886807,41511.19508206237,1.3145887617225058
221,0.3936651583710407,0.11871899019371972,26561.575427660096,1.192565202225323
221,0.4479638009049774,0.27808989280921453,60174.34650981038,1.481095518139943
221,0.4660633484162896,0.33911897382653167,72842.37576152112,1.6100852301867266
221,0.45701357466063347,0.30174207223282,65793.10828342782,1.5344527879114573
221,0.4343891402714932,0.2408859048043986,52907.414658721216,1.4108750997490198
221,0.334841628959276,-0.06375461213845872,-12630.111354365648,0.9163345346788004
221,0.4841628959276018,0.38865028260571327,82618.98621200128,1.7065741544197182
221,0.47058823529411764,0.3346577927883348,73131.45241208814,1.6099979647165392
221,0.43891402714932126,0.24700623582936232,52672.80547875007,1.41172066359649
221,0.416289592760181,0.1842157713793756,40774.17799091066,1.30808875780918
221,0.37104072398190047,0.048723483227263886,10439.959973925248,1.073328746612303
221,0.38009049773755654,0.08082916109332633,19348.96639836362,1.1383220208130231
221,0.39819004524886875,0.1317765800522,28160.119495390823,1.2054131711077576
221,0.38009049773755654,0.07728479100034288,17669.963413269223,1.1253642021067094
221,0.4660633484162896,0.3340378839612312,72218.4533616103,1.5995202456738369
221,0.4343891402714932,0.24255520284666304,52856.7144634773,1.4159315873008118
221,0.4751131221719457,0.36420784985799626,77236.71552537268,1.6477543741460912
221,0.4072398190045249,0.16499075224403548,33921.05171900411,1.2532803233696879
221,0.3665158371040724,0.03755457629893819,6520.0192205925505,1.0450692125627958
221,0.39819004524886875,0.1272828981089976,27135.084576706682,1.1978877713818352
221,0.4117647058823529,0.1549631966514294,32694.578406372493,1.2438986648023784
221,0.4072398190045249,0.16091235978664498,35910.467916760565,1.267363836821708
221,0.4298642533936652,0.22721788479471924,50047.4318233549,1.3847081920601318
221,0.38461538461538464,0.08969610441838753,19259.992706443914,1.1387389923363758
221,0.4072398190045249,0.1477064447811119,30588.863703622796,1.2262782062938626
221,0.38009049773755654,0.08136965918358831,16905.991259775627,1.120370921282727
221,0.416289592760181,0.18116680640014832,40412.564593955074,1.3061438912400605
221,0.4117647058823529,0.1719089758949007,36538.95877023297,1.2724978863796574
221,0.4479638009049774,0.2841306683445316,61971.24024351907,1.4969852854807228
221,0.43891402714932126,0.2432684710208988,52020.02291827876,1.4107913480398053
221,0.4298642533936652,0.22622709367647842,46714.26187265172,1.3573306767640865
221,0.416289592760181,0.1838837033992234,38563.97845865089,1.2911645000391825
221,0.43891402714932126,0.24773573041881422,53947.6599606205,1.4220726898199902
221,0.3891402714932127,0.10792240306645526,24184.32520640448,1.1752719393115216
221,0.4117647058823529,0.1669029305532387,34859.530086926425,1.2601387937936754
221,0.4117647058823529,0.17718513973752462,38410.463744520865,1.2910641876598474
221,0.4117647058823529,0.1700238477263206,35485.53596607395,1.2667772563807644
221,0.4253393665158371,0.2146268105297304,46625.37078960401,1.3554669990333665
221,0.45248868778280543,0.2839740123139724,60875.341422836136,1.4913162136797706
221,0.3665158371040724,0.040157280478104726,8201.844619804317,1.0569927925979707
221,0.3891402714932127,0.10450851313233908,22236.477105979953,1.1599870314444867
221,0.3755656108597285,0.0644440044697661,14433.952053976347,1.1017699177009075
221,0.4343891402714932,0.23795390935311664,52410.85903271077,1.4156861864915833
221,0.416289592760181,0.18610244688720773,40889.46203288517,1.308737186242827
221,0.39819004524886875,0.13393027165635943,29192.37518695113,1.213925566482108
221,0.38009049773755654,0.07846584315571739,16910.61840469944,1.1199539371861762
221,0.4298642533936652,0.2281015435710767,47577.39386673822,1.3664233729036768
221,0.416289592760181,0.1915544014442994,42443.786983485,1.3235596583319267
221,0.46153846153846156,0.32200889152000756,68462.18395198505,1.5579747001932074
221,0.45248868778280543,0.2951146768197244,63440.03778948597,1.507844479239891
221,0.4117647058823529,0.1662906176853484,35723.02737568244,1.2663707762369516
221,0.39819004524886875,0.11131652044549285,23993.40513485336,1.1753645939627326
221,0.4117647058823529,0.18033418098048443,38859.572791225306,1.2945898781068386
221,0.45701357466063347,0.3079046238809738,65301.07643549389,1.5301106675485103
221,0.40271493212669685,0.14780754451633976,33931.46064689863,1.2520581198166911
221,0.43891402714932126,0.2534979673993209,55982.407861976375,1.4412238286488992
221,0.40271493212669685,0.14003503333450176,29604.93092648922,1.2177566128295096
221,0.4117647058823529,0.16524536418346014,35327.74146067641,1.2642695729382702
221,0.43891402714932126,0.2517307228286017,52960.3496857578,1.4173553537793107
221,0.40271493212669685,0.14274517151933405,30030.58159551954,1.2212702263193436
221,0.3936651583710407,0.1102073349771314,24052.433053629327,1.1755547798826265
221,0.4253393665158371,0.21574563279221334,47470.47921001674,1.3659759448138715
221,0.43891402714932126,0.25746453999449964,55117.32983397953,1.433821923907388
221,0.38461538461538464,0.09123009862095569,19296.482839679244,1.1372548564926432
221,0.416289592760181,0.18007595353408448,40175.06661630371,1.3031884540798333
221,0.38009049773755654,0.0783236652658718,17586.871134326586,1.1247794128189534
221,0.39819004524886875,0.13131501152495584,27521.473790290016,1.2022961822664964
221,0.4117647058823529,0.18291085097685061,38726.773077514474,1.2942865824142948
221,0.4253393665158371,0.21470755035305195,44379.2127782789,1.3381383178350077
221,0.46153846153846156,0.3210506216701488,69873.8445713706,1.5744654966971534
221,0.4117647058823529,0.17313890527682665,36521.806222507046,1.272159185182829
221,0.4298642533936652,0.22173348569187804,48106.240610590554,1.371694970788481
221,0.4751131221719457,0.35403398132808744,76044.96478723983,1.6359746535204611
221,0.3755656108597285,0.06410053253290691,14101.615646751381,1.099182420134
221,0.4072398190045249,0.15868441354528742,35668.607768866124,1.2651278026382307
221,0.4751131221719457,0.36641819266111264,79174.81324642326,1.6675765620247525
221,0.43891402714932126,0.23668563534017728,51915.23471598128,1.4078792252344263
221,0.3891402714932127,0.09719567281173104,20909.41914935542,1.1506503946684834
221,0.4479638009049774,0.27904391936925615,61427.502256660664,1.4912573665060538
221,0.42081447963800905,0.192331194805432,41493.606425710735,1.3152879585772315
221,0.3665158371040724,0.02898466768329153,6349.497528396248,1.0442237049576528
221,0.4434389140271493,0.268988767787393,58205.82163928534,1.4597563044946433
221,0.38009049773755654,0.07201888169959393,16055.407862847696,1.113747368703612
221,0.38461538461538464,0.08252517799496994,19664.15239054015,1.141734771764353
221,0.4072398190045249,0.15481887077346454,33890.56481999836,1.2528304069316223
221,0.38461538461538464,0.09159222570623947,17850.972089294242,1.1268342251369934
221,0.4072398190045249,0.1445277611616318,30906.864918968546,1.2291511251410059
221,0.4253393665158371,0.20981421107766818,44919.665083907836,1.3455716106238376
221,0.4117647058823529,0.1776707713597047,39637.991054195154,1.300782513723077
221,0.3936651583710407,0.11045410916453366,23227.925307668444,1.1684343785859452
221,0.4253393665158371,0.21326911707407,46465.503962284536,1.357691219642877
221,0.36199095022624433,0.021562983626580313,5713.659531422994,1.0398033713120578
221,0.3936651583710407,0.11090320134294775,23614.055920880888,1.1713949248659346
221,0.416289592760181,0.19171494808015202,40985.24534038437,1.3110721282986229
221,0.4117647058823529,0.17380258553013941,38012.177342663614,1.2848216267341634
221,0.416289592760181,0.18571227784511468,40602.02816769951,1.3054619314852178
221,0.416289592760181,0.18666202959086017,41271.582584852586,1.3106359450960121
221,0.4072398190045249,0.14873422545752465,31376.38991527679,1.2325906722950957
221,0.37104072398190047,0.03467420274495787,7230.139033886014,1.0503637137597484
221,0.4117647058823529,0.16590282578942203,35701.0983353301,1.2666759496532793
221,0.3257918552036199,-0.08056613755336291,-17934.589349552032,0.8827646544925893
221,0.4434389140271493,0.26158941283577475,54887.93817078092,1.4337506336348895
221,0.39819004524886875,0.1332014583157898,28844.599649975047,1.2116252968030028
221,0.3891402714932127,0.09728789227144882,21982.125499355792,1.1589035309239215
221,0.4796380090497738,0.36911940864436776,79062.08768809798,1.6698478975812623
221,0.416289592760181,0.18757265314638327,40502.75930750068,1.3044719618819727
221,0.43891402714932126,0.25363153475783196,54919.48112520956,1.4307551272216275
221,0.416289592760181,0.17459969840953668,36054.71432500167,1.2706956045135775
221,0.35294117647058826,-0.0032058479382687287,-1046.6540381324812,0.9929310131719805
221,0.4298642533936652,0.2189789998340062,46363.065830714266,1.358288056935402
221,0.4796380090497738,0.37102468065758765,79090.40691174126,1.6687012802180474
221,0.3755656108597285,0.0573780073249074,10954.481119072483,1.0767359646216867
221,0.4072398190045249,0.1446588961759248,31303.03445767577,1.231693051756556
221,0.4117647058823529,0.15645533451561752,35907.9701703466,1.2718120410163307
221,0.42081447963800905,0.1931434531671967,41370.50319164524,1.3141416497803748
221,0.4072398190045249,0.1502951313861685,34483.11132265888,1.2577457217424748
221,0.37104072398190047,0.03812078515992285,8427.418477056808,1.0595507679167895
221,0.45248868778280543,0.28916498161383775,62652.442695251986,1.5051536144698785
221,0.40271493212669685,0.14441262019392254,30748.181613318295,1.226523601164139
221,0.40271493212669685,0.14663266228638125,31273.834196978372,1.230411394344709
221,0.4253393665158371,0.21694233793054954,47885.337789682526,1.370033553806603
221,0.416289592760181,0.18339041010094126,40851.62245651746,1.30910051704229
221,0.4434389140271493,0.2735124671427574,57053.519067756155,1.4517915325574327
221,0.3891402714932127,0.10552209071143936,22802.111724239905,1.1642319412185913
221,0.3891402714932127,0.10730684561130102,23575.180553976985,1.1705553255746466
221,0.46153846153846156,0.32166046080593275,69893.01395356211,1.575130290974347
221,0.47058823529411764,0.3505045944438982,75702.4270820828,1.6297844287059857
221,0.38461538461538464,0.0860226009715802,18388.46554354085,1.131617098072142
221,0.3936651583710407,0.12002662107751154,25378.852354864197,1.1835971890796413
221,0.43891402714932126,0.24528862001042817,52988.24699617194,1.4168254739951083
221,0.4343891402714932,0.234877910338115,50062.941394986025,1.390776441530076
221,0.37104072398190047,0.04311625304260765,10648.36260466268,1.0749162677044988
221,0.42081447963800905,0.19657465511712988,42365.96849652616,1.3206324237628313
221,0.3936651583710407,0.11117325046151874,24413.127843936756,1.1772868236281293
221,0.38461538461538464,0.0872354864478071,19995.492935995633,1.1437856357397505
221,0.39819004524886875,0.1268750889552139,27383.92060753853,1.1992338314583115
221,0.3665158371040724,0.04351280500246258,10434.384702876896,1.0735106221532027
221,0.43891402714932126,0.25155461933394374,55285.653267710004,1.4355365798749817
221,0.4072398190045249,0.1598049383923496,34555.15757209795,1.2557915509392188
221,0.40271493212669685,0.13674685037019127,28501.235698696197,1.2088334921711816
221,0.4434389140271493,0.26558574306412713,57056.73271907412,1.4506643544824585
221,0.40271493212669685,0.15409987771589803,34717.01862586166,1.260774210363065
221,0.38009049773755654,0.07183657179463346,14884.309221871566,1.1054870711936449
221,0.40271493212669685,0.14969778098164288,32628.369808313822,1.2415983799771177
221,0.3393665158371041,-0.043506891700850016,-8487.009332244015,0.943431675683594
221,0.38009049773755654,0.07593803774429926,17155.54760677874,1.1227279261065446
221,0.4751131221719457,0.36142666292670017,78453.0108986758,1.656245802837263
221,0.38009049773755654,0.07568016121329521,16809.773508651706,1.119475151831604
221,0.4072398190045249,0.15084620464324938,33504.061300587884,1.2497893114588279
221,0.3891402714932127,0.10465892618042748,22794.603794730825,1.1642451552100397
221,0.38009049773755654,0.08265130248961393,18132.85784896583,1.1296772581285255
221,0.38009049773755654,0.07711888018937964,15386.18271434133,1.108792327037331
221,0.4796380090497738,0.373752863064947,81241.30129410044,1.6939754045725905
221,0.45248868778280543,0.2978988640508196,63154.623799102104,1.5070932890822988
221,0.3891402714932127,0.10551456438763801,23426.2238665925,1.168536165928936
221,0.37104072398190047,0.04005270666138761,9060.305348503223,1.0635338545911437
221,0.4072398190045249,0.15333834503890642,32426.75200170064,1.238473568434871
221,0.3755656108597285,0.0638905023205329,15266.806996627845,1.1088896657109044
221,0.4072398190045249,0.1516428822136748,33235.55885617578,1.2485744119469129
221,0.416289592760181,0.18847780898124933,40479.03856256933,1.3063952471510596
221,0.3936651583710407,0.1188992376812048,25284.931290627064,1.1838422613194908
221,0.4343891402714932,0.23668953078914462,52236.21809257824,1.406607903879456
221,0.3891402714932127,0.10796756144240235,23691.52508907025,1.1710283187882613
221,0.3891402714932127,0.10148521123694301,22132.59894318516,1.1608656808582216
221,0.4479638009049774,0.28339573717070654,61675.18310128685,1.4953000142323483
221,0.4298642533936652,0.22842069801396558,48164.34585416607,1.3722071439584163
221,0.42081447963800905,0.20354789733139259,44308.69774510393,1.3396883661947274
221,0.45248868778280543,0.29191205019834787,64500.456400821495,1.5230265217067123
221,0.39819004524886875,0.11264654625540367,25046.46439740224,1.1835492690696061
221,0.4072398190045249,0.14791805280584364,32508.003737724757,1.2427875837138103
221,0.45248868778280543,0.2997020251914709,62692.3747014909,1.5080312248071979
221,0.3755656108597285,0.06924334530330106,15419.12319127554,1.1092920040957648
221,0.4253393665158371,0.2094528332753224,46792.00581704253,1.3623737476717677
221,0.3936651583710407,0.12099539522147419,27021.732890437852,1.1963527887192047
221,0.416289592760181,0.1862771176535648,41150.423257432485,1.3110244185086681
221,0.38461538461538464,0.0943147700159486,19319.82371141537,1.1380117385787119
221,0.43891402714932126,0.25413752294112335,53434.77718995303,1.4186420594506233
221,0.37104072398190047,0.05088025885165829,12753.30676745576,1.089934957010916
221,0.38461538461538464,0.09295365551316599,19718.135634228474,1.140971947066284
221,0.39819004524886875,0.12763390214697354,28030.553688185915,1.2054019292250384
221,0.416289592760181,0.1942667417618081,42627.92276627148,1.3264131696728232
221,0.4479638009049774,0.28129702511888555,60348.58960971217,1.4853096224962754
221,0.42081447963800905,0.20316200523953507,43478.948176082515,1.3317750450300256
221,0.4479638009049774,0.27291325114776016,58375.796028912744,1.465637973188953
221,0.4298642533936652,0.2307248161095168,47934.56405677914,1.3739584473423512
221,0.3891402714932127,0.10536995694171487,22927.82203566946,1.1663179887744752
221,0.416289592760181,0.18619505268980155,38981.59573702384,1.2933103006207995
221,0.4253393665158371,0.2130601431534177,46462.23575236523,1.3545523063422666
221,0.42081447963800905,0.19506849178289531,42901.75742295963,1.3262695423576405
221,0.42081447963800905,0.18645654058100317,40164.56321627424,1.3038360969586034
221,0.38461538461538464,0.0916061888923473,20967.028364852853,1.1502384392045124
221,0.416289592760181,0.1909316927813511,41827.878590789645,1.3177838217916267
221,0.4298642533936652,0.23054075010057284,50603.29940540064,1.3951799739197839
221,0.3936651583710407,0.11461831046419794,24864.642629162547,1.1803539366747244
221,0.37104072398190047,0.054090117321278906,12845.289566353338,1.0900651985583139
221,0.4072398190045249,0.15616172520079014,34438.531596574234,1.2555122289699803
221,0.416289592760181,0.18638675403027885,40285.23564050917,1.3039349809970702
221,0.38009049773755654,0.07894891514311912,17302.95060074653,1.1233351375911356
221,0.4479638009049774,0.2727634161080575,59008.346471832265,1.4686696376604729
221,0.42081447963800905,0.19437907733487886,41623.857525587744,1.3174579448835477
221,0.43891402714932126,0.25823337178274813,56071.56248243088,1.4446041481084282
221,0.38461538461538464,0.09243522757314418,20600.71751963717,1.1475276910515788
221,0.38009049773755654,0.06916764553597535,14459.28020579751,1.1021473672158222
221,0.4117647058823529,0.1672740815983935,35255.55314451879,1.2637422126452311
221,0.3755656108597285,0.06497622324349225,12135.718937926187,1.0852283721011196
221,0.48868778280542985,0.4049223131317169,86966.50025360493,1.747983526313236
221,0.4253393665158371,0.20503305135985259,44808.969361968615,1.3446437618583644
221,0.38009049773755654,0.08047250275566346,17546.051173784137,1.1263717526336288
221,0.3936651583710407,0.11857659814755898,24685.997990722924,1.1788687032724254
221,0.4253393665158371,0.21190316692975986,46309.51018499388,1.3588293429688107
221,0.416289592760181,0.18179329761728621,38059.045454628285,1.2865081396614397
221,0.43891402714932126,0.255592786432517,55186.255178276835,1.4320704201867178
221,0.4298642533936652,0.21505925233632364,47386.62175183047,1.3660972681515706
221,0.4072398190045249,0.15358480130306873,32695.783830010998,1.2426939202385816
221,0.40271493212669685,0.13785415690690106,28228.59767396737,1.2068350836789146
221,0.4660633484162896,0.3275080615521099,69288.61771804735,1.568514162732061
221,0.49321266968325794,0.40936238180634515,89874.97263374405,1.7842478524183454
221,0.40271493212669685,0.14890980877323204,32570.945718027426,1.2418147996595865
221,0.45248868778280543,0.28984974171754513,63543.28110515622,1.514526744976623
221,0.46153846153846156,0.30586073544066283,65863.62545218054,1.5367993629003882
221,0.40271493212669685,0.1560783945303236,34665.71883770547,1.2606210392465456
221,0.37104072398190047,0.019295918056339918,5416.2180662201135,1.0379649574958867
221,0.4479638009049774,0.2843195850457299,61617.89670353008,1.4939498542323886
221,0.416289592760181,0.1861817359970283,41378.38981888967,1.3142130956998237
221,0.4434389140271493,0.26165896176321785,56692.81242174888,1.4481757376124669
221,0.416289592760181,0.18576474282304914,40646.840715974526,1.307447113695824
221,0.4117647058823529,0.16704172900947717,36905.6049638351,1.2768789098275644
221,0.4117647058823529,0.1730568359946366,37546.66407354117,1.2807883465028216
221,0.39819004524886875,0.13725268932273843,29736.966322605782,1.2191177287805313
221,0.497737556561086,0.42916193465363245,91628.15448656904,1.7992519635995319
221,0.3936651583710407,0.11734163761279169,24565.765289856565,1.177572294495912
221,0.45701357466063347,0.30969434670924845,68362.70226888296,1.5569402536493575
221,0.38461538461538464,0.08266218813950618,18529.360440802804,1.132702162929095
221,0.38009049773755654,0.0782698128247735,16672.649262873645,1.11817025258926
221,0.38009049773755654,0.07750917041060489,17160.235527098586,1.1220422709597866
221,0.43891402714932126,0.25914342338074564,55908.04691570293,1.443852596393106
221,0.416289592760181,0.18648935368932829,39567.78984854632,1.2982536672433602
221,0.4298642533936652,0.22827271039546704,47780.042255944965,1.369740596776266
221,0.3936651583710407,0.10412834006933358,22664.665578135053,1.1646230380527247
221,0.4253393665158371,0.21394730034547735,44403.176024283224,1.338224196825707
221,0.3936651583710407,0.11949314258632159,24993.20657142032,1.1811131984418648
221,0.45248868778280543,0.2984375807617083,65849.04932039024,1.5358002103633386
221,0.39819004524886875,0.1332933973866674,30207.920834357767,1.2214196144698897
221,0.35294117647058826,0.0018563460878996834,1753.5685156981162,1.0121055787653144
221,0.3574660633484163,0.01369330258081399,3126.4906019564023,1.0214889704450951
221,0.3574660633484163,0.0027440168487882213,890.2366350272714,1.0061052762068519
221,0.4660633484162896,0.31721801731082855,67879.95117390456,1.5599779653889463
221,0.45701357466063347,0.30296185690693284,65221.85829831971,1.5282953080727888
221,0.38009049773755654,0.07812730898991199,18557.752270307385,1.132562116344402
221,0.40271493212669685,0.13224397934604826,30086.641832216657,1.2222517050663104
221,0.3891402714932127,0.10506656734011717,23359.0601647563,1.1688133960022216
221,0.46153846153846156,0.32520347095654567,70423.08087318513,1.5781772946662094
221,0.4298642533936652,0.2312186361979576,50002.384188685784,1.3891071721394799
221,0.4479638009049774,0.26285043784073386,57165.83262930155,1.4571421814608527
221,0.4253393665158371,0.20187131866489536,43727.98390880039,1.336260192054476
221,0.4072398190045249,0.1614027692845148,34558.658960971065,1.2571742277827973
221,0.49321266968325794,0.4121131669402786,89214.71375046825,1.7816520661744562
221,0.40271493212669685,0.13177185064713287,28948.967189616244,1.2131350694402263
221,0.35294117647058826,0.004453753499743785,2037.1413941804385,1.0139850488546966
221,0.40271493212669685,0.14599195629604733,32632.335456085664,1.2424915926896154
221,0.38461538461538464,0.08619486239261592,20490.96027099104,1.1466687408457952
221,0.42081447963800905,0.19677118702647736,42867.60491303239,1.3285601971468677
221,0.38461538461538464,0.09108201990785744,18878.643402058286,1.1344825128502205
221,0.46153846153846156,0.3199785577176596,69407.18936339168,1.568072356036601
221,0.43891402714932126,0.25451784931078275,56013.8913244413,1.442566009745403
221,0.4660633484162896,0.3344328607354519,72777.07060278668,1.602105866811225
221,0.4298642533936652,0.22338455462796097,48378.603822191755,1.376238787436132
221,0.4343891402714932,0.24549434090985858,52093.46234941327,1.4053487275572205
221,0.43891402714932126,0.25295166789750234,54782.66810734155,1.4297367611127283
221,0.416289592760181,0.1848540866447654,39586.06330397047,1.2967293113752358
221,0.4253393665158371,0.21361857879284124,47571.660405360264,1.3653996844577485
221,0.47058823529411764,0.3481831207046506,75019.15324101268,1.6240462038382877
221,0.39819004524886875,0.1190058806401244,25086.724992351024,1.1833166905645258
221,0.3936651583710407,0.11300843869701521,23813.30207412225,1.173337352608619
221,0.3891402714932127,0.09424529455605332,21778.836354888368,1.1576055642381424
221,0.4072398190045249,0.16013481692686657,34378.90506048198,1.2548659600865566
221,0.3891402714932127,0.09963511483419428,20405.843753980625,1.1469144973874579
221,0.4298642533936652,0.2256238401114037,49810.839325404086,1.3849676077575852
221,0.3665158371040724,0.03288835157459257,7754.440024532762,1.05413546495038
221,0.34841628959276016,-0.016090796804800408,-91.72414729217235,0.9993726848686476
221,0.45248868778280543,0.29520196148547084,63880.44287388094,1.5149864749335415
221,0.3936651583710407,0.11565774791470546,24893.383191773708,1.1800140590370276
221,0.39819004524886875,0.1294952211687158,29325.140957920557,1.2158226202277944
221,0.4343891402714932,0.2362931650868331,50785.81156805385,1.3953807533809102
221,0.3936651583710407,0.12604881807360127,25269.080329340846,1.1843429551475682
221,0.416289592760181,0.18336751375649105,39522.05578326988,1.2973850583863935
221,0.3891402714932127,0.09867459462588242,21461.652974455712,1.15444876250775
221,0.3212669683257919,-0.09860215325531173,-19348.12321084578,0.8741971127126109
221,0.3755656108597285,0.06833242908837746,16030.12468512579,1.1147008847082442
221,0.4479638009049774,0.2772431875921734,58627.8275935111,1.4654581815506718
221,0.48868778280542985,0.3931394604684881,86153.67440425491,1.7468253873883814
221,0.42081447963800905,0.19632424709229196,41534.145963058516,1.3166667675386314
221,0.4298642533936652,0.22694956086214216,49086.06410662625,1.3795073405314133
221,0.45701357466063347,0.2950719985248697,62716.74596705587,1.5071749801185894
221,0.4072398190045249,0.1595290277226202,34912.851200621684,1.2590310918120984
221,0.43891402714932126,0.2558735437762675,55444.267316258476,1.4358273277127
221,0.4117647058823529,0.17680019905941805,39650.535028806094,1.2991210146878516
221,0.3936651583710407,0.11054006387513683,23793.87601518335,1.172658268463097
221,0.3755656108597285,0.06738416701491658,16549.144465882342,1.1181374158924589
221,0.3936651583710407,0.12306932057985094,27078.423207137086,1.198040107392695
221,0.39819004524886875,0.131769933418757,28478.637016766705,1.2073044811227542
221,0.37104072398190047,0.046006957816157906,10488.744722191492,1.0732189040052846
221,0.4343891402714932,0.23644543818144323,51525.537049395454,1.402925937607091
221,0.4072398190045249,0.1625429824559392,35415.09582160042,1.2636294609406868
221,0.4434389140271493,0.2622047809387216,54425.444400651584,1.429146282744424
221,0.3665158371040724,0.038924251746963796,8574.012712050364,1.0595475837325312
221,0.42081447963800905,0.2061779706456444,45107.690139870545,1.3460667369402626
221,0.4479638009049774,0.2817827073761704,61105.510174651274,1.4867284935702154
221,0.39819004524886875,0.13113419980360846,28252.1123318903,1.2068370384697495
221,0.3755656108597285,0.05725025070070774,12457.763848394468,1.087883726233167
221,0.38009049773755654,0.08437402606080084,20001.356453520453,1.1440008251199976
221,0.37104072398190047,0.054710447078872994,12556.751141607601,1.0880137246356192
221,0.4660633484162896,0.3318181831125593,73312.01233357127,1.610147927800151
221,0.45701357466063347,0.2963852538161716,63238.605401777546,1.5095982659792389
221,0.3755656108597285,0.06646432477761811,14672.823730126674,1.103849668954901
221,0.45701357466063347,0.300072496134152,64885.45966720283,1.5269804129039275
221,0.38461538461538464,0.0924193218492194,20729.186761944206,1.1486121725274008
221,0.39819004524886875,0.128593310249985,26119.957164200117,1.1910903782219606
221,0.3936651583710407,0.11156501173351123,23656.512834938494,1.171665197317835
221,0.4253393665158371,0.21319265137364943,44841.643489653376,1.3436981202378904
221,0.3891402714932127,0.09947466795272247,22671.098480402732,1.1641541385737384
221,0.43891402714932126,0.25542606013707597,55193.247130536955,1.4356139297449748
221,0.3438914027149321,-0.03003689970387655,-5679.668298611534,0.9614789393696479
221,0.4841628959276018,0.37922543776112966,81776.20592900577,1.6980947710603371
221,0.40271493212669685,0.1406128738964427,30674.115753479397,1.2255870114684964
221,0.42081447963800905,0.2036301581377287,44179.579560584214,1.3378722429691585
221,0.4479638009049774,0.2833078952609905,62276.461791461435,1.497607282569179
221,0.416289592760181,0.18440352317173983,41902.929900903226,1.3174395171912432
221,0.4660633484162896,0.34167119437110527,72525.96034848774,1.6034070518305596
221,0.3891402714932127,0.10460979066980003,22233.395847945325,1.1596193723745767
221,0.3936651583710407,0.11995513249711476,27045.917930548414,1.1968549592576148
221,0.4072398190045249,0.15137867466575172,31270.05918701847,1.2307127994661278
221,0.4072398190045249,0.1471447773211414,32924.871166052326,1.2458186407348562
221,0.3936651583710407,0.11360538638481604,25441.975777319458,1.1846197328682755
221,0.36199095022624433,0.015962035576602803,5297.631316015217,1.0366471095376046
221,0.4253393665158371,0.2129806513210148,46991.23531925383,1.3608149705277601
221,0.3936651583710407,0.11880184908684019,25660.598019795376,1.186494095888097
221,0.43891402714932126,0.2539004617161187,53817.218011240926,1.4191221619083576
221,0.38461538461538464,0.09122905581722121,21053.426448106973,1.150637361085378
221,0.40271493212669685,0.1464393259376971,30997.19565965631,1.2286220966334456
221,0.45248868778280543,0.2870157421321395,61634.85416851437,1.492186250042072
221,0.42081447963800905,0.20081862420722155,43798.063296410895,1.334217226403437
221,0.4298642533936652,0.22817501759200165,48701.15015395901,1.378375713878491
221,0.3891402714932127,0.09851930240737916,19873.872536006293,1.1426854196201577
221,0.4253393665158371,0.20539100979816896,45061.33969715699,1.3446304411353285
221,0.4253393665158371,0.2041674941230471,44120.226030022066,1.338231954605682
221,0.416289592760181,0.18638924581665242,41730.38412074863,1.3153224134131494
221,0.4072398190045249,0.16237317193286013,35638.22917056112,1.265418732776163
221,0.416289592760181,0.18048088351486477,36766.16628177421,1.2770887546757241
221,0.4072398190045249,0.15513462387754043,32958.28515942124,1.2462660978258344
221,0.4434389140271493,0.26106276096530984,56711.763108203435,1.4517312366454898
221,0.39819004524886875,0.1315721108554742,28922.298520630444,1.2125390404620617
221,0.3665158371040724,0.036448146399924344,7639.594840166821,1.0527830591961083
221,0.42081447963800905,0.1938525037268419,42473.73127907692,1.3230293096076609
221,0.4298642533936652,0.2214096249211933,48491.099492009846,1.3742034364102718
221,0.4343891402714932,0.24043434375039718,53163.75083813851,1.4144460181337766
221,0.416289592760181,0.19195624408775144,42812.794558188085,1.3261299706968135
221,0.3665158371040724,0.035958760175595066,7049.914575427065,1.049170200385594
221,0.42081447963800905,0.20444410460361154,43108.37280305184,1.3301122331198558
221,0.35294117647058826,-0.0028819294751385952,-147.23861461856904,0.9989962260367389
221,0.4298642533936652,0.22372621666517437,50581.12789807789,1.3942368291139375
221,0.3755656108597285,0.06351889578575941,14135.986582940253,1.0996361346234462
221,0.38461538461538464,0.09312366099826012,20207.661553947488,1.1448136398267286
221,0.4298642533936652,0.22974969024569156,49317.53711356105,1.3831179713488153
221,0.416289592760181,0.18663721491589866,39796.114277163724,1.3000484058251638
221,0.4253393665158371,0.20167299796119142,42657.42307248265,1.327534177411032
221,0.39819004524886875,0.13123539026221398,29814.954442949776,1.218927390139705
221,0.4298642533936652,0.21056196676689104,46428.48022155136,1.3586936370439004
221,0.4072398190045249,0.1503260344579242,32270.763076993077,1.2404185527809064
221,0.35294117647058826,-0.015525849055634583,-2954.2447457183334,0.9799138705434626
221,0.4117647058823529,0.16566678687709466,37497.461319798196,1.2822379494289493
221,0.4253393665158371,0.21335244232530512,46065.542788759194,1.3535250178749905
221,0.4298642533936652,0.21976084874249419,47570.76994549796,1.368303023340154
221,0.40271493212669685,0.14910567137805206,30917.05193704168,1.2279484927046116
221,0.4751131221719457,0.36199697872968745,77659.53939146127,1.6515347475148943
221,0.334841628959276,-0.05193140170258954,-11439.204189072072,0.9238360301013452
221,0.502262443438914,0.44344865064149847,95262.31622959743,1.848305146599874
221,0.3665158371040724,0.03691152715873178,7434.570742704629,1.0516093613859603
221,0.416289592760181,0.18605342471010286,40373.787588772204,1.3037529852650531
221,0.4117647058823529,0.17345555480117986,37851.7446252715,1.2838559578477513
221,0.4796380090497738,0.3769919643501229,81819.10461212897,1.6985132512405214
221,0.42081447963800905,0.20442316236329727,45028.92512031658,1.348273121701423
221,0.40271493212669685,0.1477342343003005,31542.15205200736,1.2323503658569754
221,0.38461538461538464,0.09200655634765174,19935.88032487718,1.1420539692309526
221,0.3936651583710407,0.1190639214688453,26555.542456011717,1.1933205902264907
221,0.4479638009049774,0.2837139833036083,62488.60114027311,1.5012796173445102
221,0.38461538461538464,0.09073135959191891,20328.294517403298,1.1462090215353848
221,0.4117647058823529,0.1739917930303795,36346.65605214959,1.2702996759619811
221,0.4072398190045249,0.1594386831023809,33572.67591510581,1.2514520707815069
221,0.47058823529411764,0.34211667038311305,73580.76131091845,1.614485282892111
221,0.45248868778280543,0.29499315243532376,63454.916228181864,1.5100968944931317
221,0.43891402714932126,0.2494261716726512,54617.9170855695,1.4305012768313772
221,0.4751131221719457,0.3432695001160824,74182.30240032962,1.6245152076545522
221,0.4253393665158371,0.21397282912327198,47388.94532485205,1.366330324755589
221,0.4072398190045249,0.15889145717982786,33169.73904870196,1.2452340362196308
221,0.4343891402714932,0.24076235308936983,51409.7228878419,1.3981849082012
221,0.4343891402714932,0.24042099259177255,50027.97156166361,1.3874298023243563
221,0.4253393665158371,0.1975346225126068,43507.46518190997,1.3338959405409871
221,0.3936651583710407,0.11922214167651736,26330.865738760498,1.191739924833688
221,0.4479638009049774,0.2652241745047451,58512.31403029757,1.4687913156990517
221,0.43891402714932126,0.24591663557589857,52550.09170243586,1.4122434675229094
221,0.35294117647058826,-0.001863108066491865,716.7322155897036,1.0048705528688866
221,0.4434389140271493,0.2758923381146664,59145.87151365579,1.4733555965805416
221,0.3574660633484163,0.0037287469257385715,904.011376718212,1.0061847241842832
221,0.39819004524886875,0.13231326638474084,27576.532533100755,1.2011383474312538
221,0.40271493212669685,0.1397692373310388,29352.64818011112,1.2157590062316943
221,0.4298642533936652,0.23071565303484018,50015.052328469814,1.3874814212496174
221,0.3936651583710407,0.12223907066471973,25807.94126415354,1.1881587496641492
221,0.4343891402714932,0.23127573970457235,50151.20836215134,1.3891238397248828
221,0.45248868778280543,0.2937720519520241,64405.729681528275,1.5184699264679349
221,0.3936651583710407,0.10424088330204029,22895.768636421664,1.166361975884018
221,0.4479638009049774,0.28007359221779043,59826.59116801774,1.4740377657795813
221,0.3665158371040724,0.036370181774427926,8811.31727628875,1.0612722543545923
221,0.40271493212669685,0.1432615246204891,31319.628351287876,1.2322881188347394
221,0.4072398190045249,0.16100503592372628,35874.40810879285,1.2672927344275453
221,0.4253393665158371,0.20870068054787286,45147.52162587413,1.348238831677071
221,0.416289592760181,0.19461776358428126,40287.25019235477,1.3060098260615143
221,0.4117647058823529,0.17509926829897587,38532.71807211091,1.2900894526029254
221,0.40271493212669685,0.14808843941799293,31749.3942719299,1.2339728580887568
221,0.42081447963800905,0.19895882734172923,42890.851814131915,1.325280681345008
221,0.4253393665158371,0.21460867369318148,47630.00588412046,1.367913596634934
221,0.4253393665158371,0.21355775379119735,46047.9151165506,1.3528338976530079
221,0.38461538461538464,0.09111049107582304,17804.186791643995,1.1268123504781844
221,0.4117647058823529,0.17129327483973086,35499.11562907317,1.2659139772714072
221,0.36199095022624433,0.023875800197355673,5477.348433420651,1.0379372076937887
221,0.38461538461538464,0.09009935637837162,19634.36132860554,1.140264476391628
221,0.39819004524886875,0.13246032923201465,29489.678588947452,1.216445845324486
221,0.4298642533936652,0.2252328000511584,48218.88250611165,1.3725789822647627
221,0.3936651583710407,0.10997261214243516,22931.288432322377,1.1662560717027768
221,0.40271493212669685,0.14568712398140266,32237.67406810409,1.2378233873609403
221,0.3936651583710407,0.11260967326681495,24294.02166529587,1.177155452958486
221,0.42081447963800905,0.19704601358357876,42516.446355699256,1.325529561316932
221,0.3755656108597285,0.05468348937278165,12427.4230212533,1.0875871077467627
221,0.4343891402714932,0.24010054761583538,50649.750087577646,1.391121842880664
221,0.39819004524886875,0.13564801073175084,30109.21391625457,1.2220252577848945
221,0.38461538461538464,0.08235825721811219,19119.626618957373,1.1372674118892514
221,0.3891402714932127,0.10528060477976765,22489.65841898212,1.161785755363035
221,0.36199095022624433,0.022796160105659415,4582.421822780826,1.0317442603510705
221,0.4479638009049774,0.27326094323985867,58623.90158932765,1.4671807431633104
221,0.334841628959276,-0.06145015302484034,-13052.819039833863,0.9136641353804769
221,0.4434389140271493,0.2675227843860068,58172.5948322266,1.4589986266423476
221,0.39819004524886875,0.13353324252183274,29241.52819264809,1.2149102996241443
221,0.3936651583710407,0.11146341140815588,24218.367181590995,1.1758656068067241
221,0.4343891402714932,0.24654676715913248,53385.965063477284,1.4207116457887374
221,0.36199095022624433,0.026086588434557734,6588.242169833702,1.0457751127756536
221,0.40271493212669685,0.1459448946083185,31908.012500810448,1.236465933140818
221,0.416289592760181,0.18670063838972814,40178.233433549365,1.3015276201550212
221,0.3755656108597285,0.06373810300258641,12409.094511099483,1.08711732042352
221,0.416289592760181,0.1802786197078209,38402.274153680504,1.290065301873485
221,0.38009049773755654,0.0782368655016452,17279.72132609452,1.1230615027437971
221,0.35294117647058826,-0.003948037746492398,721.733848791878,1.004907863688872
221,0.4072398190045249,0.15563326924491952,33832.982356483604,1.2524171072743266
221,0.38009049773755654,0.07804975558451709,16408.81204423921,1.1165234493884282
221,0.4117647058823529,0.17197618193335135,36269.11358509092,1.2716618994004305
221,0.39819004524886875,0.12981738615774943,29899.828239158396,1.2209201877366116
221,0.3936651583710407,0.12431133020425979,26921.073348573933,1.1961706180051999
221,0.40271493212669685,0.14000409713651535,30414.204692028026,1.2255824322569904
221,0.3438914027149321,-0.029716615174922942,-6136.989856742818,0.9589108613403945
221,0.4660633484162896,0.3342262099633707,73270.08692743446,1.6039983652676206
221,0.4343891402714932,0.23558026571463747,51721.71089334975,1.4017760651052817
221,0.3574660633484163,0.009097196657265287,1740.0438107061418,1.0119069461109802
221,0.4072398190045249,0.16058464849034643,36232.72859431554,1.269809090553449
221,0.4298642533936652,0.212039929530844,45602.714756539426,1.3516996766177753
221,0.4434389140271493,0.2685668872967158,57553.36667309201,1.4546618013335362
221,0.42081447963800905,0.18795477378900177,41440.298198862525,1.3144650369439386
221,0.47058823529411764,0.349767473019651,74932.52344901537,1.6225853345078514
221,0.4796380090497738,0.37753089310693205,80967.79276171883,1.684454944930458
221,0.40271493212669685,0.146416359601389,31951.257248586666,1.235046637072308
221,0.45701357466063347,0.3136879039598054,66456.98999778202,1.5407024545792503
221,0.37104072398190047,0.05176373108154234,11721.209516350367,1.082155294462444
221,0.416289592760181,0.17330605802799443,38729.68473488617,1.2939943941587764
221,0.4343891402714932,0.23328668187964563,51129.65321380182,1.3982733642750849
221,0.4343891402714932,0.2397403273233094,50574.12520502717,1.3938667784652534
221,0.40271493212669685,0.1295694918535046,27839.1760457409,1.2039070443930389
221,0.40271493212669685,0.15318785559786144,32034.59792770222,1.2369037593710817
221,0.38461538461538464,0.09164921945339749,19132.800738249847,1.1364932207082705
221,0.3665158371040724,0.03388159021364965,7825.958026282638,1.0545021026209322
221,0.3891402714932127,0.10431723348418874,23632.472972979223,1.1706964213889821
221,0.39819004524886875,0.1322516213764226,29404.318329668717,1.2161222414489916
221,0.45701357466063347,0.3026739319120475,66350.86978922167,1.5418936768399993
221,0.4434389140271493,0.2686181457675842,57468.836823631245,1.454419190864288
221,0.39819004524886875,0.13334046984182324,28650.70776898934,1.2095987988470815
221,0.37104072398190047,0.0506803181998285,13429.664826084148,1.0947382114846984
221,0.45701357466063347,0.2935078374153577,63355.77890533977,1.5170642236603886
221,0.4479638009049774,0.2820885700059654,61015.33125309856,1.487337701486595
221,0.38009049773755654,0.0751828655323629,15801.029720653041,1.1125226283427019
221,0.39819004524886875,0.13533057676833665,29369.33418485011,1.2160154843492486
221,0.3665158371040724,0.04031561310041844,8820.06688666591,1.0617085008641836
221,0.4434389140271493,0.25995074612176033,55072.20055890143,1.435047800138408
221,0.42081447963800905,0.20358231069170132,44475.062539490915,1.3459049622557429
221,0.38461538461538464,0.09072786420993233,19798.09432388874,1.140989434061864
221,0.4117647058823529,0.16964332449231342,37814.6388682863,1.285473604655428
221,0.4298642533936652,0.213110844628965,47186.665170599896,1.3659535989968121
221,0.4117647058823529,0.17143742403396073,37133.9381345569,1.2791603215383007
221,0.4343891402714932,0.24528798978249242,52591.35764901521,1.41144751129529
221,0.39819004524886875,0.13440077117777466,29382.121314572203,1.2162913157211959
221,0.39819004524886875,0.13505467127000215,29085.202441136855,1.2138064532560149
221,0.4117647058823529,0.1725025733825943,36711.06373037117,1.2749756495938762
221,0.42081447963800905,0.1944534532322049,42773.1068485056,1.3272979555121285
221,0.4072398190045249,0.15981444061817476,35039.677474735254,1.26013788048622
221,0.4117647058823529,0.16937749909155506,36008.293096050984,1.2692350995605395
221,0.38461538461538464,0.09237619907235312,20643.810859455665,1.147829872062557
221,0.40271493212669685,0.14198688999134,30996.945103456863,1.2280218336622877
221,0.38009049773755654,0.07283869886913112,15306.299462518133,1.1091668167438582
221,0.39819004524886875,0.12954179232699806,29591.728382209516,1.218563263416112
221,0.3891402714932127,0.10629281444226096,22535.00184982043,1.1638044929815652
221,0.40271493212669685,0.13392372969730598,27719.6824615444,1.2040916171253953
221,0.37104072398190047,0.05116248133479092,9446.61500973146,1.0657826172097182
221,0.4298642533936652,0.22748420768373406,49782.490503114954,1.384201129177189
221,0.43891402714932126,0.2561625233891889,56729.165906045906,1.447863708642657
221,0.416289592760181,0.17484151097736172,37509.42469023433,1.2835150007369351
221,0.37104072398190047,0.054966468855635386,13430.535548982798,1.0948043624543955
221,0.3936651583710407,0.11810308977143259,27032.359278407734,1.1968509568301935
221,0.42081447963800905,0.19988631524025863,43547.75692297056,1.3313023620716493
221,0.4751131221719457,0.355596161420575,77026.75940449178,1.651256923248892
221,0.3891402714932127,0.10633926863904768,24360.454675982463,1.1763997403884674
221,0.4298642533936652,0.22688285484286877,49083.14015394641,1.3774884667733192
221,0.38009049773755654,0.08096955268646686,16595.61569723523,1.11818666277296
221,0.42081447963800905,0.19362752978299802,41655.77760035981,1.3171677567455105
221,0.40271493212669685,0.13610757309159546,29184.86984720153,1.2149254022088898
221,0.4072398190045249,0.1366675473450445,29545.064734554668,1.2195945234561403
221,0.38461538461538464,0.08887559042992717,19905.767441771655,1.1423430179781981
221,0.47058823529411764,0.3412254109224718,71298.5203574186,1.5882803700539836
221,0.40271493212669685,0.14027602979159198,29975.857568668165,1.2213149058348851
221,0.35294117647058826,0.0001974259783765572,364.3159541824143,1.0025058995021705
221,0.34841628959276016,-0.023735174692875425,-4004.825680314896,0.9729854598854832
221,0.4298642533936652,0.2277529871065635,46570.73787115819,1.3579709374699611
221,0.37104072398190047,0.05016613036838246,12158.456430344888,1.0859576625026144
221,0.4117647058823529,0.17295871712793395,38045.24774257126,1.2853911724602745
221,0.416289592760181,0.1670421160469855,36526.883274057116,1.2752735940673592
221,0.46153846153846156,0.3146547398924969,65914.76397522069,1.5371864579375494
221,0.37104072398190047,0.046523393923673884,9712.309411768905,1.0679191232608958
221,0.3665158371040724,0.028238033680130968,7493.396156979723,1.0522320757613481
221,0.43891402714932126,0.24801577733049315,52435.28314973849,1.4100757759496454
221,0.416289592760181,0.18618587142008658,39753.78101904258,1.3001222423937329
221,0.3936651583710407,0.11948898497899134,25563.717417037842,1.185821859834995
221,0.39819004524886875,0.1328090097621654,28739.759860495866,1.2107169690875694
221,0.3936651583710407,0.11849736029378806,25012.682067055426,1.1816542167790434
221,0.43891402714932126,0.2598952386930336,56671.22500249752,1.4491558650110556
221,0.38009049773755654,0.07356023811686185,16176.05641676201,1.1152049105666813
221,0.47058823529411764,0.3473853957404162,73566.37903603348,1.6082706220450138
221,0.38009049773755654,0.0779978552744866,16325.665608618507,1.1158605836275262
221,0.4434389140271493,0.2589013772555021,57332.71014035992,1.4531943718240872
221,0.37104072398190047,0.05122652332789298,12082.404650535385,1.084919714126022
221,0.4072398190045249,0.156313997013272,34665.63309505153,1.2587955602083234
221,0.35294117647058826,-0.011187220164303444,-2077.2757152640884,0.985896346422291
221,0.38461538461538464,0.09360046762838022,19859.82067590164,1.1419251719872172
221,0.4343891402714932,0.24018264210719595,50327.07154206515,1.3898505337848588
221,0.46153846153846156,0.3144218120688876,68394.46031896689,1.5581961420729158
221,0.38461538461538464,0.09440890474912512,21123.84697855433,1.151868946141553
221,0.43891402714932126,0.25541671372445673,54738.73653085478,1.430131863022971
221,0.43891402714932126,0.24662282568085328,52630.25450532771,1.4134636759774273
221,0.4343891402714932,0.23592142710518368,50971.84738382033,1.3953519929432954
221,0.42081447963800905,0.2024527527751388,42116.54944788036,1.3194789875026187
221,0.45248868778280543,0.28586434368848,61307.21371429015,1.4918727302895076
221,0.4298642533936652,0.22658270742810824,49017.38526236777,1.3789292213246722
221,0.36199095022624433,0.01719643527948241,2655.4905678928544,1.0181900333852973
221,0.37104072398190047,0.05384856578659749,12404.75816214383,1.0870794734975542
221,0.38009049773755654,0.06546903021631036,15627.161024139004,1.1111937018954803
221,0.3891402714932127,0.10746542258330763,24417.268028044564,1.17646358045272
221,0.4343891402714932,0.24738556792259714,54411.13612505369,1.4298579980100317
221,0.4298642533936652,0.2298711525041187,49444.45323627217,1.3831792370420388
221,0.4434389140271493,0.26233521617325445,56481.99341704942,1.448969754439077
221,0.4117647058823529,0.17310132108338075,38574.77439081381,1.2914366606979784
221,0.3755656108597285,0.06525428118940886,14177.757990438158,1.099764883333394
221,0.334841628959276,-0.05682493073729714,-13332.068084089162,0.9121118060786867
221,0.4117647058823529,0.17700745312715896,39782.34303332871,1.3014333204116875
221,0.4253393665158371,0.21900789227851267,46621.3355319628,1.358893702359977
221,0.38461538461538464,0.09674897570760463,20599.504857859756,1.1486179153111473
221,0.4796380090497738,0.3734682398061911,80952.62696797561,1.6921934251558008
221,0.4072398190045249,0.15923825749799966,33870.74821045344,1.2507259634310568
221,0.416289592760181,0.1878263592766058,39284.08810385446,1.2986309486966932
221,0.4479638009049774,0.2819012762437477,61819.942632418955,1.4955952979044982
221,0.4298642533936652,0.21325744390292065,45076.3149985262,1.347222646545538
221,0.42081447963800905,0.19533274486874988,42366.03566663655,1.322217863850534
221,0.45701357466063347,0.29654148112507556,63919.1658147867,1.518045547077272
221,0.39819004524886875,0.13136650673566483,28089.085473104537,1.204860871633873
221,0.4253393665158371,0.2137023338189449,47313.41194959812,1.3677662069722025
221,0.4751131221719457,0.3631573479366603,79598.09065697307,1.6728641289978143
221,0.40271493212669685,0.1341413602190651,30200.64617093721,1.2224769443505843
221,0.3936651583710407,0.11315906591714861,24466.671562379786,1.1780414092196134
221,0.4479638009049774,0.28505456439644783,60461.35817764969,1.4818170193795344
221,0.3891402714932127,0.10302820999722197,21969.889494162737,1.158224275773426
221,0.3755656108597285,0.06724781898197453,13851.1479686423,1.0982000530531077
221,0.4117647058823529,0.17737510328153888,38532.45616721445,1.2897918089946454
221,0.4343891402714932,0.24037226535896147,52570.335608182155,1.4089361131546212
221,0.4479638009049774,0.2834204465260367,61433.125192903826,1.4921613907891003
221,0.46153846153846156,0.32123128233772813,69274.75540384345,1.5681215592998452
221,0.39819004524886875,0.1308061789208177,28919.91241431163,1.2126644423485808
221,0.43891402714932126,0.24684395386621236,54744.52247249973,1.4319675047229912
221,0.3936651583710407,0.12175713079569153,27910.803301261105,1.2051836631479371
221,0.43891402714932126,0.24277674297338725,52814.331604911975,1.4131268282475573
221,0.36199095022624433,0.023323607282513932,5574.7670488281265,1.0387074272401937
221,0.38009049773755654,0.06934697642697937,14363.282279983063,1.101544659193564
221,0.4117647058823529,0.17284059540027602,37815.56194866433,1.2837564707891367
221,0.4660633484162896,0.3325922838619228,72604.31798656697,1.5993899174800938
221,0.4117647058823529,0.17856292256622575,38014.88394299266,1.2865411818204797
221,0.4343891402714932,0.23827847158463428,52442.94597538965,1.4094603073726544
221,0.416289592760181,0.17755531181119152,37061.68234105429,1.2777069631847862
221,0.416289592760181,0.18339905064753673,39342.68922095829,1.2947685075924225
221,0.37104072398190047,0.04970468848556995,11060.438914763401,1.0772155361933617
221,0.34841628959276016,-0.016546519323059578,-3313.5178942978127,0.9776477407002465
221,0.39819004524886875,0.12295202401771203,26477.54961953868,1.19383377438705
221,0.45248868778280543,0.2941575056237264,61606.828292219005,1.4919771018566204
221,0.4072398190045249,0.15850310365117978,35685.23134508492,1.2663666251349803
221,0.40271493212669685,0.14737813013465692,32768.4085177212,1.2434405594594444
221,0.43891402714932126,0.2531079500983261,54250.47799508946,1.4240595526271418
221,0.40271493212669685,0.1498585573534736,33655.97446617168,1.2507928787858837
221,0.45701357466063347,0.31038169855220393,65729.79655244613,1.53264531178433
221,0.38461538461538464,0.08686588364456092,17810.658541303474,1.1269821296603295
221,0.43891402714932126,0.254011321427673,54743.35734321459,1.427451661153518
221,0.40271493212669685,0.15041789696367822,31857.597794931648,1.2360675955679246
221,0.3574660633484163,0.014481058677629768,3812.7120547880204,1.0263490006721834
221,0.4117647058823529,0.159457936950828,34376.61576181109,1.2565932775565105
221,0.45248868778280543,0.29574568577245536,64314.4138385523,1.518279583257935
221,0.4434389140271493,0.26887326799131006,59021.22563688204,1.4714026294680884
221,0.3891402714932127,0.10638756119355655,22086.068987731298,1.158940624086741
221,0.4253393665158371,0.2125481702424364,45700.45286872415,1.3498499259835306
221,0.38461538461538464,0.09270311408253329,20295.9198882194,1.1451559328177545
221,0.4072398190045249,0.15960300264135893,35204.327034829046,1.2626620343892963
221,0.40271493212669685,0.14542285030051985,30762.691399429918,1.2265404690153903
221,0.4072398190045249,0.16312388780998632,35387.446428062874,1.2642175062448464
221,0.3393665158371041,-0.051550238620075954,-10241.160502749706,0.9317054351611748
221,0.45248868778280543,0.29049101116122866,62825.67736410775,1.5076666054314185
221,0.3936651583710407,0.11867883443399661,28020.32073834035,1.2048317239289612
221,0.3665158371040724,0.038947237529060104,10220.04937406163,1.0718641428999776
221,0.4072398190045249,0.1597171056077088,33801.7110304439,1.2522805030006774
221,0.37104072398190047,0.05033362509055415,11130.279108922823,1.0778960668053417
221,0.334841628959276,-0.05460191534640784,-12568.479212531205,0.9169380686011469
221,0.4479638009049774,0.27712255439989975,59704.51863154082,1.4774663482597814
221,0.34841628959276016,-0.01280543667446124,-2152.339882678667,0.9854054184427048
221,0.3574660633484163,0.014693031253071174,3992.72862572359,1.0276635923620159
221,0.42081447963800905,0.19109224653348544,39275.84997409617,1.3002525921665429
221,0.47058823529411764,0.3432682579335849,73759.52457357025,1.610262279800527
221,0.4117647058823529,0.17312889010546972,35213.35704250638,1.2622553972648118
221,0.3755656108597285,0.0673078260296391,15006.57937579669,1.1063962634651843
221,0.42081447963800905,0.19517931086874604,41274.60435930233,1.3129364504814733
221,0.4117647058823529,0.1691639768854694,36100.86671345701,1.269801008934506
221,0.4479638009049774,0.2825517839788002,62278.001959091474,1.499187903320327
221,0.4298642533936652,0.22143670542397104,48044.82573450045,1.3706647579314375
221,0.4479638009049774,0.28310098847007814,60152.708899170335,1.4795408169071318
221,0.3755656108597285,0.06709905582219118,14494.76597130832,1.1029950464386469
221,0.39819004524886875,0.128539794686975,26216.164269854315,1.1907540435052106
221,0.40271493212669685,0.14505521404861954,32747.023280180925,1.242354016694521
221,0.3936651583710407,0.12031155659373939,24668.869555350066,1.1788986451181507
221,0.42081447963800905,0.2012029446777619,43180.7641565202,1.330559696171304
221,0.4072398190045249,0.15458802953549017,34077.87804947055,1.2540377686294537
221,0.43891402714932126,0.2526075194008951,54974.41518620678,1.430828358999322
221,0.42081447963800905,0.19928171959512375,43102.75774185442,1.330170722831167
221,0.4298642533936652,0.21975394369098722,47083.236357822556,1.3629287051502854
221,0.4072398190045249,0.1580904049347853,36191.42878462149,1.2710721587056806
221,0.42081447963800905,0.19841251156623232,42943.60799158161,1.3285149515969943
221,0.3891402714932127,0.09722690725523155,21903.39588415762,1.1592419565308718
221,0.3936651583710407,0.11193941682247917,23484.764977696854,1.1701992594861412
221,0.39819004524886875,0.1479630631345774,31836.55166971261,1.2393560919874498
221,0.4751131221719457,0.35580329045150433,76108.32952568057,1.6395814726823625
221,0.3755656108597285,0.05267591137335031,11566.257500304622,1.0814055978056538
221,0.4117647058823529,0.17297849631500214,38535.57232792227,1.2891370440249614
221,0.3891402714932127,0.11058036578611667,21618.208061607686,1.1559145244511575
221,0.4253393665158371,0.20605922801621498,44660.29977302726,1.343018938866055
221,0.47058823529411764,0.34054320625950646,74580.25604310998,1.6204894134358598
221,0.3755656108597285,0.06350843990838595,15758.977278760138,1.111373029459622
221,0.43891402714932126,0.2599960131012213,56148.791008349996,1.4459543457157304
221,0.416289592760181,0.1868390518502035,40567.40751418799,1.3067407465459944
221,0.46153846153846156,0.3224943198945745,69213.22307478993,1.5636645806405962
221,0.4072398190045249,0.1588660060645159,35449.760924701994,1.2647386692006282
221,0.3574660633484163,0.00706110399798703,1541.4758544343306,1.0105676252287794
221,0.40271493212669685,0.1407324648737395,31502.25876056664,1.2324354607042405
221,0.46153846153846156,0.3177717646555748,68389.40860733704,1.5639014201743633
221,0.4434389140271493,0.26211428962289496,57102.67143466388,1.4522642459656183
221,0.4072398190045249,0.15979877390226682,33961.796990870826,1.2528725523841016
221,0.4796380090497738,0.3739146444173737,80243.67120247878,1.6820644141773524
221,0.4253393665158371,0.21465131912601712,45816.980248785745,1.3506737805058215
221,0.38461538461538464,0.09863172704488436,22868.5813525723,1.1655307432547513
221,0.43891402714932126,0.25280347598017855,54211.40551870672,1.4270478604413812
221,0.4072398190045249,0.15257205113690792,32796.37177515422,1.2449051843511807
221,0.47058823529411764,0.35178471046435134,73693.52307691413,1.612191292016119
221,0.45248868778280543,0.29443627643550474,64215.11045750735,1.516383205237697
221,0.4479638009049774,0.28424897012023126,59084.208066341234,1.4702627086955122
221,0.45248868778280543,0.2924472142512151,61824.210836476705,1.4978327759263628
221,0.3755656108597285,0.05913175642605004,12842.310228795435,1.0902051308527063
221,0.3755656108597285,0.07024374070981529,16317.556343063492,1.1158926529822297
221,0.4298642533936652,0.22965131391400545,48537.391182875836,1.3763663919101539
221,0.4479638009049774,0.28129789762792573,61703.23653340238,1.493733891187744
221,0.4253393665158371,0.21364818297848656,45486.562275364464,1.347980251548699
221,0.3936651583710407,0.11599750806407329,22779.96613243045,1.1658251329818536
221,0.416289592760181,0.17967936085465064,37053.90813013645,1.2781010674151223
221,0.4072398190045249,0.1640875711858939,35164.809708885514,1.2632507337218533
221,0.38461538461538464,0.09665855437442954,21929.7116712342,1.1582764025761567
221,0.416289592760181,0.1863612893437901,41464.2212308275,1.312628704007798
221,0.4072398190045249,0.1597800170371126,33629.38418064738,1.249678645420656
221,0.4751131221719457,0.36375366097672096,79031.41791321235,1.6631717171676543
221,0.416289592760181,0.17751044865969798,39142.5316493979,1.295717910237294
221,0.3755656108597285,0.06470702790715922,14499.38845297426,1.1027967819832878
221,0.3438914027149321,-0.030074207265626974,-5687.606466840343,0.9617986403746177
221,0.4751131221719457,0.3436634636875547,74423.9299653518,1.6228083233984696
221,0.36199095022624433,0.03621628948745519,6673.137740952177,1.046586179030177
221,0.4298642533936652,0.22930507969809077,47442.037674024345,1.3660545223962892
221,0.4072398190045249,0.15677967941720475,34208.139365131225,1.2549916802238537
221,0.45248868778280543,0.29565374717118253,63498.898974541684,1.5114012182545022
221,0.43891402714932126,0.2509288227048079,54491.49038633436,1.4289092246454769
221,0.40271493212669685,0.14843053106547552,30864.85114048856,1.2280444013112168
221,0.39819004524886875,0.13728012419379207,30697.012070550143,1.2263056877094443
221,0.34841628959276016,-0.032501116608842535,-7750.77171970551,0.9477682104212861
221,0.37104072398190047,0.05726407887130273,13662.256847868055,1.0966837637049942
221,0.4660633484162896,0.3288621184351482,70815.596425745,1.585006882588081
221,0.4253393665158371,0.21600862234871462,46344.195213956555,1.3561196752160625
221,0.45248868778280543,0.29458407170954176,61337.65365811042,1.490160941700874
221,0.4343891402714932,0.2421586746880777,51730.919501211276,1.4022879779760644
221,0.4343891402714932,0.22265570056196846,48341.230200786595,1.378611108017566
221,0.4298642533936652,0.22107164135377141,48903.453490563596,1.381564657671002
221,0.3891402714932127,0.10447335175839031,23564.18672521734,1.1703222609401194
221,0.4072398190045249,0.15495487683888673,33291.61176323569,1.247929637552209
221,0.3665158371040724,0.031198539267004194,7616.549856752868,1.0527160446656707
221,0.3755656108597285,0.04568125738570582,9206.469212021357,1.0644314356834035
221,0.4298642533936652,0.22023865328082065,46019.91560978563,1.3564176312804685
221,0.45248868778280543,0.29210547904406015,62326.26559075377,1.4987034483721258
221,0.4253393665158371,0.21771659670408616,45801.4554547504,1.351169873113153
221,0.38009049773755654,0.07974909439264419,18052.21603550728,1.1288338257580655
221,0.4479638009049774,0.27041209191101595,56040.25953755774,1.44581148403499
221,0.4660633484162896,0.342024716703754,75034.73112049457,1.629117354882602
221,0.3574660633484163,0.0024875490367076737,-1013.6350468020191,0.9931047236620885
221,0.4751131221719457,0.3580414649979252,77181.29422609755,1.6478829911804844
221,0.3665158371040724,0.03688785480321716,6612.56795407929,1.0457732698532116
221,0.3936651583710407,0.12282884344380668,27201.607731105094,1.1993746122241387
221,0.4841628959276018,0.3907326054163935,82344.7482412434,1.7023182796061125
221,0.3936651583710407,0.11288610780162858,25768.81268110503,1.1893606804394934
221,0.4434389140271493,0.25839479847865415,56225.37531984962,1.4441869250319128
221,0.39819004524886875,0.12823548784238417,28301.579385470013,1.2088724548738998
221,0.4117647058823529,0.17261331792220638,36590.863576220145,1.2724317026381116
221,0.4434389140271493,0.2683089212441353,57850.15490498945,1.457057595363438
221,0.4479638009049774,0.2674263376672975,57029.955782776015,1.4543640948021699
221,0.4298642533936652,0.2274280656262735,49178.7911563246,1.3795777117000887
221,0.4434389140271493,0.2667903377160269,58243.56437398461,1.460104452758923
221,0.4479638009049774,0.2803765711422898,60269.384838786325,1.4782399991868227
221,0.4298642533936652,0.211728795724453,46045.585507547294,1.3548747576549607
221,0.3755656108597285,0.06074125993264922,13068.965581323706,1.0918754337192742
221,0.45248868778280543,0.2932659543077685,63152.610751527274,1.506939691998194
221,0.39819004524886875,0.1330425000807038,29569.60271168898,1.2172921359650384
221,0.4298642533936652,0.2177486821655735,47038.05276569539,1.3614804049391074
221,0.38009049773755654,0.07764156451070264,16844.457757478634,1.120411282189452
221,0.39819004524886875,0.13263054548438746,28372.794943635643,1.2082309015440726
221,0.38461538461538464,0.09070839436316064,19090.88696208222,1.1357883822331094
221,0.4072398190045249,0.15363339248684538,34419.16230247456,1.256547029622655
221,0.35294117647058826,-0.003579651509401573,-1271.1265964511404,0.9913721364365217
221,0.47058823529411764,0.34055746900214445,73937.90411422317,1.6154297492094627
221,0.48868778280542985,0.4036404830498665,87229.78981045072,1.7515675256112058
221,0.4343891402714932,0.2384108009669465,52169.69124740847,1.406927480030195
221,0.4253393665158371,0.2191644545137684,48018.295729554025,1.3711530382721477
221,0.37104072398190047,0.048613635700260324,11260.597818869459,1.0791380848057837
221,0.3891402714932127,0.10705553200651428,21491.625777688623,1.1550055788495128
221,0.3936651583710407,0.10988903545318324,25013.46857039233,1.1820261883407606
221,0.4298642533936652,0.2276120472175251,48995.37240652155,1.3789605744246918
221,0.40271493212669685,0.14513674960515033,28645.323928754035,1.209776460360474
221,0.4253393665158371,0.21355098622463026,45309.044041274545,1.3443501004511587
221,0.3936651583710407,0.11676369855101976,25109.730279571435,1.182987873816548
221,0.4343891402714932,0.23254866947466724,50738.954372369706,1.3956973508980646
221,0.4660633484162896,0.3397029509989328,72712.81516404569,1.6045936355625663
221,0.4072398190045249,0.16327537158720404,33674.30928479011,1.2496719318255747
221,0.38009049773755654,0.0774498126113519,16531.43138862325,1.11686687322756
221,0.4479638009049774,0.2817794150512399,61231.758935258644,1.4893596235719986
221,0.3438914027149321,-0.030086783323703254,-5455.157623904678,0.9632180653952539
221,0.4343891402714932,0.23611106380654515,51854.03396989612,1.4093819984972453
221,0.3891402714932127,0.10963861489450191,24122.894898490442,1.1752123357918
221,0.4660633484162896,0.32888349516720633,70448.7009520662,1.5771047769825142
221,0.3574660633484163,0.003105094925843207,1123.1135506723494,1.0076851854246933
221,0.4072398190045249,0.15859868345693134,34218.46909666427,1.2533105750552802
221,0.43891402714932126,0.2542680716069941,55194.00117899552,1.4341536189288784
221,0.42081447963800905,0.18752932502232877,38979.76791149397,1.2949483387936436
221,0.4479638009049774,0.28496880172951616,62639.03956161221,1.5029331156717913
221,0.4298642533936652,0.22637391200891388,49534.540119659025,1.3818873745708307
221,0.36199095022624433,0.026959515436407656,6123.157086384195,1.0422828598162273
221,0.40271493212669685,0.1427326026651528,30656.910087883396,1.2250712268669237
221,0.4343891402714932,0.23505218850803017,50582.45552642514,1.3965192510518758
221,0.4479638009049774,0.2750698240782318,61828.80063773216,1.499069673005349
221,0.4253393665158371,0.21173572104822036,45954.336129764546,1.3495205954406684
221,0.45701357466063347,0.3066312950654346,64840.23734167159,1.5281094109249065
221,0.334841628959276,-0.06376623162871396,-13535.788230404012,0.9106133056677096
221,0.43891402714932126,0.2354292955705266,51048.17869438764,1.4018642971104605
221,0.38461538461538464,0.09265851797828238,22236.68826676566,1.1603164955411258
221,0.4660633484162896,0.3289906809696876,70957.116929671,1.5839791465759867
221,0.40271493212669685,0.1461665504206544,33684.37457434695,1.249456633472234
221,0.4253393665158371,0.21250183575786719,47093.75629716755,1.3611646798737362
221,0.42081447963800905,0.19920560028676926,43392.8065927572,1.3329730537352256
221,0.4479638009049774,0.2733250029578616,58997.0166371636,1.4707385647250226
221,0.43891402714932126,0.25006146392305456,55643.03649407115,1.4382052551296356
221,0.4253393665158371,0.20623461700394094,43783.34200906199,1.3371135310808744
221,0.43891402714932126,0.2601824784527816,55045.71950498942,1.4329523068360148
221,0.45248868778280543,0.2947585517994667,64499.616810042586,1.5206002858220724
221,0.4343891402714932,0.23294823435683973,49532.08839153408,1.3847942879965724
221,0.3438914027149321,-0.0288761362426595,-5774.900934213841,0.9610919269374661
221,0.43891402714932126,0.2512932273084205,54807.255399212096,1.4319253305010176
221,0.45248868778280543,0.2953582710010953,62375.56926269769,1.5028090927880504
221,0.43891402714932126,0.25532666470626636,56557.54894915823,1.4436734189419846
221,0.4298642533936652,0.2266852329708035,50966.1905360639,1.3970056389936465
221,0.4479638009049774,0.28607076304360074,63138.66663549864,1.508686134344732
221,0.4298642533936652,0.2248075810278042,48200.73668610826,1.3741055140586456
221,0.4117647058823529,0.1711115694121591,37676.681137553234,1.2849695097950733
221,0.4479638009049774,0.28357978399217065,60301.54432394874,1.4838553754500965
221,0.40271493212669685,0.14583817427948484,31566.11375329773,1.2345066976947008
221,0.45701357466063347,0.3012431544346666,66676.43373039013,1.5444913268702136
221,0.39819004524886875,0.127055683866656,28724.76042723281,1.2117184864612698
221,0.4343891402714932,0.2346228349627956,51862.939833320845,1.4045965241029181
221,0.4117647058823529,0.17191894381661374,38177.02064407489,1.2881824305649525
221,0.4298642533936652,0.22685203858143646,47211.5656473417,1.3626955219277053
221,0.4253393665158371,0.21119600193841082,47668.87068251251,1.366666450237083
221,0.45248868778280543,0.29592667228789254,64090.6081012757,1.5157670058711947
221,0.37104072398190047,0.03705330771891485,9719.497925449436,1.0682967984344778
221,0.38461538461538464,0.09085988548635784,20509.033581582742,1.1469319039337527
221,0.3755656108597285,0.06446450900680581,13993.510103216511,1.0983632533625232
221,0.4072398190045249,0.15675326700817338,31042.34540034614,1.2298462099202634
221,0.46153846153846156,0.3220312800855293,69206.0933630495,1.5651688709380687
221,0.37104072398190047,0.048089492295122466,10731.634250122104,1.0758789501583939
221,0.416289592760181,0.16959775019723422,35385.35819126714,1.266361547818913
221,0.3891402714932127,0.106227015609641,24187.876089770514,1.1754088812474444
221,0.4072398190045249,0.1593546011887043,35174.66968323502,1.261765111597821
221,0.3665158371040724,0.02955736147359139,6414.587192769861,1.0445066376928769
221,0.416289592760181,0.19039265649419157,39844.89948303683,1.3020058998705415
221,0.39819004524886875,0.13270019450397189,29234.067366032043,1.2134365693698057
221,0.4253393665158371,0.2106769325552509,46284.66884974447,1.355384623682878
221,0.42081447963800905,0.20061422439607937,44378.91955402083,1.3386363097705856
221,0.3891402714932127,0.1105791647444812,23823.950458276413,1.1736090544200912
221,0.39819004524886875,0.12277277682293658,28740.01163648184,1.2133196349780415
221,0.35294117647058826,-0.0014587284687963534,1690.6962301166232,1.0116180680100348
221,0.40271493212669685,0.1461460054169184,30946.438126157205,1.2270639470145024
221,0.4298642533936652,0.22809003277817624,49197.88611228378,1.3793212174657323
221,0.3665158371040724,0.02849146285231782,6586.554082529878,1.045928707699885
221,0.4253393665158371,0.21371279942253507,46378.99458241551,1.353661399773203
221,0.3891402714932127,0.10475756801898577,23406.38763841193,1.1692095183844935
221,0.4298642533936652,0.2275679355193505,48535.99531031445,1.372877638019116
221,0.4298642533936652,0.21885556558393815,46115.20826687293,1.354744815831952
221,0.4072398190045249,0.1627316473322141,33790.197847858435,1.251179314191431
221,0.47058823529411764,0.3523498001273327,75738.24790537493,1.637288421526558
221,0.416289592760181,0.18508778394881956,38079.4381547811,1.2858606696282344
221,0.4479638009049774,0.2798091612598097,60015.80652868142,1.4777029566713524
221,0.3755656108597285,0.06890873023017326,14795.659036918933,1.1050435645103254
221,0.39819004524886875,0.1366846878496342,30062.063593478997,1.2206404870306127
221,0.4117647058823529,0.171120497377039,37824.811511358486,1.285443364230347
221,0.4117647058823529,0.1749127240768046,39230.46426716247,1.2952902170159386
221,0.3665158371040724,0.03796740381422968,8987.353173136029,1.0625818259337956
221,0.42081447963800905,0.19941832482681246,42236.8070510797,1.3206438326005587
221,0.4434389140271493,0.27115226375307044,58316.81615198213,1.4638116474740912
221,0.4298642533936652,0.22127628167238392,48847.111794054785,1.3800092127607224
221,0.3665158371040724,0.037916013867945096,8815.460983905215,1.061276406367171
221,0.4434389140271493,0.2525636198135791,54251.45305427432,1.4313476248652603
221,0.42081447963800905,0.19508725214897152,41418.76189124352,1.315632910414797
221,0.3891402714932127,0.08192272962005845,18492.782481108123,1.133162768931945
221,0.39819004524886875,0.13182700690007026,28292.982018959003,1.2067117455201146
221,0.4298642533936652,0.21962750626839875,46995.72852323747,1.3619516768125304
221,0.4343891402714932,0.24106600540192355,53645.13407821119,1.4188801039801988
221,0.42081447963800905,0.20036991122342404,42937.748074725794,1.325923702376225
221,0.3891402714932127,0.09475640340315557,19595.169519274754,1.14082274071651
221,0.34841628959276016,-0.026682981585721216,-4418.892304415785,0.9698071572321162
221,0.4751131221719457,0.35498916266540365,76506.19357163711,1.6416664572029194
221,0.39819004524886875,0.12651783414191095,26686.453713732022,1.1947408207554344
221,0.36199095022624433,0.02346204056154511,4966.49202661583,1.0342197272314622
221,0.3755656108597285,0.06411463981782456,15142.87332081227,1.1073296312033463
221,0.4117647058823529,0.17811162805158529,37001.52553545105,1.2786775355423188
221,0.37104072398190047,0.04987462410264924,10476.795791904027,1.0732478027337857
221,0.42081447963800905,0.20084034397461595,42688.00065337753,1.3249867188130704
221,0.4343891402714932,0.24045174949044124,53371.138700456475,1.4166206121485094
221,0.38009049773755654,0.08403966712365171,19152.019633499425,1.1370820625595297
221,0.37104072398190047,0.05362915107705773,11607.577582866477,1.0814255134938677
221,0.34841628959276016,-0.009054212994589058,-2479.047396902868,0.9830248692135605
221,0.3891402714932127,0.09328555528790401,20119.138569615658,1.1439893525867204
221,0.39819004524886875,0.13337422143585537,30350.54005797531,1.2237198883650309
221,0.3438914027149321,-0.030503715861376537,-6375.711121972829,0.9571041965061526
221,0.43891402714932126,0.2585983225322044,55974.595544999116,1.4409759687072705
221,0.4253393665158371,0.21400543134567865,45330.9903149822,1.3476280050819767
221,0.4117647058823529,0.16883707663428826,35775.94942000661,1.2672124687970647
221,0.4343891402714932,0.24074695471547186,52887.07485364817,1.4120309631127104
221,0.38009049773755654,0.07108659136168316,16082.984478524286,1.1142574985667968
221,0.37104072398190047,0.050707745915066785,10726.706735153002,1.0753540664318886
221,0.3891402714932127,0.1032138988592852,22654.482017667906,1.1640883682461778
221,0.4072398190045249,0.16408444657135915,35713.910749128954,1.2663162862609685
221,0.47058823529411764,0.34198324898811044,73151.3770685849,1.605555296302678
221,0.334841628959276,-0.061253956192936,-13683.315515744716,0.9089372026954567
221,0.4253393665158371,0.21430055738842663,46887.253545284184,1.3591239789848624
221,0.3936651583710407,0.11399796788671769,23648.255225540306,1.1712256814353739
221,0.43891402714932126,0.2562514147570189,53643.29392479427,1.4200017653042392
221,0.39819004524886875,0.13086735273160433,27172.45377369637,1.1977197094248182
221,0.42081447963800905,0.19545629063918,42248.788397927914,1.3234876366401078
221,0.3755656108597285,0.06314976832906659,13584.383873372197,1.0957346685235743
221,0.42081447963800905,0.2053070949183655,44697.600273035336,1.3427468365658204
221,0.3891402714932127,0.10868692479065294,22866.477348337496,1.1651277758960645
221,0.3891402714932127,0.09910154815812462,20458.5242573287,1.147206101041495
221,0.39819004524886875,0.13073491112217303,28506.274269125355,1.2084865970422765
221,0.42081447963800905,0.1999125397545718,42334.77883160414,1.3211229956809891
221,0.4117647058823529,0.16191640829657267,35395.059996315234,1.2640429377204125
221,0.34841628959276016,-0.01596506023328594,-3828.040975571559,0.9740991897686445
221,0.4841628959276018,0.39639479729539906,85941.79955912921,1.7421997427541136
221,0.42081447963800905,0.2013255701998834,42921.68589158091,1.3264221797269422
221,0.4479638009049774,0.2623898363155307,56142.280484320436,1.4466598301876996
221,0.416289592760181,0.1825772549169855,38734.90971890073,1.2932260686175445
221,0.4434389140271493,0.2673856328738569,57648.79966817175,1.454251346492857
221,0.4479638009049774,0.27089274209454434,57561.66109895842,1.458131652206363
221,0.4479638009049774,0.2768268278889531,59025.2760783058,1.4700617283139414
221,0.4434389140271493,0.2640415652644869,55435.20297585309,1.4376261157028813
221,0.37104072398190047,0.055869629695146285,12009.989318688598,1.084987150851267
221,0.4343891402714932,0.23370834184194247,51230.74115307464,1.399563866087612
221,0.3891402714932127,0.10242284198738509,21777.48657271565,1.1573447273596569
221,0.39819004524886875,0.13009978640856595,29459.67877069211,1.2149826491120999
221,0.42081447963800905,0.1966616069764909,43390.14056591623,1.3298643667707821
221,0.46153846153846156,0.322815554043625,70659.62227626576,1.5786862909494144
221,0.36199095022624433,0.015275563965988856,3441.8191082465496,1.0238541445900582
221,0.43891402714932126,0.2503315256655561,53445.05387878453,1.4201764780409976
221,0.4343891402714932,0.2404440777969076,50081.85013924945,1.3868629834505826
221,0.4072398190045249,0.15910549968609944,32560.875112025635,1.241473987589771
221,0.3936651583710407,0.11484853153773801,24724.27379338358,1.1785687663280493
221,0.4072398190045249,0.1528060656313425,33392.173865095145,1.24811281159075
221,0.39819004524886875,0.13414651817921353,29118.105666860018,1.2156581584949784
221,0.416289592760181,0.17814085125715126,39460.8251603056,1.2996317850853227
221,0.416289592760181,0.19172047761431055,41577.07492235309,1.3158051880009543
221,0.36199095022624433,0.011445086916978323,3804.176941455151,1.026449797897396
221,0.4253393665158371,0.21428604911966426,46544.75530585117,1.3571092715219515
221,0.3574660633484163,0.006251430302814249,1425.5114186813862,1.009815922289
221,0.3438914027149321,-0.032187188553607575,-6813.197602624314,0.9545523557439284
221,0.36199095022624433,0.02808667093039628,7708.954075195616,1.0537194996233632
221,0.4072398190045249,0.15919552845375334,35728.45172890839,1.2655331765052042
221,0.4253393665158371,0.21003638788441395,45331.93594984484,1.3461009815638774
221,0.4253393665158371,0.20495289697044647,45383.86542441869,1.3504558274019143
221,0.4434389140271493,0.2654320205267861,57128.6062007095,1.4545427858483546
221,0.38461538461538464,0.08841409904656992,19370.46666378405,1.1397061169143803
221,0.4751131221719457,0.35404082385619146,75826.30347976519,1.6369481973117963
221,0.37104072398190047,0.04187537282228006,7713.3739420845395,1.0540877562149926
221,0.4343891402714932,0.23997159617836172,51411.005257775534,1.399775759798237
221,0.416289592760181,0.18486936384969302,41536.13041875829,1.3145454928102884
221,0.4253393665158371,0.2074219826572931,45266.56278699838,1.3477916359819662
221,0.4841628959276018,0.3818900030097621,83198.37484838322,1.7113220885461324
221,0.3936651583710407,0.11889580049831888,25765.64043050648,1.187522999376864
221,0.3438914027149321,-0.02720879484683712,-4813.404218331749,0.9674390830290559
221,0.42081447963800905,0.1941197112009827,42941.49723930094,1.3259540304615813
221,0.4117647058823529,0.17385323024799373,39476.326089866365,1.2984357503065729
221,0.4298642533936652,0.2278639959543865,49666.04072730633,1.382381459026209
221,0.43891402714932126,0.25332723107265737,53597.472991111215,1.4184994831739486
221,0.42081447963800905,0.19278094451609665,42932.49861498042,1.3262982140839543
221,0.38461538461538464,0.09727772803400102,21484.173412671058,1.1552602509174965
221,0.38461538461538464,0.08366191388814932,17889.164534363834,1.1277605706542693
221,0.43891402714932126,0.24378597147551528,51786.304488664995,1.4059198658973109
221,0.37104072398190047,0.05045843862430663,12060.928747741964,1.0851343723540743
221,0.4298642533936652,0.21921761322985714,46800.78385598493,1.360282555837564
221,0.4072398190045249,0.15222214532159278,32766.464473075106,1.2434572555958365
221,0.3574660633484163,0.011394767710522627,2621.337194655587,1.018017497365567
221,0.4253393665158371,0.2105712983453851,45074.63662643521,1.3454836883216734
221,0.42081447963800905,0.19973933474118868,44698.34414199233,1.3420383262549855
221,0.42081447963800905,0.2033631045868761,42846.4972723314,1.3268727088803254
221,0.4434389140271493,0.25556809714052425,56810.75299332893,1.4509501790895287
221,0.42081447963800905,0.19929313794782644,43808.69528670718,1.335086406766405
221,0.42081447963800905,0.20586660013061525,43796.540058616185,1.3360879448017726
221,0.38461538461538464,0.08424716983579097,19916.892724012505,1.143024457160476
221,0.4841628959276018,0.39295478588906396,84235.29211427408,1.7204353838064348
221,0.40271493212669685,0.14536251008268364,31117.89503758344,1.22932878668893
221,0.4253393665158371,0.20184762293638805,43528.84878968052,1.3340100773666965
221,0.3574660633484163,0.00376131377380725,519.7600366015504,1.0035601163704713
221,0.416289592760181,0.18726247672800989,42684.10432530821,1.3263616487407215
221,0.416289592760181,0.19583428247524926,42320.08364604318,1.321659836869922
221,0.42081447963800905,0.19783026250968555,42275.311435787116,1.3222874356009537
221,0.4117647058823529,0.17290183491440395,38298.84765496227,1.2863048798459489
221,0.3891402714932127,0.10431530524865856,22184.36177482058,1.1585434500914333
221,0.4072398190045249,0.14769191139551807,31703.188848611208,1.2350241872196608
221,0.45248868778280543,0.2944720637764148,62983.62821932709,1.5045430510264568
221,0.4343891402714932,0.24220567893348183,51655.59113807845,1.4020062641501339
221,0.3755656108597285,0.06949178885844072,15831.321308064747,1.1128503386816588
221,0.4298642533936652,0.22641711990387847,49157.89360019534,1.3784387667313063
221,0.416289592760181,0.18061318032017395,37964.46502305091,1.2860273696622213
221,0.4117647058823529,0.173891959366972,39393.443130963045,1.2964442628218766
221,0.40271493212669685,0.13809585462022372,31306.601896948727,1.2317574162286347
221,0.40271493212669685,0.13910690628174216,29272.691829963966,1.2148414124922673
221,0.42081447963800905,0.20022584347886616,42803.55874925869,1.3237948619539175
221,0.4072398190045249,0.16074498739217774,36414.113654451314,1.2716267733036855
221,0.4072398190045249,0.161944780803375,35081.858366800334,1.2611239747180627
221,0.4072398190045249,0.15961092829183965,34224.26333980983,1.2532570184650254
221,0.4072398190045249,0.14869944009743963,32359.674830538417,1.240389356239597
221,0.3755656108597285,0.05985299568508255,12626.69091236113,1.088814058247724
221,0.39819004524886875,0.13619371567791086,29385.215135317965,1.2160764027861157
221,0.4841628959276018,0.38038398030959375,82936.36944647809,1.712059194489333
221,0.4253393665158371,0.21260457811519823,45168.15815009427,1.3440494137843306
221,0.3665158371040724,0.037524202693721115,7834.848288654618,1.0545273160188084
221,0.3755656108597285,0.06374848905082493,14671.422114465313,1.1032770980020437
221,0.4072398190045249,0.15940758898394672,33393.56498800278,1.247199957686931
221,0.47058823529411764,0.35679501842274836,76603.04913655149,1.648101205504014
221,0.43891402714932126,0.25297694043522995,54998.0118527958,1.4296569534888393
221,0.42081447963800905,0.1842334960137647,40031.86909344215,1.307317097709867
221,0.3891402714932127,0.10152385061386136,22297.239672632022,1.1614324092357924
221,0.4479638009049774,0.28177848676189976,59676.10447953688,1.475607547605118
221,0.38009049773755654,0.0722903456767861,14814.51448545991,1.1048154817000895
221,0.4117647058823529,0.17263939413384785,37478.87703524105,1.2795479212624354
221,0.40271493212669685,0.13227450645126995,29714.35663977993,1.2195447503153936
221,0.38461538461538464,0.08262153867225508,17366.19798976094,1.123869348073371
221,0.3393665158371041,-0.037251537171939894,-8447.234957691635,0.9431399856754706
221,0.4253393665158371,0.20480219281069972,44582.28994090523,1.3412911669531404
221,0.4434389140271493,0.25906363771777136,55400.8624387266,1.437857100059188
221,0.416289592760181,0.18688130576443995,41205.99845674174,1.3102739048174867
221,0.3936651583710407,0.12193973894724632,27080.031995335798,1.1982916142200353
221,0.4298642533936652,0.2252061546763388,48269.142754880915,1.374963224524313
221,0.3393665158371041,-0.039374695048171655,-8328.180320513435,0.9441759726792728
221,0.4117647058823529,0.17348486522936687,37136.827487440154,1.2777579476041987
221,0.4343891402714932,0.23341454518685745,50422.915533233616,1.3945771618422336
221,0.46153846153846156,0.32154041781627507,70041.12650940425,1.572736327922479
221,0.37104072398190047,0.05022097290234849,10942.317539727872,1.0764926228714609
221,0.416289592760181,0.18538472771876435,40687.9406599735,1.3058859186013596
221,0.40271493212669685,0.1510532878340371,32046.593619708503,1.2377239242541629
221,0.4298642533936652,0.22621177552366395,48798.17310946241,1.3757924343331558
221,0.45701357466063347,0.31033492216131586,68474.90646402119,1.5590696294715878
221,0.4117647058823529,0.17418785871903453,38248.988565404135,1.286951639222178
221,0.40271493212669685,0.147620144079911,30727.161564577233,1.2263702268493955
221,0.36199095022624433,0.025168399867131815,6137.5134435395385,1.0425106186680384
221,0.3936651583710407,0.11931813146887801,24268.47974229682,1.1770082564550068
221,0.4072398190045249,0.16156408523783947,34009.806594141606,1.251863937777871
221,0.4343891402714932,0.23197892377057872,50887.29072323932,1.3958972029238632
221,0.46153846153846156,0.31700275928359367,69439.72934215894,1.569938674351208
221,0.4117647058823529,0.17257829065945293,37700.811638047446,1.2829564346754778
221,0.45248868778280543,0.2926586741131124,63879.21109635533,1.5183934648409645
221,0.4751131221719457,0.3651105261923163,77428.28384750783,1.6484073745254442
221,0.37104072398190047,0.05430783030550162,10522.126313646684,1.0738573171619437
221,0.4434389140271493,0.2670514297874516,58225.204403189375,1.4628901555167824
221,0.416289592760181,0.18915515923832188,41126.681806603934,1.3104585283357386
221,0.4253393665158371,0.20513011507477433,45433.61583267617,1.3489134576624962
221,0.4117647058823529,0.18287939388860855,40317.81840729118,1.3070017922522026
221,0.3574660633484163,0.0025733744418210995,233.83859041072265,1.0015994919595796
221,0.43891402714932126,0.2469260114445068,52587.98150852119,1.4124944373849762
221,0.3891402714932127,0.10725886137768723,22742.142864649122,1.1644974681886109
221,0.38461538461538464,0.09042082842890711,21131.573188542774,1.1513773871535247
221,0.4298642533936652,0.2294552757442316,48962.476659188986,1.3785144738299075
221,0.4434389140271493,0.2560802287728454,54511.092542853425,1.429942960605391
221,0.4343891402714932,0.23683093918112474,51470.9570507413,1.4006965642835623
221,0.39819004524886875,0.13181209946944986,27764.66989593424,1.2025833169590003
221,0.47058823529411764,0.3478848152942249,74607.36666394572,1.6205945218756406
221,0.42081447963800905,0.19452140708323115,42271.44634396338,1.3208200227134312
221,0.4072398190045249,0.15515088012228045,34930.37670579189,1.2597182853079691
221,0.4117647058823529,0.177801803186941,37677.546494344264,1.2825168128277886
221,0.45701357466063347,0.31174474236579774,67903.01572133522,1.5547941110785886
221,0.3891402714932127,0.10078421834649055,21383.60079587192,1.153393281876401
221,0.4072398190045249,0.1582600808582596,35562.58673681329,1.2645527945620942
221,0.4434389140271493,0.2634746492382034,56323.240381739975,1.446792302774391
221,0.4434389140271493,0.264217225059439,58235.30579226515,1.460786242443823
221,0.3891402714932127,0.10596378402894784,23398.862588600416,1.1687082141605916
221,0.4434389140271493,0.26041646245914674,56098.154343845665,1.4439262507239423
221,0.4343891402714932,0.241486636540261,50360.920251662305,1.3885338166136785
221,0.40271493212669685,0.1412730970972184,30890.655857410427,1.2283195359464036
221,0.4434389140271493,0.2685924091369995,57506.055282520494,1.4553805447642525
221,0.3574660633484163,0.01018342841829397,2367.398355771744,1.016210076762977
221,0.39819004524886875,0.12857149793390718,28967.218976757715,1.2133080382185508
221,0.40271493212669685,0.1292514601356698,27621.38632803934,1.2026068603445534
221,0.3936651583710407,0.1084584210255358,23419.17912319328,1.1712291412801115
221,0.3574660633484163,0.0024364873043816486,1072.5719615395938,1.0073514790124174
221,0.4117647058823529,0.17403016371342003,39251.77724268955,1.2963407529467152
221,0.4434389140271493,0.2548790759182048,54587.90511247571,1.432411345636144
221,0.3936651583710407,0.09683838694769381,21860.439233233326,1.1588758886847315
221,0.40271493212669685,0.1485852634679532,32307.411071373885,1.2382867066116376
221,0.42081447963800905,0.19991605426169481,45260.04753429637,1.3456825303826254
221,0.38461538461538464,0.09410221157649062,21926.200123873386,1.1575879393564732
221,0.3393665158371041,-0.041043621074271945,-9351.897921805696,0.9376748448088976
221,0.4434389140271493,0.2676904776882709,57355.95310228976,1.450915068571795
221,0.40271493212669685,0.14503244756419478,31325.093769286803,1.2304709468822905
221,0.37104072398190047,0.053432116339300464,12314.556694898343,1.0867082377938542
221,0.416289592760181,0.18120137858938798,39506.806762667446,1.2973693553680954
221,0.40271493212669685,0.14506825746405155,31378.517564346075,1.233384534454426
221,0.4298642533936652,0.2117926809578525,45102.75210522474,1.348664172285594
221,0.4796380090497738,0.3804352367986052,82888.61077549691,1.7085291850406361
221,0.4253393665158371,0.21523113793145648,47580.65616504859,1.3674614046056788
221,0.4072398190045249,0.16068979249386778,34641.64528529054,1.2575842098038426
221,0.3393665158371041,-0.04343211353119213,-11083.800968840298,0.9266336069976241
221,0.4343891402714932,0.24002093528123036,50449.751422444504,1.3921332905468027
221,0.38009049773755654,0.07767856410010844,17995.660948826124,1.12812491161662
221,0.416289592760181,0.18944642928445465,42027.30964970124,1.3200734204930444
221,0.4117647058823529,0.17246823817794626,36494.52729433249,1.2723101895768538
221,0.4117647058823529,0.17183517022242198,36426.630768707255,1.2713726682908584
221,0.3665158371040724,0.04084934132057271,9263.049306792405,1.064756324332791
221,0.45701357466063347,0.29483800362486007,65275.489457074545,1.5324628454429534
221,0.39819004524886875,0.1310221144960553,25981.196981759036,1.1895595356277466
221,0.45701357466063347,0.30734072493836095,65347.9272659929,1.525633017978761
221,0.3665158371040724,0.03833709544898726,8456.022745122369,1.058868829070312
221,0.4434389140271493,0.2605197097857274,56255.60050592899,1.4432986970156312
221,0.3891402714932127,0.10924305822006951,24303.630304994036,1.176151083688934
221,0.4660633484162896,0.3411827043216624,75087.25879277635,1.6312950244180473
221,0.38461538461538464,0.09195409933548097,21024.19771633645,1.1507298406371669
221,0.3936651583710407,0.11251333032383908,25274.86896202272,1.1838625542066201
221,0.4479638009049774,0.2816586476298034,62417.8223061321,1.5009967958785293
221,0.40271493212669685,0.148625771763815,32868.764575336,1.2437690050973775
221,0.416289592760181,0.18653811609311427,38801.49392597363,1.2911118705450826
221,0.38461538461538464,0.090528714049795,19203.256963374144,1.1367721115580647
221,0.40271493212669685,0.1484573884492794,33352.54078664292,1.2473152955504259
221,0.3574660633484163,0.014417753714601442,3231.1377083458515,1.0223072004001186
221,0.47058823529411764,0.3491701909935179,75538.38614190058,1.6318771001239485
221,0.45248868778280543,0.28736383743853744,62873.703124836335,1.5076808696632173
221,0.43891402714932126,0.24985492464562606,53166.1352325645,1.4182002098537008
221,0.38461538461538464,0.08761705151459946,18176.269098282533,1.129426849705218
221,0.39819004524886875,0.13261074275843818,29137.88152842884,1.2132553154187542
221,0.40271493212669685,0.1423500381767811,30136.185327535182,1.2215261671793265
221,0.40271493212669685,0.1448821261638217,30721.771208322563,1.2278733477759864
221,0.40271493212669685,0.14167266036898113,30058.657551987577,1.2234776566171714
221,0.3936651583710407,0.12445735409744288,28843.348696503574,1.2119049195207032
221,0.416289592760181,0.18905209976192763,40652.80033916631,1.3079328985102048
221,0.37104072398190047,0.053955299732812975,12541.634173389893,1.088479288462312
221,0.43891402714932126,0.24863679233415797,55134.107250381785,1.4364202159060055
221,0.3891402714932127,0.10741400524444385,21999.164613573757,1.1583507913146422
221,0.4117647058823529,0.1774862015769596,38393.32202098906,1.2890915204229612
221,0.39819004524886875,0.1379498920687134,29735.582909269426,1.2189596027785015
221,0.42081447963800905,0.1963784264086351,42800.03458167265,1.324183800661381
221,0.416289592760181,0.18583416329429647,40439.91011815812,1.310483052160902
221,0.4298642533936652,0.22745024808032635,49684.05004874377,1.3830852640613545
221,0.4343891402714932,0.240089777946868,50787.549718404625,1.3948429235078492
221,0.3755656108597285,0.06349506411688596,15573.858566154286,1.1104438683754476
221,0.3936651583710407,0.11091523461279733,23358.460864259185,1.170001292303962
221,0.4841628959276018,0.3896475069361911,83606.19319935984,1.7121550778793857
221,0.3891402714932127,0.10487312435441809,22375.37424526708,1.1622070926129147
221,0.40271493212669685,0.14588514404200542,32354.93816620585,1.2390568024846924
221,0.4117647058823529,0.18145021047521853,40770.6646762685,1.310717734838262
221,0.35294117647058826,-0.0032075242156132558,1445.0541744693292,1.0098953609172532
221,0.3755656108597285,0.06857478805181388,15714.8968114085,1.1112929043097808
221,0.46153846153846156,0.31379537674497576,68756.23777457312,1.5631490297339157
221,0.40271493212669685,0.1450204377115266,32243.271306373343,1.2384028662624553
221,0.4298642533936652,0.23018982022930132,50510.09716211158,1.3924396441096643
221,0.42081447963800905,0.19909841961502728,43289.76795004989,1.3311280493735733
221,0.5113122171945701,0.468252804499556,101974.85530850467,1.9229556988407146
221,0.3755656108597285,0.0639641755232293,15001.573215426975,1.106026618434688
221,0.37104072398190047,0.04618524071776046,11549.49537662843,1.0813717427584366
221,0.3936651583710407,0.11901657926485915,27009.036383820607,1.19643938146093
221,0.40271493212669685,0.1442452140001619,31323.910243717684,1.2311161954383971
221,0.39819004524886875,0.1276513931707093,26340.410425934933,1.1932199472142249
221,0.3936651583710407,0.11901730447638019,25070.550123830813,1.1815714572315263
221,0.4298642533936652,0.2301712012066644,49321.95686868328,1.3815611692566923
221,0.3936651583710407,0.11878571619507752,26093.69444214234,1.1888861097326227
221,0.3891402714932127,0.1054910339808672,23865.828736214025,1.1731804396386336
221,0.36199095022624433,0.02063879957041989,5353.944118807752,1.037149017137397
221,0.4253393665158371,0.21295920892692177,47292.328138291196,1.3693136302740605
221,0.4298642533936652,0.22141410291293614,48558.7405148031,1.3758310183390734
221,0.4343891402714932,0.23935634037076758,52079.635331276084,1.4056730777691138
221,0.45248868778280543,0.28930065520151654,63187.347649625204,1.50682909435787
221,0.42081447963800905,0.20455602515405677,44299.54858341285,1.340020174542365
221,0.4298642533936652,0.21936027879268147,45335.43915047211,1.3490254794090966
221,0.3891402714932127,0.10416231519311919,21212.13199996634,1.1516915064500444
221,0.4343891402714932,0.239264350668198,52020.12400668011,1.4056756828184591
221,0.4434389140271493,0.2721182357286838,58075.05244057259,1.4612949193309812
221,0.416289592760181,0.17876792410055484,37649.17114711408,1.282113760761677
221,0.4343891402714932,0.2369381919428051,51682.740408788115,1.4017759305350426
221,0.4117647058823529,0.16145724214397514,35843.99411751416,1.2670392243743471
221,0.38461538461538464,0.07763816693843283,17972.323363047395,1.1289781137419466
221,0.33031674208144796,-0.07117569484888779,-14442.884886832098,0.9048659947681724
221,0.35294117647058826,-0.0067637541980867435,-1166.8561297379088,0.9920230398000388
221,0.36199095022624433,0.02718494333812448,5982.55176541702,1.0414282488834443
221,0.45701357466063347,0.30383243800813586,65679.10730240963,1.5324079390018295
221,0.4253393665158371,0.2140124066281022,46168.08727684073,1.353868015968696
221,0.45701357466063347,0.30290382860066656,64735.37037417478,1.5241702842128746
221,0.47058823529411764,0.34716690875210426,75075.65536290366,1.624695768630818
221,0.3936651583710407,0.11415546985909836,25466.364462672227,1.1861004198710505
221,0.37104072398190047,0.06050283395547282,11902.9828026615,1.0841705559126495
221,0.4117647058823529,0.17273279406745434,36895.845672522206,1.275930623559246
221,0.3665158371040724,0.03728276574336883,8839.50642522324,1.0611759230449735
221,0.40271493212669685,0.14623288559783396,33210.36278468567,1.2465803215845028
221,0.42081447963800905,0.18645823565172825,42852.14069483737,1.329028358918878
221,0.4298642533936652,0.22751817795072124,48848.75884282579,1.379402365605954
221,0.3665158371040724,0.029599664217975868,7348.675998821999,1.0509296699898263
221,0.38461538461538464,0.08543732881690616,19091.579198076426,1.1365263524522378
221,0.43891402714932126,0.24618881161707992,51681.097929693686,1.4058843812887718
221,0.3891402714932127,0.11090037131189348,26145.264377714004,1.1908596798451174
221,0.39819004524886875,0.12645833220411978,27952.98497187449,1.205144628388239
221,0.4298642533936652,0.23448766175101937,49121.57143239252,1.3815306626921442
221,0.416289592760181,0.18714853404639406,40989.13870757494,1.3075351205267913
221,0.38009049773755654,0.0773176159985019,16987.218501862473,1.1207703228665993
221,0.4253393665158371,0.21555447697645755,46091.2956379213,1.3530425705086186
221,0.416289592760181,0.18132029341094597,40087.88363348815,1.3041030134141975
221,0.3936651583710407,0.1204813986196525,25802.669153845207,1.1872075886193718
221,0.416289592760181,0.18623087306566724,42002.27486069801,1.3184626878810122
221,0.34841628959276016,-0.022419307094973345,-5067.548220349745,0.9658879317038034
221,0.45248868778280543,0.2957469593474347,63506.755147784854,1.511205232939922
221,0.416289592760181,0.1969030007857099,42136.328511843494,1.3220468611814598
221,0.4253393665158371,0.20712748138239498,45769.165285574665,1.351394799177476
221,0.4117647058823529,0.17375833486540734,37987.36207791166,1.286720601565451
221,0.43891402714932126,0.2559547226264396,54770.78063890022,1.4293809195365355
221,0.4434389140271493,0.26827217454705055,56235.713379747984,1.441450064545987
221,0.4479638009049774,0.2779364301339963,59482.5971341758,1.479156688423463
221,0.42081447963800905,0.20377819098576197,45337.98657449904,1.348652392572573
221,0.45701357466063347,0.30487033956667303,64934.85810108161,1.5284975690480196
221,0.4072398190045249,0.15915599380459233,35208.82880387233,1.2615209767093623
221,0.39819004524886875,0.11470019703715274,23014.680202368643,1.167451779650473
221,0.416289592760181,0.18922994917005925,40691.32901789507,1.30650737781505
221,0.4072398190045249,0.15607567559710603,33566.89590356703,1.249128859982889
221,0.3891402714932127,0.09880662369552196,20339.916898354353,1.1462428559270346
221,0.39819004524886875,0.132253567015217,30397.274732034755,1.223879154965516
221,0.3936651583710407,0.11808198976888817,24325.219504597913,1.177401399272804
221,0.4072398190045249,0.16035550473560822,33847.431507963236,1.2518414976718721
221,0.4479638009049774,0.275708626416297,59934.86511041333,1.4789335865426338
221,0.3936651583710407,0.11812743512929742,24843.25410253149,1.1813349208549073
221,0.43891402714932126,0.25372522582793805,54123.85484418365,1.4226931370363303
221,0.4253393665158371,0.2123005449637318,45294.00470866666,1.3465586699836316
221,0.45701357466063347,0.30377712326537387,65699.40897487281,1.5316345896795256
221,0.4434389140271493,0.2631259065841452,56435.95741410889,1.4476670331744537
221,0.39819004524886875,0.12270594090944188,27615.406210993344,1.203215676603333
221,0.43891402714932126,0.2548843560321037,54664.28268112875,1.430608052030441
221,0.4343891402714932,0.24269184674404903,51487.53097920035,1.4012134863594365
221,0.4253393665158371,0.21727013968949282,47061.02502342402,1.3628274597098538
221,0.416289592760181,0.18357702591667194,39976.88578444624,1.3018853805646697
221,0.42081447963800905,0.19450036500374715,42173.52296088326,1.3210222980473671
221,0.39819004524886875,0.13227592162152024,28882.98765270332,1.2115165010731084
221,0.4434389140271493,0.2717628575079217,59778.95413152527,1.4766780651993165
221,0.38461538461538464,0.08290004797804673,19649.4205865388,1.140681165319528
221,0.39819004524886875,0.12761738697026384,28499.4593646472,1.207731457958916
221,0.4660633484162896,0.33182826638656787,71681.41154925025,1.5940823605672416
221,0.39819004524886875,0.13176937658353968,27735.65607455036,1.204952025399895
221,0.4253393665158371,0.2193299053287868,45462.067055140826,1.3494666416596197
221,0.4117647058823529,0.16938639142147002,36501.53902497062,1.2742128298050162
221,0.4343891402714932,0.24538019243675413,52804.196550426175,1.414324487042387
221,0.4253393665158371,0.2127869940502403,45846.56547166615,1.3505746398287692
221,0.4117647058823529,0.1628735624099858,34017.79112502816,1.2535251104433343
221,0.45248868778280543,0.2855571921661428,60423.88088189939,1.4834590821983662
221,0.416289592760181,0.1899538203273145,40672.714656072145,1.3077389456131105
221,0.4751131221719457,0.35686498991850546,75718.684771446,1.6358825718893724
221,0.4434389140271493,0.2674554836220586,58214.26849826946,1.4627582819510263
221,0.4253393665158371,0.21830931642332746,46539.18424776813,1.3597808217263012
221,0.4072398190045249,0.15729823397600726,32938.67937711585,1.2437736072874321
221,0.3936651583710407,0.11582091556653501,24272.73186912963,1.176397851684972
221,0.4660633484162896,0.3352225504484778,72501.53387620326,1.5988555848416266
221,0.3665158371040724,0.03539667786908779,7797.0825924875335,1.0540504805745026
221,0.45701357466063347,0.30073665143439104,64126.11651220094,1.519511289730819
221,0.3665158371040724,0.03565386514446018,9143.993163304825,1.0640608292804947
221,0.4298642533936652,0.21051144639031358,46943.28305602321,1.364349877822057
221,0.416289592760181,0.17922312828781023,39328.69881654667,1.2978923482521239
221,0.38461538461538464,0.08728018149243594,19189.95426008259,1.1376262038660943
221,0.3936651583710407,0.11494217826708236,25046.27411254908,1.1813308082937541
221,0.4253393665158371,0.21455142383413817,47068.01371528879,1.3625477360401437
221,0.416289592760181,0.18072373218009868,39538.45538328068,1.2971216091827478
221,0.3438914027149321,-0.027728140202756137,-4217.26341996323,0.9714398404217859
221,0.4343891402714932,0.24276343244383483,50839.06192430413,1.3947883898050562
221,0.39819004524886875,0.1348525406198205,29387.24905767504,1.2146990745216373
221,0.4434389140271493,0.26426019006067464,56526.16815823366,1.4467824489725987
221,0.45701357466063347,0.3041260364208777,63289.53010322616,1.5108451806351193
221,0.38461538461538464,0.09055684939432042,20029.392379483863,1.1446347263600194
221,0.45701357466063347,0.2995220933090153,63820.61060364115,1.5156162493922212
221,0.4479638009049774,0.26764843960674795,57413.29420257069,1.4568976159007052
221,0.4072398190045249,0.15735761518931987,34242.93167179977,1.2561356375140418
221,0.38461538461538464,0.09293692242091355,20192.802294481895,1.1443300605263937
221,0.34841628959276016,-0.024929561016068722,-5489.427839528575,0.9629482319869037
221,0.3755656108597285,0.06289273880311215,14756.545125667148,1.1044617862176087
221,0.3755656108597285,0.05813749818812868,11687.066003872633,1.081634713056041
221,0.4117647058823529,0.17888423048095448,38539.15453984557,1.291303878176816
221,0.4343891402714932,0.23198936648428387,51135.634846483896,1.3974158354790371
221,0.39819004524886875,0.1270311448455493,27884.111419566827,1.2039213013237111
221,0.45248868778280543,0.2944774359011016,63988.438531708816,1.5147516196947222
221,0.4841628959276018,0.3911236998769507,85338.64483751077,1.731119553589313
221,0.40271493212669685,0.1464608492914558,32609.255839852925,1.241271796724042
221,0.416289592760181,0.18779986371412097,40842.97281709916,1.3086671822596332
221,0.3755656108597285,0.055520572540402255,12004.490770703977,1.083945836350538
221,0.38461538461538464,0.09107180347521181,20661.515737895286,1.1482483302085509
221,0.4298642533936652,0.22725106545325727,49978.40039855502,1.3858721607489797
221,0.33031674208144796,-0.0779013219942091,-16500.09843742017,0.8918656599665669
221,0.3891402714932127,0.0975663982121092,20237.386150659793,1.1457592554187683
221,0.42081447963800905,0.17266887423367624,37000.76548804099,1.2807235498648666
221,0.3665158371040724,0.03864935283047611,10613.328658043836,1.0745593026796716
221,0.40271493212669685,0.14036449978240584,28743.150350778018,1.2114231508420026
221,0.3755656108597285,0.055133458838186725,12368.66207877304,1.087106028061315
221,0.45248868778280543,0.29354848966057057,62226.0611089161,1.4960981453153614
221,0.3755656108597285,0.05594643610103038,10398.584444077078,1.0730310300037014
221,0.43891402714932126,0.2539202829664475,54485.265455046116,1.4282679028896728
221,0.416289592760181,0.19065508239238232,41242.86609937733,1.3130134874465509
221,0.3891402714932127,0.10462587348583735,22232.830249584335,1.1593592030804925
221,0.43891402714932126,0.25396864226873306,54604.40963758169,1.4336208535064432
221,0.40271493212669685,0.15789127058182958,33779.60063733813,1.2531616540148445
221,0.3257918552036199,-0.08805590820637854,-17522.42173249354,0.8853838274266345
221,0.35294117647058826,-0.0037764235178689904,-1615.9628223569784,0.9890232335133897
221,0.4298642533936652,0.22957671015858702,46885.73072478636,1.3619053824572207
221,0.49321266968325794,0.4104773559807647,89906.05876886536,1.7905667876721358
221,0.4434389140271493,0.2715965217202818,60163.29628195094,1.4813133411486796
221,0.34841628959276016,-0.019786508676230045,-3981.0539741546672,0.9729183334873478
221,0.4072398190045249,0.14654404012835742,31563.338966036405,1.2344743491358061
221,0.43891402714932126,0.25179037462516624,54366.35451329017,1.4303684155304752
221,0.3891402714932127,0.10959562662883787,24263.750926673896,1.1767504398224922
221,0.3665158371040724,0.03642192638448602,6265.845504117781,1.0432956580786583
221,0.40271493212669685,0.1453999439543506,33907.440227404324,1.2515988174015504
221,0.45248868778280543,0.2803853936117269,60748.37183289493,1.4888073645916624
221,0.4434389140271493,0.2707370856224428,58752.41104672813,1.465975125407507
221,0.37104072398190047,0.05186500283436782,10950.197808895791,1.0769763779296988
221,0.3574660633484163,0.006357504522362157,1692.6018050235489,1.0116254138523366
221,0.4072398190045249,0.16227919384486209,35791.30626422001,1.26993788615923
221,0.4343891402714932,0.2407111157873028,50243.53654541637,1.391151609480194
221,0.4343891402714932,0.2412558550749805,52182.43347266681,1.409011877677239
221,0.4479638009049774,0.2735919163527234,58395.289746559465,1.4647003292881227
221,0.48868778280542985,0.39346773405554647,85198.66710370676,1.7338190577727042
221,0.45701357466063347,0.3078844917269184,65752.7979495751,1.5371275283244457
221,0.43891402714932126,0.25292170557029514,54759.95407917246,1.4281630595665058
221,0.3891402714932127,0.10537021004673992,22998.290541452894,1.1661546318141733
221,0.38461538461538464,0.08356395608235517,18272.464023017827,1.1308815464342017
221,0.4253393665158371,0.21460307143243507,48486.94068922713,1.3733125725767519
221,0.45701357466063347,0.3029188931992854,65812.95785746448,1.5328968089838282
221,0.39819004524886875,0.13226386829421824,29477.096403348885,1.2153490996776781
221,0.4117647058823529,0.1774955682087943,37965.64773042781,1.2867024965174876
221,0.4434389140271493,0.26880194857881634,55949.60491664364,1.4414058775184844
221,0.4117647058823529,0.16174957390374742,32930.442228047,1.2457955532762648
221,0.3891402714932127,0.09681043637861056,20122.194441233984,1.144409414518508
221,0.45248868778280543,0.2954080037705873,63079.903827941765,1.506293762660575
221,0.4072398190045249,0.1605708127701267,35610.91288058355,1.2676098680803736
221,0.4072398190045249,0.16274844068460023,37030.22633779913,1.278482620636112
221,0.416289592760181,0.18611199060714065,40637.20671400888,1.3060582680144832
221,0.38461538461538464,0.09412549279662345,21642.868280185143,1.1558006707992288
221,0.416289592760181,0.1839768826233733,39874.351650333854,1.3016339485056712
221,0.42081447963800905,0.20004892403807986,42218.06160356334,1.3203054131708216
221,0.3936651583710407,0.12278153761987286,26460.028547819853,1.193080512964093
221,0.4343891402714932,0.2411952311313046,49657.85229901779,1.385535575348794
221,0.3891402714932127,0.10837298446152749,25462.765803540882,1.1847022149621187
221,0.40271493212669685,0.14530029633237035,31691.77274552913,1.2351036295079785
221,0.416289592760181,0.18761707375958708,40272.96286414018,1.3055399448662597
221,0.4253393665158371,0.21612501456015104,47609.859300510296,1.3703826991147643
221,0.40271493212669685,0.14268696059050973,30572.09339734519,1.225066756959393
221,0.4253393665158371,0.2015528502554182,43459.00874972291,1.3340448947748238
221,0.3936651583710407,0.11666814160703042,25640.115605723444,1.187309036647565
221,0.45248868778280543,0.29915829537831856,64745.73062311333,1.526115477435793
221,0.4253393665158371,0.21827457596731834,48987.144224275835,1.3803445190650416
221,0.4479638009049774,0.27748259338087083,59775.50356422581,1.4812717145095367
221,0.4751131221719457,0.3597249449669069,77311.24531956218,1.6483570333144548
221,0.39819004524886875,0.13623311373720887,29631.695158615665,1.2180252420914246
221,0.4434389140271493,0.26805914688380694,57704.716176389426,1.4568911182292867
221,0.334841628959276,-0.05797829105004028,-12208.777264112065,0.9192448959889067
221,0.4298642533936652,0.21902020061171162,46397.7100034551,1.3585178761831747
221,0.43891402714932126,0.24629548267519025,53569.34528294424,1.420508798763889
221,0.3936651583710407,0.11758442170196731,26373.87809569165,1.1913645428605135
221,0.40271493212669685,0.14804018813174952,31992.23127349303,1.2360604325343658
221,0.43891402714932126,0.24159229865072593,51782.234407963784,1.4058017724250027
221,0.3665158371040724,0.037672322049423085,9468.463926367032,1.0661375278009095
221,0.38461538461538464,0.08314893516476586,19767.77201150832,1.1424906292817332
221,0.4298642533936652,0.2217975170306576,48265.12477914541,1.372367367864174
221,0.38461538461538464,0.08458878993952887,19036.45235822354,1.1358993226175351
221,0.416289592760181,0.19183614487168044,41168.82187277745,1.313862994908831
221,0.47058823529411764,0.34844647683267926,76302.51214466272,1.6338550847175846
221,0.4298642533936652,0.229330229709286,49405.003145537565,1.3838624571407327
221,0.3212669683257919,-0.08877426103826216,-19049.43257654087,0.8750293376163992
221,0.4796380090497738,0.3700009100094049,79612.55818166732,1.6744680909365224
221,0.4660633484162896,0.3275996537191818,69957.33498630207,1.5752210626896905
221,0.45248868778280543,0.2859862029103243,60437.60036903,1.4845289170636062
221,0.4072398190045249,0.15980789741266208,34040.84600884508,1.2521888232000726
221,0.4117647058823529,0.17357652402643253,36459.38670003929,1.2709239721867645
221,0.38009049773755654,0.07160954019143562,15136.38579172442,1.1078410394776395
221,0.3891402714932127,0.10682503685586296,23802.545220955806,1.1718159849055645
221,0.4434389140271493,0.2653733073302069,57447.83154687748,1.4569281913423295
221,0.4253393665158371,0.21749037207621524,45366.222812571796,1.347526746832556
221,0.40271493212669685,0.14471843851284785,31705.84885274142,1.2361618905637486
221,0.36199095022624433,0.01886212016317783,3609.6602057103673,1.0249916598613977
221,0.3665158371040724,0.03372645723239563,6443.144535124251,1.0446232557861421
221,0.4072398190045249,0.15297094500333416,33048.003681351904,1.2463630429381942
221,0.39819004524886875,0.1331013719473162,29420.052752922424,1.2148762338003818
221,0.4117647058823529,0.17577232913887558,37057.06804829878,1.2780094708155865
221,0.37104072398190047,0.04973892497594432,11408.861997085256,1.08020487354959
221,0.4072398190045249,0.16307157233741065,35637.761169479905,1.265645546180338
221,0.37104072398190047,0.046896005205541796,10197.852545479367,1.0716232987200274
221,0.42081447963800905,0.18389462819742375,37678.48134702555,1.2894993228869625
221,0.4117647058823529,0.17245747153278937,36508.50997217751,1.2715785691275052
221,0.4072398190045249,0.152845576689192,32881.34399633248,1.2433533467612246
221,0.3574660633484163,0.01233445097275007,3104.8407518178647,1.021363618226448
221,0.4072398190045249,0.16149519811448024,36180.314707663776,1.2700690574517113
221,0.4072398190045249,0.1594268691023421,32669.35675619754,1.2420350697750613
221,0.38009049773755654,0.07955638080699376,17113.416923935125,1.1217043681036694
221,0.35294117647058826,-0.0036013279556102286,-733.4217952235158,0.99502375999611
221,0.38461538461538464,0.09385717891794929,21904.833455563898,1.157692268481645
221,0.45701357466063347,0.3105153649130881,65191.49533810912,1.5305191076888411
221,0.4796380090497738,0.3795929980254365,80874.96402950134,1.688103068764139
221,0.47058823529411764,0.3339139395020878,70183.4946673158,1.5818884978996197
221,0.4253393665158371,0.21343851499865987,48290.93280954669,1.3735652717313782
221,0.40271493212669685,0.13576915930769212,29969.967490166066,1.223886640682113
221,0.3665158371040724,0.042454326476602244,8808.805093417453,1.0616859827606056
221,0.39819004524886875,0.11938692056311695,26286.980207861296,1.1924559650094007
221,0.38009049773755654,0.0796119923170854,17857.944493201278,1.1274260926544868
221,0.42081447963800905,0.19842267400849786,41456.156145096655,1.3140728046594037
221,0.39819004524886875,0.12454689002814376,25553.79001853808,1.1869070586057993
221,0.4298642533936652,0.2216163678421534,46666.06778179054,1.3588850410054214
221,0.42081447963800905,0.1950560509488137,42213.26657917945,1.3213552433047238
221,0.38461538461538464,0.09198795817131633,20422.28398099553,1.1464811521812226
221,0.43891402714932126,0.25348011201566684,54754.49123551448,1.4316108585134222
221,0.3755656108597285,0.06040175668684579,13906.930607702441,1.0981708236298262
221,0.42081447963800905,0.1927224876871033,39404.470840062684,1.29769396753071
221,0.39819004524886875,0.12375649279515534,26156.425498703476,1.1918265955252048
221,0.4117647058823529,0.16605132148944668,35663.68931393675,1.2663032892423536
221,0.3936651583710407,0.1112798024532812,22103.053408576696,1.1588207703719295
221,0.45248868778280543,0.286314786352049,60815.41299726955,1.4856877891992701
221,0.3891402714932127,0.09831425937848012,20913.1811524006,1.1510252245729728
221,0.4479638009049774,0.2752960563365344,58520.08130118661,1.4675698729333915
221,0.40271493212669685,0.143307528884806,31349.858420504228,1.230723976061623
221,0.4253393665158371,0.21520724669679284,46586.63603797565,1.3565524132210256
221,0.35294117647058826,-0.006129639907882155,-757.207788291611,0.9948037700144134
221,0.40271493212669685,0.1466837445694122,31246.209181877264,1.2296229364042643
221,0.43891402714932126,0.23920830338126547,49872.93632723355,1.3909478122545849
221,0.40271493212669685,0.1451470615898309,30038.990276587396,1.2206719631821248
221,0.3574660633484163,0.004209542860084906,169.5432308233203,1.0011642299194947
221,0.39819004524886875,0.1355789469822339,27238.81800477107,1.199812188022423
221,0.4072398190045249,0.15990240575353495,35045.21798969062,1.2603071188547956
221,0.4343891402714932,0.23407283213284522,50173.02145982384,1.391824396988769
221,0.4479638009049774,0.2741928025172924,61016.81348676469,1.4868299791047104
221,0.4298642533936652,0.2289185573955947,48681.63715271528,1.3743592521465093
221,0.39819004524886875,0.13172649925337107,27592.407490122583,1.2009647102886412
221,0.4117647058823529,0.17406101368561294,36546.557540798996,1.2748938643536507
221,0.4298642533936652,0.2266779557913677,47300.519637567566,1.3637548493040463
221,0.39819004524886875,0.1391110413263377,30096.034181055256,1.2219416631078077
221,0.4343891402714932,0.23208592371154144,50636.072172472355,1.3940311960808145
221,0.4117647058823529,0.16252435499010975,35241.25192789094,1.2663362342541398
221,0.3665158371040724,0.029620779140342352,7376.689236783543,1.0512226388461563
221,0.40271493212669685,0.14534592428860085,29857.308078843336,1.218323246883639
221,0.40271493212669685,0.14591895715022712,31531.58531861252,1.2325400057334719
221,0.4434389140271493,0.2636560533031898,57232.66066988784,1.4547490646103174
221,0.3936651583710407,0.11906556003050697,25989.860265231513,1.189162078830548
221,0.40271493212669685,0.14972403371702678,33097.562150888836,1.2475732894614167
221,0.4343891402714932,0.23469690985108765,51639.32614995184,1.4035325381115589
221,0.4298642533936652,0.2316720184698125,49977.66271341211,1.3875262883992883
221,0.43891402714932126,0.25765076960703204,57611.64355624552,1.4577840776393916
221,0.416289592760181,0.1897974769126104,41016.55860920257,1.3099932567202874
221,0.42081447963800905,0.200951603911131,43291.8460401063,1.328599469162185
221,0.36199095022624433,0.016268126562139676,3167.9124240263172,1.0218152869701385
221,0.4479638009049774,0.27685568061244403,56341.853481572274,1.4513605967194527
221,0.416289592760181,0.18954061787470516,40397.532845807495,1.3063038562489262
221,0.39819004524886875,0.12927805774195028,27598.735992273156,1.2019021278126898
221,0.3936651583710407,0.11378360777122361,24822.731239843135,1.1809435823588974
221,0.4253393665158371,0.21853321603945255,48258.482119495064,1.3738252836887836
221,0.38009049773755654,0.07404546518677323,15601.554023784332,1.1108361523832646
221,0.45248868778280543,0.2947235258384604,62322.0758755875,1.5012975769652184
221,0.38461538461538464,0.09022664661062688,19194.43151234273,1.136562638085776
221,0.3936651583710407,0.11004469497513096,23050.04017211722,1.1655809246996849
221,0.3665158371040724,0.03405220365605842,6952.662465766678,1.0486958664228323
221,0.45248868778280543,0.28254115325700724,60830.0294746094,1.4851024706921454
221,0.3891402714932127,0.1020525435963881,22336.746795930994,1.161891748143704
221,0.3936651583710407,0.11863294464093893,27282.915852632825,1.1992242333921812
221,0.4343891402714932,0.23303288812241008,49761.91528650126,1.387035482428705
221,0.40271493212669685,0.13848706701537716,30351.276982715244,1.2235409979027412
221,0.39819004524886875,0.13424928903239428,29170.77047311693,1.2135106661072934
221,0.3665158371040724,0.022213550530506367,5638.107693058022,1.0392033249312254
221,0.416289592760181,0.19113139394200765,41194.55508172774,1.3131858037924056
221,0.3574660633484163,0.015650981309807955,3034.652799967502,1.0208835393553795
221,0.4117647058823529,0.17336399234181793,37081.80216616611,1.2767957621762491
221,0.3936651583710407,0.12461092994284122,25435.661709246964,1.1865116963342026
221,0.416289592760181,0.18658598644147728,40082.659173244465,1.3023541375700352
221,0.35294117647058826,-0.004633010280242701,556.3120642850458,1.0038004014295305
221,0.45248868778280543,0.2945645135598281,65622.27708074565,1.533051071313939
221,0.416289592760181,0.17952996467278248,39604.59934524054,1.2993514315960066
221,0.45248868778280543,0.29460478447484323,62733.48558893809,1.502463205359819
221,0.416289592760181,0.18665590085617512,41286.22476505179,1.3155906132547193
221,0.4253393665158371,0.21250740514828523,45829.70681247008,1.3504075539800244
221,0.4298642533936652,0.22084672789064405,48159.4448700272,1.373562160977555
221,0.4479638009049774,0.2824065280724468,61218.9429811087,1.4896242040261944
221,0.4253393665158371,0.21270368300939604,47019.69036303942,1.3611616752119047
221,0.38461538461538464,0.09207962769515934,20356.358252221282,1.1457738745077308
221,0.4298642533936652,0.21087142006154871,46660.34537699914,1.3610489909328456
221,0.3936651583710407,0.11364664010944053,24468.568964395956,1.1773383623502978
221,0.4298642533936652,0.22771506911231376,49799.425143433604,1.384146565061123
221,0.4434389140271493,0.26463100421634855,58268.79553166278,1.4658612430766935
221,0.42081447963800905,0.20044468807962929,43233.163899503794,1.328643990902747
221,0.4298642533936652,0.21555676619774158,46338.5876512843,1.357475189691435
221,0.4117647058823529,0.17845587708146063,39157.92013140579,1.296462898088779
221,0.4343891402714932,0.22616223654528256,48807.89602869119,1.3802784802353294
221,0.4253393665158371,0.20968777217097065,45886.4274624776,1.3504213181920743
221,0.4343891402714932,0.2400432110954294,52904.14041437144,1.412052955691042
221,0.42081447963800905,0.19144881061146174,40791.368516385075,1.3094321879226989
221,0.38461538461538464,0.09164657034561068,20309.66815905571,1.1452119070527267
221,0.4343891402714932,0.2372237205434422,50276.805666035434,1.3925136552613533
221,0.45248868778280543,0.29772097538475994,64135.39045643316,1.5174600686540487
221,0.4117647058823529,0.1731907043132835,38127.636270427785,1.2853299495013306
221,0.4117647058823529,0.16538108297876314,37087.81119642986,1.2781239636591322
221,0.416289592760181,0.1735794248712041,37303.907982164135,1.2830264564338203
221,0.42081447963800905,0.2006848798934197,45021.65044572498,1.343653451636438
221,0.4253393665158371,0.2180387455654554,47498.583285697336,1.3657292153812712
221,0.35294117647058826,0.0007606623719555925,781.0664117969945,1.0053425315803792
221,0.35294117647058826,-0.010439183940572925,-777.1336171859202,0.9946369160737016
221,0.4298642533936652,0.22027969578386655,47039.77771056626,1.3636368420763174
221,0.4298642533936652,0.22894834481916557,47243.60620777862,1.3624732268380055
221,0.3936651583710407,0.1146424274554318,25179.6757666645,1.1837809000780817
221,0.4434389140271493,0.2656167488381293,59105.82995863856,1.4722620882967505
221,0.4298642533936652,0.18743537802251914,40140.95495457812,1.309453716210693
221,0.43891402714932126,0.246292984961561,55085.13675715053,1.4324353533266563
221,0.38009049773755654,0.08158203664186489,17509.234240900943,1.1247245621359492
221,0.4117647058823529,0.17412715350572047,38437.43336635997,1.2882285687146675
221,0.4298642533936652,0.2268348153486906,48204.49109608769,1.3705780622203954
221,0.416289592760181,0.1804722758350686,37282.5788586809,1.280767728738461
221,0.35294117647058826,-0.003969401670976822,-1834.1151479014898,0.9875461077593235
221,0.3936651583710407,0.11926334917228584,26583.571902077216,1.1932994437683497
221,0.3574660633484163,0.013197139172819665,3515.9830619873783,1.024296522699502
221,0.3936651583710407,0.11582556947868566,26233.34949152917,1.1919366836363379
221,0.43891402714932126,0.24458129282285274,52962.406605086406,1.4158057457450681
221,0.3891402714932127,0.10316202136244405,22501.96193211445,1.1627109427478433
221,0.4298642533936652,0.22524909465467896,50332.878030597,1.3894253675353523
221,0.38461538461538464,0.06945635260721307,15884.785591170403,1.1139507927645962
221,0.4298642533936652,0.22290084908261285,48083.57495499487,1.372008567691336
221,0.4434389140271493,0.2716451443181961,57483.97179231442,1.45517880856496
221,0.43891402714932126,0.24632808347059965,53366.01811453616,1.4175380778249318
221,0.42081447963800905,0.19847982405885786,40841.316990956395,1.3074465745908004
221,0.42081447963800905,0.20291414270610425,44024.004117755496,1.3368451845015668
221,0.4117647058823529,0.1648969184311594,36263.551119569776,1.2722057752259834
221,0.36199095022624433,0.027794048765814337,5295.538709544939,1.0365329723254464
221,0.4479638009049774,0.2815678043124999,60953.989767420404,1.485721056278961
221,0.37104072398190047,0.05144219655252331,12984.516390703637,1.0911960266398382
221,0.45701357466063347,0.2979254896407181,64052.768559334705,1.5159904193368674
221,0.4434389140271493,0.26346752287539943,57284.57199465299,1.4560261703475483
221,0.4117647058823529,0.16816131429249256,35079.40175411881,1.2613733989976452
221,0.38461538461538464,0.09262347408306361,20772.027004553427,1.1486284487923268
221,0.4479638009049774,0.2795914952968957,60653.27688562911,1.481592702167603
221,0.4072398190045249,0.15708471097006485,33946.892959523786,1.2533338530849174
221,0.416289592760181,0.18142663892854524,40048.40420934579,1.302500249623095
221,0.3891402714932127,0.1087421834041633,22591.587879358467,1.1631452644279063
221,0.42081447963800905,0.19717506385629646,43413.105740933854,1.330978749813552
221,0.4072398190045249,0.1536376848110897,32250.858421549918,1.2382664059830475
221,0.4298642533936652,0.22112446452043044,44866.36713419088,1.3455268557536204
221,0.40271493212669685,0.14630409231359173,32213.760696435875,1.2379323712557058
221,0.4253393665158371,0.21463138832399964,44921.85467411511,1.3430171194668743
221,0.43891402714932126,0.25653953082035535,54147.47791245041,1.4259418280245801
221,0.4072398190045249,0.163470759511426,36234.20439527278,1.2710925402408568
221,0.4434389140271493,0.2667785409386613,57685.52225522604,1.4561405128175757
221,0.39819004524886875,0.12114495940596293,26769.63266229906,1.1960045793926724
221,0.38461538461538464,0.08806923741550754,19612.04705085016,1.1411203972461366
221,0.42081447963800905,0.197513239629729,43040.095821718394,1.3268676635818617
221,0.39819004524886875,0.12724255920946134,25738.63339372268,1.1874155551341383
221,0.4434389140271493,0.27945977065215183,60711.618873313535,1.4907395026639214
221,0.4072398190045249,0.15937188915612283,34742.02249044647,1.257115147303514
221,0.3755656108597285,0.056903723065858273,12099.541382701318,1.0852194467573335
221,0.39819004524886875,0.13203057547226663,29004.92268795672,1.212754579949667
221,0.3936651583710407,0.11151227873840794,24497.631721028338,1.1768633486651359
221,0.39819004524886875,0.128812680333937,28383.21101518609,1.208209059385089
221,0.3438914027149321,-0.028268144311164943,-5916.777553782975,0.9602001144936958
221,0.43891402714932126,0.2430042985209277,52824.33125774129,1.42240548026746
221,0.3936651583710407,0.11899689789597516,25775.507683694686,1.1867837879801593
221,0.4434389140271493,0.27104618227582145,61498.087363424354,1.493890818641707
221,0.35294117647058826,-0.0007253410933834689,-66.09574924199569,0.9995494094542801
221,0.4751131221719457,0.36255239847112847,78517.79716699754,1.6602665137292072
221,0.40271493212669685,0.14382880456319394,31217.972919335793,1.2320760044218315
221,0.47058823529411764,0.35090770265223975,75797.30344920166,1.6304173092723562
221,0.4117647058823529,0.16794898690412183,37360.76908234326,1.2797020916273891
221,0.45248868778280543,0.2914507644346692,62388.38648182828,1.5015867479731704
221,0.4117647058823529,0.1673511975451186,37365.44578327528,1.2807115978861534
221,0.4253393665158371,0.21825109118324706,46736.06717177435,1.3600704950830191
221,0.4072398190045249,0.16509027097820306,34513.10618991994,1.258987976426841
221,0.3438914027149321,-0.0303450973531821,-5615.6864839445825,0.9623071490013118
221,0.4117647058823529,0.17576166397072382,38546.28528082879,1.2895266533945353
221,0.42081447963800905,0.20118646841357316,45083.715341544135,1.344785022170429
221,0.38009049773755654,0.07692728849882147,17710.717550162135,1.1256644147057187
221,0.4253393665158371,0.21608702479896658,47016.51054309107,1.3607278945248016
221,0.4117647058823529,0.18141031650090605,39088.663771773994,1.2953478877006857
221,0.416289592760181,0.18573878379726097,39051.42754875629,1.2925995052898298
221,0.3574660633484163,0.01074228986443679,2616.132094468814,1.017963324248383
221,0.4117647058823529,0.17215298691244055,37779.84733881999,1.2842942318340294
221,0.37104072398190047,0.06034789676763806,13278.17173947698,1.0942446841850895
221,0.45248868778280543,0.29474869250883445,63301.01971059638,1.507643448843391
221,0.3891402714932127,0.08902676302877344,17761.43079603294,1.1278791424466614
221,0.3936651583710407,0.11882481029388371,25705.927540978875,1.1873702690169896
221,0.4117647058823529,0.16484041714444972,35027.02148899832,1.2623737657906557
221,0.45701357466063347,0.3092983947256441,67724.95519826416,1.5611581927972769
221,0.43891402714932126,0.25047319756584596,54313.30428751146,1.42620284949498
221,0.4343891402714932,0.23603206024534762,51901.14647176128,1.4063738976548836
221,0.42081447963800905,0.19951184977178762,42426.14675157959,1.323383620954106
221,0.36199095022624433,0.023823560246328746,6298.499528462917,1.0437462543225169
221,0.4298642533936652,0.22559490355561548,49053.35418058674,1.3808688863493932
221,0.37104072398190047,0.04505412970551272,9816.345364267032,1.0687012570349592
221,0.40271493212669685,0.1417260239522637,31552.048206936284,1.235763861032463
221,0.45701357466063347,0.31014035762630227,67410.10347049506,1.5479472562103027
221,0.3755656108597285,0.0691530610229626,17018.474884970034,1.1215063043727806
221,0.46153846153846156,0.31786770933053343,69297.20213391559,1.5718157469196117
221,0.38461538461538464,0.0888575805455601,18649.40537566373,1.134287264116715
221,0.38461538461538464,0.0949937475941415,20742.289680907954,1.149364320998407
221,0.4117647058823529,0.1773913221015086,37974.829220700216,1.2863170565278075
221,0.3755656108597285,0.06437317974720405,13862.89647179107,1.097314370649974
221,0.4479638009049774,0.27220596144404774,59203.11511541298,1.4716421181500685
221,0.45248868778280543,0.28308038920900813,60427.08104399929,1.487809099930672
221,0.38461538461538464,0.0898391046823494,20281.772869302316,1.1459435497916954
221,0.42081447963800905,0.19154050034565967,41209.174945113395,1.3122574148844623
221,0.43891402714932126,0.25287354308597676,55431.9931059587,1.4382566320016916
221,0.40271493212669685,0.14538698586552024,32367.868118006165,1.239389120610256
221,0.4343891402714932,0.23161670450938338,50216.22703865678,1.3947670558069618
221,0.42081447963800905,0.1994357721100044,42851.18313801751,1.3255994532470108
221,0.40271493212669685,0.14639991738967884,30589.853925918822,1.224641752767853
221,0.4072398190045249,0.15884804945643488,32782.41226357637,1.242475103008661
221,0.40271493212669685,0.14591157294142224,31928.698250213187,1.235838919535177
221,0.38461538461538464,0.09171163455518898,20270.9753151739,1.1448518633669682
221,0.3936651583710407,0.11437635645577822,26038.788273836282,1.1902486152648526
221,0.38009049773755654,0.07661664535413129,16265.109652966115,1.1149985425940043
221,0.3936651583710407,0.11747449850457893,27257.439233646866,1.1993701467484494
221,0.4072398190045249,0.16123414995632457,35250.85220001292,1.2621615651569522
221,0.43891402714932126,0.24823274497207626,53395.19646250912,1.4175486336360197
221,0.3755656108597285,0.06507577363674703,15578.434351917247,1.1099092371293848
221,0.33031674208144796,-0.06602899068397558,-14184.310221315362,0.9059009176500914
221,0.4117647058823529,0.17071749892575142,38116.60802946331,1.2862909889517629
221,0.4072398190045249,0.15939475647429183,33795.07106440801,1.2512243920449488
221,0.416289592760181,0.18712584581609804,40873.60117478284,1.3116164842523088
221,0.416289592760181,0.18808715697642164,39151.39195729821,1.2937242479290145
221,0.40271493212669685,0.1451523018008642,30718.75744937053,1.225702112046002
221,0.4253393665158371,0.2143942606306972,46556.68838026926,1.3573567314975854
221,0.334841628959276,-0.055491851122543505,-10469.547029196885,0.9302388582717658
221,0.40271493212669685,0.14068515496937234,30427.906800688288,1.2253802433719299
221,0.4434389140271493,0.2673524209214473,57431.377175426634,1.454040940509737
221,0.4298642533936652,0.22410444563023985,49463.084634945495,1.3875045232312733
221,0.36199095022624433,0.008613896653259196,2894.417893744381,1.0200501667024486
221,0.3574660633484163,0.007910545659193222,2051.582566577592,1.0141816745163479
221,0.416289592760181,0.1674491383109242,37397.43621314816,1.2827970464452803
221,0.37104072398190047,0.05347928886894649,11039.83791222954,1.0774452968470236
221,0.4117647058823529,0.17732316536309997,37953.38863057968,1.2848731771251538
221,0.4434389140271493,0.2625701936201205,56004.8279688279,1.4419704313905641
221,0.42081447963800905,0.20440028335915406,41957.05253647999,1.3199309616245871
221,0.4117647058823529,0.17063685794340488,37135.59001963839,1.2802041207747954
221,0.38009049773755654,0.08185201854276794,18271.21198899796,1.131236266735835
221,0.4298642533936652,0.228055921513744,48436.52601443498,1.3748702574789795
221,0.45248868778280543,0.2984635990178732,63522.65754947422,1.511493203830847
221,0.37104072398190047,0.05196960720112351,12627.606959566345,1.088452260940937
221,0.4072398190045249,0.1582778949301604,34780.538896937374,1.2587021083260324
221,0.3936651583710407,0.11391039796344189,26117.90249676009,1.192081858960142
221,0.37104072398190047,0.05053934810346053,11008.915085014807,1.0769910207118731
221,0.3755656108597285,0.06738329188689494,14243.741688541308,1.1007431720799266
221,0.4343891402714932,0.24197366390871777,51000.075899877,1.395378469526705
221,0.4298642533936652,0.2309827266414714,49515.363212206845,1.384344988187958
221,0.416289592760181,0.186647713752793,40712.309211096726,1.3069698906030824
221,0.416289592760181,0.1789140623916193,37964.304467250346,1.285599339600168
221,0.42081447963800905,0.19307879531278913,39960.22995904646,1.3026450656910633
221,0.3891402714932127,0.11007795857307515,24283.64599771059,1.176048618099842
221,0.4117647058823529,0.17492153970225996,36085.65828296133,1.2698068035001349
221,0.3665158371040724,0.03340604278479518,6894.604405184185,1.0480460863251841
221,0.38461538461538464,0.09748480472276676,22331.65185125916,1.161331960799944
221,0.4298642533936652,0.22574874962403954,46582.58930947068,1.3578319355293587
221,0.4434389140271493,0.2657597648440841,58371.303268220494,1.4649785742898473
221,0.416289592760181,0.19573938888260223,41848.185771025965,1.3188426290188366
221,0.40271493212669685,0.14765226782514845,32249.19321414784,1.2389741773959748
221,0.4298642533936652,0.2227370978303921,47161.583368082924,1.3630177170134157
221,0.36199095022624433,0.02049404954368442,4107.598087334967,1.0284617769186446
221,0.38009049773755654,0.08217820334360307,18343.353653519785,1.1311581223827125
221,0.40271493212669685,0.14645757694666256,34350.618154474316,1.2560500830075605
221,0.416289592760181,0.19388307562999643,41550.42893202456,1.3161268713876382
221,0.4479638009049774,0.27938946622378835,60735.686038874315,1.4838055436690636
221,0.4298642533936652,0.2278558326747384,49257.678370691094,1.3802746395466055
221,0.47058823529411764,0.3419964736414895,74476.77362087744,1.6182332943714721
221,0.35294117647058826,-0.0011238236013078292,-1144.6848143430536,0.9922470587694426
221,0.43891402714932126,0.25113290369223346,55024.38492363034,1.4329593855069604
221,0.416289592760181,0.18613475079494904,40551.93868920127,1.3057362297831832
221,0.39819004524886875,0.12838843689442148,26963.258634724254,1.1980959372328464
221,0.4479638009049774,0.2824494956028462,61018.610265274205,1.4882421375937913
221,0.46153846153846156,0.31992709307053974,68350.27752615642,1.5586988602245726
221,0.3891402714932127,0.10767057297563515,22754.67999205231,1.1645207292909538
221,0.45248868778280543,0.2835626323436708,60599.12972956785,1.486239769321983
221,0.3574660633484163,0.010244452469697468,1446.1713013454555,1.0099153008410624
221,0.38009049773755654,0.07257596482427768,17580.967487933747,1.1262053605886317
221,0.4343891402714932,0.2405087727645928,52231.44176554693,1.4051958028648817
221,0.40271493212669685,0.15094510112760484,32470.696872590277,1.24056974035796
221,0.45248868778280543,0.29983047564778165,65040.23797552279,1.5275710878619713
221,0.4298642533936652,0.2266571510807251,48066.52304819998,1.370431676078264
221,0.3936651583710407,0.11904563690656556,27002.065869447386,1.197601953323675
221,0.4479638009049774,0.27693338733115863,61015.26856395972,1.4909318267469176
221,0.4343891402714932,0.24115973697181894,52842.33712768434,1.4127932034123671
221,0.43891402714932126,0.24824131519332548,53657.64535330418,1.4202589324072254
221,0.4072398190045249,0.15731494615801606,34495.87997056235,1.257372998260177
221,0.35294117647058826,-0.007862162883328236,-1770.1471779660824,0.9879203790989418
221,0.45248868778280543,0.29222426501026505,62775.5534386085,1.5082987954769325
221,0.4343891402714932,0.23977062692809256,53479.057671039045,1.417385259299541
221,0.37104072398190047,0.045380688874670796,10470.87074701551,1.0734490197430397
221,0.3936651583710407,0.10805050740921456,23720.672051246256,1.1718727802242381
221,0.416289592760181,0.18585697234037482,41180.859575880044,1.311523608016015
221,0.42081447963800905,0.19562687108528073,43246.936839834016,1.3296164709834029
221,0.4479638009049774,0.27477587741005177,60765.59030150977,1.4859017751902048
221,0.4253393665158371,0.2141613354228738,43951.99194210695,1.3337328670497053
221,0.40271493212669685,0.15361840522143402,34208.64761617669,1.2547846228055086
221,0.4841628959276018,0.39137355926554723,80580.57191092658,1.6859712966657225
221,0.4072398190045249,0.15676849145941402,34843.623616731085,1.2632157556670416
221,0.42081447963800905,0.19928710137392716,42455.516932525534,1.32224583919225
221,0.4072398190045249,0.15322763228622188,34083.73134842037,1.2536712889917296
221,0.38461538461538464,0.09456352270948358,21666.720549200843,1.1563011605020235
221,0.43891402714932126,0.2524843951108719,54796.644856231556,1.4354133010104393
221,0.4434389140271493,0.2608472900747327,55163.53894461595,1.4348003408993795
221,0.3755656108597285,0.058421972635929416,13546.509472868482,1.0959491040296612
221,0.4072398190045249,0.15478656337911223,35276.402239468196,1.2622544447526558
221,0.4298642533936652,0.21934218735454736,48826.73291818256,1.3789041071399417
221,0.33031674208144796,-0.0733857505962671,-15337.535069960857,0.8988066316013965
221,0.3755656108597285,0.06370808813201778,13294.817560527441,1.0933152849578678
221,0.4751131221719457,0.3510163486541137,76344.70720922877,1.6425317815201013
221,0.4434389140271493,0.2733762343945586,60626.111097274916,1.4889430398660113
221,0.38009049773755654,0.07907827196352525,16686.00822735438,1.1181225220852453
221,0.4117647058823529,0.1599854793572532,33675.260427542846,1.2507335343274413
221,0.3665158371040724,0.047236822822847295,11209.510465456955,1.0790119699611844
221,0.3574660633484163,0.009630124690922188,1462.681106380278,1.0100154622664248
221,0.3891402714932127,0.10282659744610952,22983.445463160177,1.1664084819382452
221,0.37104072398190047,0.055564425106349354,12890.083630200344,1.090915808514934
221,0.3891402714932127,0.10848751477559222,24282.550420333442,1.1759135513126264
221,0.4751131221719457,0.3546147529457454,76183.22379818227,1.6375323142642777
221,0.40271493212669685,0.14581852116358784,31158.499993812602,1.2288274504809482
221,0.416289592760181,0.18727804527526973,40759.625496646615,1.307366798781495
221,0.4434389140271493,0.2638679167546827,56092.444774870084,1.4450115838704891
221,0.416289592760181,0.18699416530883237,40394.89013279966,1.3068794958110475
221,0.40271493212669685,0.14337851412815333,30789.192695810874,1.2284891674910536
221,0.416289592760181,0.1789867182729532,37701.4051280063,1.2839406361958396
221,0.4479638009049774,0.28091484712721126,59553.19839397032,1.472334935533902
221,0.4117647058823529,0.16335195301258884,34461.496584260625,1.2567011132109083
221,0.43891402714932126,0.24932038260936018,55773.10050038704,1.4411885193294458
221,0.3936651583710407,0.12005832897459662,25440.42121150842,1.184101459340936
221,0.4253393665158371,0.19895387665391143,40999.87447920773,1.3136072951787134
221,0.45701357466063347,0.2931140568268074,63229.618475128125,1.513764024314843
221,0.4343891402714932,0.23479640272089797,51103.011130612016,1.3988418342966487
221,0.37104072398190047,0.046575375914547364,11313.897625858634,1.0796684173699653
221,0.43891402714932126,0.25451920754875357,56364.78537967732,1.443173498567828
221,0.38461538461538464,0.08536663081862152,17611.054620277777,1.1249631485739497
221,0.4434389140271493,0.26734803453979944,58759.64616532638,1.4673862752116913
221,0.4434389140271493,0.26079222950321146,56887.976965621165,1.4513723085076262
221,0.416289592760181,0.18043443707569004,39959.798262245415,1.3011061523403453
221,0.40271493212669685,0.137682174485419,30711.436650936263,1.2280226227915678
221,0.416289592760181,0.18440642721618036,38773.900938071005,1.2921717407389153
221,0.4298642533936652,0.22845150164382177,49507.375138502866,1.3827933849129004
221,0.43891402714932126,0.2571171939390834,55928.652014255276,1.4411405509816815
221,0.3891402714932127,0.1129717123544575,24878.931468503375,1.1819489497592748
221,0.416289592760181,0.1795548340724852,37224.5407873417,1.280649228936837
221,0.40271493212669685,0.14765255834753704,32110.607268902724,1.2374794498098591
221,0.3755656108597285,0.06837707578307085,13835.669448690167,1.0978852323578836
221,0.3936651583710407,0.1184174501206546,25097.715619108814,1.18366269549303
221,0.4343891402714932,0.23772301448831706,50583.45643250727,1.3941401950917636
221,0.4298642533936652,0.21901052501886192,47168.65717551057,1.363856930088951
221,0.40271493212669685,0.14469316474701896,31401.864916620892,1.2313591785976563
221,0.38461538461538464,0.0913629388954541,19829.716129714878,1.1421188180775617
221,0.42081447963800905,0.19794215510079294,43360.56505885982,1.3309110569329636
221,0.4751131221719457,0.3617873990569616,79299.09288644134,1.6671663789511888
221,0.43891402714932126,0.25847852350754524,56911.87655591664,1.4518544824506774
221,0.3891402714932127,0.09536726886592266,21459.733365548294,1.1547002554252483
221,0.43891402714932126,0.25398487286075605,53778.25737409661,1.4206561875234425
221,0.3936651583710407,0.1259835215376437,27678.595485755002,1.2033361830945697
221,0.36199095022624433,0.01698337845719192,4446.385742791335,1.0307378783789323
221,0.416289592760181,0.17794360280499913,39550.50863606663,1.2992107432908653
221,0.43891402714932126,0.2527090251841371,55007.10275146256,1.430628641899269
221,0.4434389140271493,0.2683232153015341,59024.08015549082,1.4699383592808029
221,0.416289592760181,0.18066894593265898,39892.50356193249,1.2997396219390989
221,0.4434389140271493,0.2670825582424382,58231.29536590382,1.4617740637083168
221,0.416289592760181,0.18851752126155644,39332.23764723866,1.2962015621475598
221,0.3936651583710407,0.11123482158681515,23919.483693207178,1.1749935689875
221,0.4253393665158371,0.2179897201390555,47667.161234696614,1.3682099664949683
221,0.38009049773755654,0.08198861422088491,17962.461413977406,1.1283046599558142
221,0.4343891402714932,0.2366071332948576,52393.75808894896,1.408931734930976
221,0.42081447963800905,0.18754838175839694,40926.890938462195,1.3119957198004797
221,0.3665158371040724,0.02955338780464783,5664.125239561326,1.0391816616652585
221,0.416289592760181,0.1849688490713929,39695.43023994655,1.301954668671825
221,0.3665158371040724,0.03786127590260544,6472.646455502012,1.044778754323043
221,0.36199095022624433,0.028238845015508468,6936.960900880149,1.048092911198221
221,0.416289592760181,0.18589610040494906,41309.47449800699,1.3149191242583496
221,0.42081447963800905,0.20220738102363403,42902.8115260207,1.3262082089801839
221,0.3755656108597285,0.05759201840049001,11975.802855119626,1.0840780248301911
221,0.43891402714932126,0.25426003604404696,56213.86929542895,1.4438748919181315
221,0.4298642533936652,0.22491139732877297,47935.91096326223,1.3672266562260476
221,0.4253393665158371,0.2062654908836894,42628.24677120192,1.3264972196698337
221,0.46153846153846156,0.3205544670711242,68229.5947857373,1.5570734871823522
221,0.4298642533936652,0.2190820015756703,48252.73427866041,1.3754827532471081
221,0.4434389140271493,0.26798233695507984,58180.19628182275,1.458686646056215
221,0.416289592760181,0.18861630747706595,40573.49830859385,1.3068686382618506
221,0.45701357466063347,0.30020982822614517,65053.00477249421,1.5268244441088283
221,0.40271493212669685,0.14162474345804163,31300.650804801902,1.2307577620509234
221,0.4434389140271493,0.2659716953347415,58235.58799849026,1.4581265239528391
221,0.45248868778280543,0.3007954639739708,64126.013252067016,1.519986859351853
221,0.43891402714932126,0.24922497602349916,52962.0366898052,1.415269749203329
221,0.3755656108597285,0.05983057011567806,12691.799406198203,1.0893906230102146
221,0.3665158371040724,0.03687570314677215,7675.472478138297,1.05317632657714
221,0.4072398190045249,0.16148033511030868,34599.6925752116,1.257471685961022
221,0.4479638009049774,0.279982256276635,62845.270811978735,1.5026274977020222
221,0.4253393665158371,0.19373629475095308,42030.72723815663,1.3216320816455829
221,0.3936651583710407,0.12064653490215607,25960.200475764515,1.1895307068660979
221,0.3665158371040724,0.030302774020891817,7013.875519229973,1.0486848773576698
221,0.36199095022624433,0.02383116492377825,7374.3561511860025,1.0513364086759875
221,0.4117647058823529,0.17421553573975304,37026.55410878558,1.2776075545283125
221,0.3891402714932127,0.10518369524158279,23777.22571775072,1.1723306996224185
221,0.4253393665158371,0.21204155108667896,46296.59215182267,1.355220821675415
221,0.36199095022624433,0.02869262904218236,5832.643152328108,1.0404035332954082
221,0.4751131221719457,0.36192907619130155,78614.83474365438,1.6582014605170512
221,0.43891402714932126,0.25172015048541757,54459.19722207649,1.4289799717074319
221,0.3755656108597285,0.06512818508290762,15356.427872679484,1.1086340658299851
221,0.38009049773755654,0.07736955275999365,16452.013753363964,1.1163635890466233
221,0.4434389140271493,0.2475943774177172,52702.075446174385,1.4156892878605258
221,0.42081447963800905,0.19479217192416098,42327.46665205691,1.3214636195995484
221,0.4117647058823529,0.15952774921142668,34313.41403488769,1.257124398773938
221,0.37104072398190047,0.06480433866094958,12600.605337476944,1.089665335797677
221,0.4298642533936652,0.2375421544314947,50607.39547936394,1.396121665538948
221,0.43891402714932126,0.22930899582801292,48582.120402897825,1.378678314585851
221,0.4434389140271493,0.2625118976889763,56457.858825567266,1.446258650403187
221,0.39819004524886875,0.1312234400747976,28910.304260424466,1.2117500584096375
221,0.43891402714932126,0.2547738202552532,54186.919052799,1.426087451313065
221,0.40271493212669685,0.14637045367965568,31949.44739734828,1.2354837925929403
221,0.4072398190045249,0.15681800143067967,32417.236429515877,1.239645327142332
221,0.40271493212669685,0.14109440247725866,28933.25167710801,1.2136342942159593
221,0.416289592760181,0.17877936474580627,37405.713062293544,1.281227477663624
221,0.40271493212669685,0.13857823607290096,30056.8209562551,1.222997608481954
221,0.4343891402714932,0.23833247541695593,51639.54977155788,1.4044619375176193
221,0.416289592760181,0.18874470606772503,42007.0305866452,1.3175625832305435
221,0.35294117647058826,0.0022302210266891167,707.2617618060576,1.0048551991674282
221,0.38009049773755654,0.07188693027203974,15888.558894679398,1.1128835158445523
221,0.416289592760181,0.19008578909011944,41309.64092699187,1.3128009643507534
221,0.42081447963800905,0.19888535918304653,43191.273465404636,1.3273798693243437
221,0.4072398190045249,0.1520338543040964,33268.23006992365,1.2466735730262388
221,0.43891402714932126,0.25599284428281976,54617.46010563646,1.4299488157987428
221,0.4072398190045249,0.15807185420454054,33508.182553014645,1.2512614379369282
221,0.38009049773755654,0.06925832160434203,13508.005170350712,1.0954369627589027
221,0.4253393665158371,0.20200945446765142,44612.26543775409,1.3428978279873525
221,0.38009049773755654,0.06882096500768632,15012.953437857836,1.106688818076073
221,0.39819004524886875,0.13616093152767594,30160.56337406713,1.2229559008220572
221,0.4298642533936652,0.21836551606628066,46842.69572338615,1.3603104593380508
221,0.3936651583710407,0.1210478588110991,26016.813153413037,1.1899052762288305
221,0.49321266968325794,0.4093565135171904,88148.10221933082,1.7668747246437604
221,0.3936651583710407,0.12284001256196984,27790.76253874703,1.2034908160419957
221,0.4343891402714932,0.24030357056048504,51732.33924393075,1.402347714661382
221,0.3891402714932127,0.10942341172329534,23143.21911637728,1.1671764867884675
221,0.4253393665158371,0.21566148086947504,45648.75931530369,1.3495210415867616
221,0.4117647058823529,0.16483853959020578,36987.582197690055,1.2782520468014655
221,0.3665158371040724,0.03648663749633319,7403.076115681299,1.0511153963689663
221,0.4434389140271493,0.2658257092495955,58093.170910493485,1.4619216954043288
221,0.4117647058823529,0.1721347629776894,36726.80058100804,1.2736675472745715
221,0.40271493212669685,0.14600148817158096,30415.059518917602,1.223683037089331
221,0.3891402714932127,0.0928456539585843,20358.47684657779,1.1467387015094173
221,0.4343891402714932,0.24351167992262232,51116.74540923228,1.3991440409452076
221,0.40271493212669685,0.14495722656038007,34069.68633896521,1.2520951021137199
221,0.3574660633484163,-0.0047465629536872795,-266.44503871842426,0.9981819395350905
221,0.35294117647058826,-0.003704866342301079,241.48871427309132,1.0016430947141495
221,0.45701357466063347,0.30818926911015937,66274.72705173577,1.5385062043043727
221,0.40271493212669685,0.14832978174806408,32813.80400694126,1.2426721191761407
221,0.4298642533936652,0.23396008562703546,50232.058418168934,1.391218476365947
221,0.39819004524886875,0.13240149790534794,29211.833979347877,1.2144252680062044
221,0.40271493212669685,0.14079894117589348,31822.16053749449,1.2347151349453256
221,0.39819004524886875,0.12993623834191914,28646.114760799595,1.210312963517447
221,0.4072398190045249,0.14983093842298917,31237.784703353915,1.231394808290396
221,0.3891402714932127,0.10401776192918809,22973.51105908749,1.1654067415215235
221,0.4072398190045249,0.1630118431249749,37058.7472003492,1.279434572027287
221,0.3755656108597285,0.05918853989719359,13645.60248701771,1.0963594223897402
221,0.4343891402714932,0.23973780846706655,52146.820381256926,1.4055265004120738
221,0.4117647058823529,0.1683946047423154,35990.21958310725,1.269272298246207
221,0.42081447963800905,0.19877403708438293,42148.81855171925,1.3185625863901338
221,0.4298642533936652,0.2187440519194355,49482.13933278179,1.384727758016492
221,0.3212669683257919,-0.09485355383280575,-19634.302344616408,0.8720159699782742
221,0.3574660633484163,-0.012649865964511925,-1380.3521182233562,0.9905415418051541
221,0.37104072398190047,0.04377232321709762,9647.284730837735,1.0675877436256664
221,0.45248868778280543,0.29517464809364014,63149.087152006134,1.5060307050599964
221,0.47058823529411764,0.34188006791584175,72764.5509906472,1.6008039249351924
221,0.416289592760181,0.18576687956502042,40469.812155206615,1.305351336882765
221,0.4434389140271493,0.2672726934551359,58535.832647855415,1.462581312345039
221,0.4298642533936652,0.2337563096451799,51914.44297874682,1.4072377354994028
221,0.42081447963800905,0.20190319909672133,43493.049182235525,1.3304595245727384
221,0.3936651583710407,0.1221603740743118,26292.071890713298,1.1915031153607214
221,0.40271493212669685,0.1462418390659394,31685.23640867744,1.2335113430352678
221,0.45701357466063347,0.30725329323107575,67798.14105671435,1.5525643126268065
221,0.36199095022624433,0.021952756943136437,4674.521388174535,1.0323599609884122
221,0.40271493212669685,0.13925543403229437,30179.35355554905,1.2226051536366551
221,0.38461538461538464,0.09203235624466241,19951.39950356413,1.1425407304893536
221,0.3936651583710407,0.12358081504848184,27419.009491568868,1.2012783097029245
221,0.4072398190045249,0.15072768976917725,32103.523164955368,1.2379806164046598
221,0.45248868778280543,0.29425253039925814,61349.81841025794,1.491859027454676
221,0.42081447963800905,0.19952606021570915,43427.55728160565,1.3296783283089004
221,0.3936651583710407,0.11217600046871694,24275.623429371175,1.1757605394021489
221,0.42081447963800905,0.20276600584551624,44434.82217923518,1.3389728816679496
221,0.4072398190045249,0.16292242837866983,35712.81281572304,1.267818276053599
221,0.4479638009049774,0.287648668431522,64084.16969565273,1.5196839616825368
221,0.416289592760181,0.1898908943609862,42014.40393631492,1.3198193857722875
221,0.40271493212669685,0.1455511522578165,32222.229663596845,1.2385203400334022
221,0.43891402714932126,0.25607853954372006,55444.85958096666,1.434480328010492
221,0.4253393665158371,0.2143934779106353,47213.750641646315,1.3644466648971383
221,0.39819004524886875,0.12987952404515338,28229.609683718754,1.2073382507992465
221,0.4343891402714932,0.23590906547106008,50376.92562560581,1.3929468172173938
221,0.4117647058823529,0.17248188508396442,37332.133367985836,1.280135055973338
221,0.42081447963800905,0.19930830223288573,42870.333719047296,1.3255748461922596
221,0.38009049773755654,0.06458707908911729,12533.323718885105,1.088510577990271
221,0.3665158371040724,0.038979089324183674,11011.941687867597,1.0772804320716711
221,0.40271493212669685,0.15034774521083344,33465.780038595774,1.2480318344418804
221,0.40271493212669685,0.14916284088225387,31871.890922467814,1.235247303718477
221,0.4298642533936652,0.21997565127061508,47765.35288102423,1.369838917790563
221,0.4253393665158371,0.21345949748837031,47754.09994985061,1.3661922608382433
221,0.4253393665158371,0.21222489221902716,44277.37595447742,1.3373317551572943
221,0.4434389140271493,0.2671602142213163,58662.19889707257,1.469967472377745
221,0.4253393665158371,0.21728004084484895,45635.215938453795,1.3506858793566778
221,0.4117647058823529,0.1678522553178642,36142.97780403697,1.2697458459926365
221,0.38461538461538464,0.09137819065322109,18264.200038511954,1.1295675440560433
221,0.34841628959276016,-0.01744374905878161,-2087.9410575694346,0.9858227542326385
221,0.4479638009049774,0.28210138080248576,62242.5639835702,1.49817154659002
221,0.4117647058823529,0.1750265723056986,36225.24356015078,1.2730851907687586
221,0.39819004524886875,0.12229813345241283,27060.28576211103,1.1979723747157527
221,0.3936651583710407,0.11792529559943622,25338.959973765028,1.1846210387898146
221,0.39819004524886875,0.12500036338433584,29426.480884679015,1.2167485572705092
221,0.38461538461538464,0.09135259146757899,20957.299581123443,1.1500867332349116
221,0.40271493212669685,0.1454047216110965,31574.0058640252,1.2358378034475306
221,0.4343891402714932,0.24395666830426402,52690.83711334187,1.4122306196253323
221,0.4253393665158371,0.21377294865377158,48001.355894623965,1.3675892855949843
221,0.42081447963800905,0.19970127139522872,44283.46853771627,1.335418148335554
221,0.3755656108597285,0.06778209645341386,15162.552656984111,1.107708197092069
221,0.3936651583710407,0.12190713865968489,25834.881639655592,1.1884038205642948
221,0.4253393665158371,0.20494133516157478,44831.65825667629,1.3437072029431107
221,0.4253393665158371,0.20694274531178855,46085.48820511612,1.3541315378709537
221,0.4117647058823529,0.16947664540315416,36549.41376472656,1.2760109212884791
221,0.334841628959276,-0.06343041467717123,-11751.80304892259,0.9215817077173017
221,0.47058823529411764,0.3483235312761447,73944.84936303558,1.615471810067013
221,0.33031674208144796,-0.07146652552109557,-14563.983589864223,0.9042514892148857
221,0.38009049773755654,0.0800691670555992,18152.54421286318,1.1296641213684153
221,0.4434389140271493,0.26652617490126895,56983.17941426644,1.4481171808436752
221,0.39819004524886875,0.1348721308723995,29030.559976941164,1.213941920995237
221,0.4343891402714932,0.22608444173155115,47480.58896696176,1.3668678498599527
221,0.4434389140271493,0.26754981081240586,56148.73135744592,1.4437105311977607
221,0.3755656108597285,0.06336755983863164,14511.73480878893,1.1022390564823157
221,0.3755656108597285,0.048864286895379874,11829.918875011046,1.083363979522989
221,0.39819004524886875,0.12241280010050522,25991.22427825292,1.1894686611441454
221,0.3665158371040724,0.04270285642945378,9519.249321057674,1.0665920269196316
221,0.3936651583710407,0.11887368783527097,26174.839882538123,1.1903245259724227
221,0.4343891402714932,0.24018455879637388,51581.68949075158,1.399580156156518
221,0.4660633484162896,0.324546590686389,68620.57207517515,1.565444717067814
221,0.4298642533936652,0.21352860643993582,46465.13587482851,1.357781027504386
221,0.45701357466063347,0.30918239621998594,68399.49235358274,1.5575920331811246
221,0.4298642533936652,0.2256516448926844,49234.65048369112,1.3829204332155667
221,0.45701357466063347,0.3085421178420331,67185.33764001884,1.5439112599673552
221,0.45701357466063347,0.2897044054776693,61273.90835697714,1.4930051683990155
221,0.38461538461538464,0.09794451121476119,21670.67892469248,1.1570358111758874
221,0.4479638009049774,0.2838844410952001,62334.96886239186,1.5026100040406243
221,0.4253393665158371,0.20816690161833484,46400.211731415504,1.3581294938776411
221,0.42081447963800905,0.2003712305456149,43946.00485201817,1.3384821711840293
221,0.416289592760181,0.18437056682598726,38758.24707942363,1.2938576304866718
221,0.4253393665158371,0.22262200596634357,49486.751832030175,1.3862580838412544
221,0.3393665158371041,-0.04560076779477099,-11042.966983489798,0.9266569867148117
221,0.39819004524886875,0.10520580754807776,22667.648052577522,1.165483001527421
221,0.37104072398190047,0.043600600374005316,10725.162753368331,1.0752417148008013
221,0.47058823529411764,0.3430993590738045,75056.94715281467,1.6254276719658105
221,0.42081447963800905,0.19638198456011546,42642.815855937995,1.3244118529349653
221,0.47058823529411764,0.3379613016924829,71706.68483071924,1.5955531163917762
221,0.4072398190045249,0.15377900847709355,31156.6516690369,1.2310148051955134
221,0.416289592760181,0.18701609822853532,41522.908494775635,1.3130257985305969
221,0.4660633484162896,0.3281602645167712,69096.42092966911,1.569975821317368
221,0.4796380090497738,0.37354609389412424,80684.63575696194,1.6882838889086056
221,0.4298642533936652,0.22783509812322275,48262.11870136071,1.374630755005087
221,0.3891402714932127,0.10549512916039663,23271.52773170766,1.1690215503495323
221,0.4343891402714932,0.24159453812463963,54562.51205807137,1.4301403240795731
221,0.3574660633484163,0.01906204014949697,4775.112843201776,1.033097537921531
221,0.47058823529411764,0.34435601427033724,75042.92091469467,1.6293833564939861
221,0.39819004524886875,0.12536866665843927,28164.605635017855,1.206184044057942
221,0.4117647058823529,0.1729717051151392,36252.38368618878,1.270965687171761
221,0.4253393665158371,0.21342124970021314,46837.838392322315,1.3584136757756526
221,0.42081447963800905,0.20300747817607862,46165.30638664205,1.3569679859397288
221,0.4298642533936652,0.22078305821262834,49481.854394921414,1.3863039968274762
221,0.38009049773755654,0.0768391399292041,16591.272512712396,1.1175569295963155
221,0.4479638009049774,0.28079061203947137,60446.30480820726,1.4863242459991917
221,0.4479638009049774,0.28189746534930243,60891.28683905939,1.4823237814946666
221,0.3755656108597285,0.06375907168949338,14969.587888538606,1.1056093225345538
221,0.4253393665158371,0.21450281040245597,45623.11200143972,1.3490678845954547
221,0.43891402714932126,0.2668905595286576,56671.06581338002,1.4532070205835308
221,0.39819004524886875,0.13442061566309402,28700.16353341544,1.2103160077246036
221,0.4072398190045249,0.15988439868506063,33756.94891924195,1.2501894035037537
221,0.48868778280542985,0.4022498077501383,88931.20946343924,1.773046876713023
221,0.42081447963800905,0.19900379615905228,42529.0613748836,1.322406638263643
221,0.416289592760181,0.1822182481634684,39034.08416094977,1.2935217705818853
221,0.4298642533936652,0.22720439727482933,48653.03779962458,1.3747531613316024
221,0.39819004524886875,0.1347072853119047,29163.576571822647,1.2145831619148466
221,0.4298642533936652,0.23001512885791592,49289.26781407711,1.3833094352261772
221,0.5067873303167421,0.45768377800678045,98529.12976283403,1.874179107293536
221,0.3891402714932127,0.10558987782284053,23265.10863591663,1.1675233386091752
221,0.416289592760181,0.19034955179368263,42430.043199548185,1.3221138894582871
221,0.4343891402714932,0.23859044365923215,52496.55824443443,1.4082305247095048
221,0.4479638009049774,0.2815167118556722,60714.28392005247,1.4840790145223823
221,0.36199095022624433,0.014451655528777493,2648.450292937169,1.0182504190001898
221,0.4072398190045249,0.15705916274420267,34864.093656083576,1.2595806093917112
221,0.42081447963800905,0.20038373022034695,43101.92051771519,1.3262833403736836
221,0.4479638009049774,0.2664188264714881,57024.01540891663,1.453474502612934
221,0.4434389140271493,0.2706183289399595,57931.7738136104,1.4593189039755572
221,0.4253393665158371,0.21196704603086416,44650.125548694676,1.3450620397278308
221,0.3936651583710407,0.11855760505125192,24630.474026343774,1.1788667123027057
221,0.38009049773755654,0.07495244774561653,16427.389732330157,1.1166248921394497
221,0.3665158371040724,0.032516499193610486,6330.768052534486,1.0438661875779893
221,0.45248868778280543,0.29453592074469115,66049.30203267201,1.5350055831097114
221,0.3936651583710407,0.11755805276265333,25390.70860513107,1.1841110820563536
221,0.4298642533936652,0.22698871319967523,48934.74330432448,1.3769815413309723
221,0.37104072398190047,0.04477793163059825,10809.393242542668,1.075719464770994
221,0.45701357466063347,0.3139241522075358,67035.33238194723,1.5453484747536996
221,0.3574660633484163,0.00907820096021049,374.726692444372,1.0025433915450852
221,0.3936651583710407,0.11881251467129328,25359.519997631312,1.1842551661994896
221,0.4253393665158371,0.21327767981639337,45527.31995272533,1.3474735629440162
221,0.3891402714932127,0.10873746895258629,26168.48131085934,1.1910437812093637
221,0.4072398190045249,0.1583801699380351,35302.15285309109,1.262904846148321
221,0.46153846153846156,0.3202506781626023,69622.60381865728,1.5702434449652685
221,0.42081447963800905,0.19865650894034706,44595.141746664565,1.339877167290714
221,0.4343891402714932,0.24076983378192413,51944.80745486029,1.4040583380980733
221,0.40271493212669685,0.15095442964681907,31946.33709644669,1.2360090823148144
221,0.39819004524886875,0.12194474553582564,27472.77612007926,1.2036393120320148
221,0.3936651583710407,0.109199099780513,23702.21730284099,1.1722177231233923
221,0.4298642533936652,0.23057387878728303,49848.13214588432,1.387568838025632
221,0.46153846153846156,0.32546579620309274,70893.85793783466,1.5829855408126199
221,0.4253393665158371,0.21088705141697003,45934.572723197765,1.3541269275987424
221,0.39819004524886875,0.12783662845422913,28750.623758731796,1.2103618731711276
221,0.4479638009049774,0.27312698707432337,56600.381506774196,1.4468245623554261
221,0.38461538461538464,0.093090342356877,20301.301720894335,1.1456088613399014
221,0.40271493212669685,0.14627758842880675,31846.45752296887,1.235430761192227
221,0.45701357466063347,0.3084167305971362,67265.51633666185,1.542658750972629
221,0.38009049773755654,0.07259642809479343,14860.955253268066,1.1055700441230818
221,0.39819004524886875,0.13109521513260006,28112.076099739363,1.2047683802143103
221,0.416289592760181,0.1821446814979314,39656.63162859159,1.302012596759623
221,0.4072398190045249,0.15791876960277187,34564.25812904879,1.2557616643562661
221,0.4298642533936652,0.22526822864764398,50455.51155512706,1.3917486029309114
221,0.42081447963800905,0.19243426130097593,40639.70518770432,1.3082840878154787
221,0.3755656108597285,0.07266534057514656,15479.870861411526,1.11011307746523
221,0.4434389140271493,0.26931732647772477,56837.12449599315,1.452518519699217
221,0.45248868778280543,0.27890534852961807,59957.09741865956,1.482882679634959
221,0.3438914027149321,-0.034591698940257556,-6230.000928372205,0.9575108235770388
221,0.4434389140271493,0.2723559729534378,58966.85281639266,1.4701226637631304
221,0.3891402714932127,0.10230829618127617,21919.25591095534,1.1596008851881046
221,0.42081447963800905,0.19366479000288533,42267.678902215426,1.3220952037121736
221,0.43891402714932126,0.25450373836548484,55617.495719015984,1.4402592619242873
221,0.4072398190045249,0.15211255688793432,34183.03825703688,1.2546078619843462
221,0.4298642533936652,0.2263432762209639,47950.18944762081,1.3696000064674474
221,0.38009049773755654,0.07739728659081661,17419.605800282738,1.1231531912827712
221,0.3257918552036199,-0.08330484133275587,-18750.948128752618,0.8779208871042536
221,0.334841628959276,-0.05400464920608239,-9648.289353007181,0.9356308515350726
221,0.4117647058823529,0.17302761308573505,37691.37300119287,1.2820907504220789
221,0.3936651583710407,0.10391381954772969,22663.617294192343,1.1654451153407288
221,0.39819004524886875,0.12332269425928123,27671.095247928777,1.2028053959850487
221,0.3891402714932127,0.09443086108663876,20258.27871168794,1.1465421401513964
221,0.416289592760181,0.1865006959582769,37473.326300637054,1.2812784110438864
221,0.3891402714932127,0.11748364786574776,25928.017692867754,1.1913693594451078
221,0.38009049773755654,0.07853079515672294,16955.85881372164,1.1209181370411545
221,0.4343891402714932,0.23958077806607808,51198.448262279366,1.4025405486422025
221,0.4434389140271493,0.25987325921677257,56860.86269640817,1.4503399417897893
221,0.43891402714932126,0.255505084668987,55787.98936614053,1.4387735305234857
221,0.47058823529411764,0.3498668394934804,75925.7541435729,1.6316894365184467
221,0.36199095022624433,0.02918033362438174,5673.499608497637,1.0393642499103932
221,0.416289592760181,0.18242426484759067,40537.023762955985,1.3085644948433846
221,0.502262443438914,0.4416709636048567,93887.82848191925,1.8286619344498263
221,0.40271493212669685,0.14570456935259737,31461.038054076962,1.2328314149431467
221,0.4253393665158371,0.19741680841226525,43285.32714279609,1.3308007347791346
221,0.42081447963800905,0.21099980623477194,47162.25346580632,1.3659507651798106
221,0.42081447963800905,0.2041796678140661,44696.959633312756,1.3417486970826145
221,0.43891402714932126,0.24913811625622856,54012.399810991206,1.4272649801642807
221,0.45248868778280543,0.29524654850222143,65001.42836197141,1.5254141624840665
221,0.38461538461538464,0.09062186603584248,20179.920156355212,1.1440545596514053
221,0.416289592760181,0.19006504875447652,41038.18082855232,1.3106775545344516
221,0.4434389140271493,0.2675184029763755,58999.313841946336,1.4691076686296087
221,0.40271493212669685,0.14519922752314007,31935.204752941336,1.235831231242053
221,0.3755656108597285,0.06707614206430389,14440.121560140988,1.1021055705310547
221,0.4253393665158371,0.20547241430401675,46445.90175663162,1.3561453492089974
221,0.42081447963800905,0.20055133726923763,43944.8093587712,1.3345924279848143
221,0.4343891402714932,0.23462998060701712,49753.12317969097,1.3882067291387514
221,0.3755656108597285,0.056213956635270075,11963.81241653078,1.0841629953126262
221,0.45701357466063347,0.2972169534990026,63423.26651504446,1.512633572110011
221,0.3891402714932127,0.10793364313802009,23250.951959159444,1.1683646040803932
221,0.40271493212669685,0.14512754503658168,31379.613015459232,1.2309042172836842
221,0.49321266968325794,0.414668776277463,88912.98511509247,1.7730364688340337
221,0.39819004524886875,0.1198924828274146,24129.88055301361,1.1758978055790905
221,0.3574660633484163,0.013538211060930578,1640.850872879826,1.0112574420879166
221,0.4117647058823529,0.17709572111451896,37300.098204519556,1.2807078943695345
221,0.4298642533936652,0.21897419849112468,45820.98333725805,1.3528016442782913
221,0.3665158371040724,0.03405820053764132,7671.239679573391,1.0534621799408301
221,0.4253393665158371,0.21032899121860604,45052.00420399067,1.3455428696987817
221,0.3755656108597285,0.06509869989815979,14986.956739228655,1.105564138817758
221,0.40271493212669685,0.14637012711226186,31493.32347659362,1.232307709133371
221,0.36199095022624433,0.022963603517394533,4956.15898983725,1.0341503676074986
221,0.42081447963800905,0.19946712671872288,43506.40024281337,1.3308017718843297
221,0.4253393665158371,0.21285926930187798,45346.04422511878,1.347200454286747
221,0.3257918552036199,-0.07499964947282087,-15734.253025487853,0.8958378471797267
221,0.38461538461538464,0.08946960563313418,18682.044884750976,1.133418265634215
221,0.45248868778280543,0.2875185171142562,62319.47334410076,1.5023636287865254
221,0.4253393665158371,0.2134075334283179,46219.59687078596,1.3541745605848245
221,0.45701357466063347,0.3015203752607002,66048.9901272577,1.5360060894559906
221,0.4796380090497738,0.37756333474962994,81761.38265775825,1.696936674183566
221,0.4434389140271493,0.26171252487037117,57374.15516687522,1.4568858238398918
221,0.4072398190045249,0.15455469956315596,33975.35823309044,1.2533486892038463
221,0.4298642533936652,0.22668065144511398,47068.56983710279,1.3607370181824503
221,0.4751131221719457,0.36843891025026765,79680.16969925555,1.6745874223354855
221,0.4072398190045249,0.1586567904226485,34887.00031251623,1.257993054567259
221,0.4117647058823529,0.17858522068727817,38271.397379686976,1.2882731270085563
221,0.46153846153846156,0.31837029092083,68981.92199212124,1.5712911180886382
221,0.3665158371040724,0.031059160982765753,7295.386266361617,1.0506203695059422
221,0.37104072398190047,0.05314691520945927,12578.405173026877,1.0888573500178955
221,0.37104072398190047,0.049397596296259075,11129.15419970792,1.0774834576096128
221,0.4298642533936652,0.22810992920964282,48592.66427881559,1.375996244951703
221,0.3755656108597285,0.06137352286923583,12063.625759586312,1.0854969039922042
221,0.40271493212669685,0.13353666009298013,28838.067693775352,1.2138494908673592
221,0.3755656108597285,0.06139439026231987,14401.168364133806,1.1016884420422466
221,0.42081447963800905,0.19982349764608412,41940.5897373082,1.317678850127243
221,0.45248868778280543,0.2956230107240425,64108.71799636968,1.5184255848697468
221,0.42081447963800905,0.20336429475188916,44452.9457586543,1.3408339000429308
221,0.37104072398190047,0.05505661720496729,11422.165779165543,1.080058604636025
221,0.3755656108597285,0.05546630801527884,13721.170309351948,1.0970087207281132
221,0.40271493212669685,0.13375699558233886,29660.605731865857,1.2195682109414878
221,0.4479638009049774,0.27701219785688597,58859.87786760196,1.468509223955739
221,0.38009049773755654,0.06440341789550719,13010.15939535114,1.0924326608038344
221,0.35294117647058826,-0.027825169415536467,-6653.5397392541045,0.9548247800367634
221,0.4117647058823529,0.17432042263033912,38033.26579638189,1.2847787671179165
221,0.4072398190045249,0.15816578792209282,34889.05342747351,1.2614142501198697
221,0.37104072398190047,0.047001370826430605,9750.881500488693,1.0689122581026909
221,0.4117647058823529,0.166431301134472,38088.60750849405,1.287696750348586
221,0.38009049773755654,0.07549807243502032,16569.68347498779,1.117730822931782
221,0.40271493212669685,0.1405708737161077,30201.75383077608,1.2225817587268089
221,0.3574660633484163,0.003800336938681683,2503.2170021652873,1.017219625446038
221,0.4343891402714932,0.2406256057301804,51784.95075820483,1.4021014581563793
221,0.4117647058823529,0.17747771692264563,39601.71029265991,1.2985565208221364
221,0.3891402714932127,0.10783228359901263,22327.810275974167,1.1608605229721147
221,0.3665158371040724,0.03785379306876397,7372.67411942752,1.0510736409876207
221,0.45701357466063347,0.310583943213562,66242.17978820376,1.5428337065695699
221,0.4117647058823529,0.17303025396134936,36456.83971258051,1.2717889578367962
221,0.4298642533936652,0.21112517454417945,46904.59490587909,1.363906108824153
221,0.38009049773755654,0.08124018677290343,18579.944205578366,1.1334613265996552
221,0.3891402714932127,0.09989173079691366,21899.453565816795,1.1581957052414278
221,0.42081447963800905,0.19031097793732463,40715.07779292515,1.308341717542361
221,0.38009049773755654,0.07785642804235084,17563.810801624135,1.1243661924791186
221,0.46153846153846156,0.31913520352852476,69227.94210977806,1.565674496015929
221,0.43891402714932126,0.2515128727683577,54705.5120575891,1.432782592200911
221,0.3755656108597285,0.06731606586979669,14004.95564765605,1.0990682210031497
221,0.45701357466063347,0.3080351778782439,67342.46323937223,1.5463464751038702
221,0.4434389140271493,0.2640515465071385,58207.32311892076,1.4639082210930627
221,0.4072398190045249,0.16451266509255766,35851.84820335616,1.2693972236817197
221,0.38009049773755654,0.07716502298385297,15550.108524410434,1.1099855942579167
221,0.416289592760181,0.1866376604523733,40040.71583657019,1.3007020370143716
221,0.47058823529411764,0.34988075476662717,75247.93347718324,1.6274041773679513
221,0.4117647058823529,0.17354620396742626,38099.27559832417,1.2852484177724648
221,0.4660633484162896,0.32014526963231715,69246.2559792453,1.5722361630608652
221,0.33031674208144796,-0.0727718472546483,-15524.157021187639,0.8983731010651536
221,0.36199095022624433,0.01542226054768162,3442.368716223402,1.024056620912723
221,0.35294117647058826,-0.006692789364101132,-471.99655881642684,0.9967758352349284
221,0.4253393665158371,0.2147218815733171,45937.28887755028,1.3539457300527842
221,0.4072398190045249,0.16025410656826902,34582.33156616991,1.2590007319784082
221,0.45248868778280543,0.28880305021744107,62733.05942912926,1.5075124593434956
221,0.35294117647058826,-0.0027999233164259524,-601.8376457622599,0.9959206696337719
221,0.4117647058823529,0.16932420429228776,37284.13212769584,1.2793979211754862
221,0.3891402714932127,0.10610014131452282,22460.14963398938,1.162325395569204
221,0.4117647058823529,0.1735588577603525,38064.07553048323,1.2862691220766185
221,0.43891402714932126,0.2653550365239713,57568.56891591352,1.4606523395762125
221,0.42081447963800905,0.20267138411208158,44775.264392352794,1.3429733053879642
221,0.3891402714932127,0.1061701958453555,24144.62969921432,1.1750320859572876
221,0.416289592760181,0.17040694291358782,35411.333125345795,1.2658469178071203
221,0.3665158371040724,0.03986181945568406,8398.601522585348,1.0589048708327309
221,0.49321266968325794,0.4207405637210199,91196.07558890767,1.7992885361577755
221,0.45701357466063347,0.30771801067428645,65987.72980487162,1.533021071638216
221,0.4072398190045249,0.1577422082924055,31707.75762814627,1.2326798710706333
221,0.45701357466063347,0.3130465743206014,67995.19552795234,1.555707352180813
221,0.34841628959276016,-0.017351414423565248,-3704.644214085556,0.9750281792121442
221,0.39819004524886875,0.12833889355560016,29635.380023509366,1.2179720678950612
221,0.34841628959276016,-0.020529178441874706,-3178.487037439324,0.978504952297115
221,0.38461538461538464,0.08993662530261647,19738.016421770822,1.1413063798751457
221,0.4253393665158371,0.2135651966075935,45182.60054955382,1.345406759418667
221,0.43891402714932126,0.2523919482223201,53474.352514318605,1.41973166645408
221,0.3891402714932127,0.10549229606639007,23065.88529523888,1.1663154554465691
221,0.416289592760181,0.17872676680724395,39043.80073334953,1.2953647243142403
221,0.46153846153846156,0.32285093890893113,69125.98541291442,1.5643303600943166
221,0.416289592760181,0.19427983983293104,42946.99364160444,1.3281987732418292
221,0.38009049773755654,0.06906796632023963,15439.517407608004,1.1098616091374283
221,0.3936651583710407,0.11868606571295917,26952.007269822796,1.1951783111372403
221,0.45248868778280543,0.29979260829757043,64223.87381636101,1.5197030395539488
221,0.4343891402714932,0.24502288670764946,52159.49416803585,1.4082144137893848
221,0.38461538461538464,0.08481284991120383,20799.090496142366,1.1502883967317505
221,0.43891402714932126,0.25415110455532325,55183.25096417556,1.433746627393416
221,0.4434389140271493,0.2704890869780916,59096.27770025283,1.4691240276733764
221,0.33031674208144796,-0.08353672443858073,-17790.70799235508,0.8827428258805493
221,0.45248868778280543,0.2873134010469158,61888.42720736677,1.4953987443756012
221,0.40271493212669685,0.1407845857218874,32141.47747313301,1.2381126467603585
221,0.4434389140271493,0.2595817630336934,55185.08395998804,1.436670132349663
221,0.37104072398190047,0.052275068414750034,10600.174211397487,1.0741441114741255
221,0.42081447963800905,0.19463717916685577,40593.665835574444,1.3076700213992047
221,0.4298642533936652,0.2206901763411683,48318.61228611654,1.372706119418175
221,0.34841628959276016,-0.01183049781353957,-2007.3194971443547,0.986405115342027
221,0.4072398190045249,0.15397796151461224,32395.410687173415,1.2383755874724856
221,0.3936651583710407,0.11184490329606252,24254.934761928427,1.1765359223398602
221,0.42081447963800905,0.1928054795646628,43078.65817639667,1.328422073826863
221,0.42081447963800905,0.20090995530319714,43207.604033038355,1.32799658194041
221,0.4479638009049774,0.2896145679105425,60398.22632982489,1.4848346304245952
221,0.42081447963800905,0.1948255233202376,42518.48507733509,1.3223504683408256
221,0.3665158371040724,0.03686778016796055,8218.773350593841,1.0573410124755227
221,0.42081447963800905,0.19993295684287382,43230.793905335435,1.3289417315282306
221,0.40271493212669685,0.13850890894575268,29190.929053911015,1.2146661328657455
221,0.4298642533936652,0.23013652667602333,48231.18361228389,1.3713271408755372
221,0.416289592760181,0.191467743170311,41243.38219712193,1.3133249480141271
221,0.416289592760181,0.17787746184999453,37995.24471486596,1.285766549387539
221,0.47058823529411764,0.34839160920832357,74904.89199135435,1.622980415132355
221,0.39819004524886875,0.13181674470620686,28601.249355315187,1.2096771779868647
221,0.45701357466063347,0.3096382190272855,67401.77970430022,1.546598594136676
221,0.4343891402714932,0.233663128693197,51649.60020790615,1.40487664019387
221,0.42081447963800905,0.20256821409731296,43821.58844405372,1.3353254946331181
221,0.4343891402714932,0.24024655546826454,50434.39814948298,1.3916790883237673
221,0.40271493212669685,0.13786435021387816,28185.544000169022,1.2068080566630468
221,0.3891402714932127,0.1067284900853189,24251.055002583693,1.1750749221634469
221,0.40271493212669685,0.15087974878495752,33954.61009720484,1.2525428048169212
221,0.4072398190045249,0.150452813463987,32846.94769368811,1.2462347411699168
221,0.37104072398190047,0.045173139008402904,10366.652460999263,1.0729117712246294
221,0.38461538461538464,0.08960207072709653,19784.016173230786,1.141301839223992
221,0.4253393665158371,0.20679696951103357,43898.05923090136,1.3375459504655784
221,0.48868778280542985,0.4036582125243007,87017.39854603965,1.7457566720367448
221,0.42081447963800905,0.20075653924672404,43263.370651495214,1.3304600967872295
221,0.4253393665158371,0.20646056650992123,46337.53925756851,1.3556900177331197
221,0.39819004524886875,0.13118411340840894,29656.37011782678,1.2171051522683594
221,0.33031674208144796,-0.08522935071059712,-17131.773757319253,0.8870788977535344
221,0.4253393665158371,0.20979873382323067,47037.595093960386,1.3641401250845684
221,0.4660633484162896,0.3339619937216302,70172.8229267455,1.5766271466803412
221,0.3891402714932127,0.10623713170227038,23859.221321290115,1.1717098731810096
221,0.37104072398190047,0.04755838019738178,11510.32889469216,1.0807485788510995
221,0.4298642533936652,0.22155860553191495,47343.41197121321,1.3640843664208002
221,0.42081447963800905,0.20062134467136444,42647.368152385316,1.323719424524114
221,0.43891402714932126,0.2462915283110956,53043.847918053194,1.4146647975558202
221,0.4072398190045249,0.15900083105259305,34739.633537868925,1.2582525674771627
221,0.3891402714932127,0.10683854801974654,23569.058849662062,1.17015897963366
221,0.37104072398190047,0.05015803893462175,8584.971179367794,1.0598452761606076
221,0.3936651583710407,0.12119339165125617,26233.996494396313,1.1909842831089428
221,0.4253393665158371,0.21255712197027357,47542.1627292644,1.364023921792508
221,0.39819004524886875,0.1331728552991984,29448.445212373368,1.2156880163857586
221,0.4298642533936652,0.21755806828601595,46056.067707321534,1.3568222933452507
221,0.4117647058823529,0.15625287098632082,33795.21182276767,1.2523059446087639
221,0.36199095022624433,0.02159225953590873,3179.3007804319227,1.02180156815531
221,0.3891402714932127,0.09893651973841835,22839.510563347645,1.1648628916196582
221,0.416289592760181,0.18572763008669654,39352.500715384456,1.2951941314093112
221,0.3665158371040724,0.031261034530573155,5990.665152257319,1.041310669027343
221,0.45248868778280543,0.28877423315056044,62446.05011921422,1.5003548844369365
221,0.4117647058823529,0.16696591659914672,35687.582070391734,1.2659984434385272
221,0.40271493212669685,0.14472786733204196,30551.817154056647,1.2241812736959548
221,0.3755656108597285,0.06424862215318969,13310.942995850894,1.0936547148176339
221,0.40271493212669685,0.1391905706535907,29119.66021800641,1.2145180702564762
221,0.42081447963800905,0.20014701999416834,42201.39585350729,1.3207678539664016
221,0.3891402714932127,0.0952834157271175,20019.289009535496,1.1447850958524743
221,0.33031674208144796,-0.07651273693319685,-16648.029335657746,0.8906584062395153
221,0.4253393665158371,0.21342071818466102,46078.5120483342,1.3522482961050557
221,0.4298642533936652,0.22120412050415122,48478.91016011812,1.3739903884502356
221,0.4298642533936652,0.23022794602593016,48497.105450095056,1.3763026509746277
221,0.36199095022624433,0.01834905083321985,3221.365840459526,1.0222460297841955
221,0.38461538461538464,0.09529941192924066,20506.53861174224,1.1472364245357285
221,0.4298642533936652,0.22059510296607737,45850.433421761685,1.352491587737656
221,0.4479638009049774,0.285459995180055,61094.29080737816,1.4889342272873074
221,0.3936651583710407,0.10179751893248955,21239.39828490965,1.153974278256379
221,0.42081447963800905,0.19472767623311532,41650.137704225104,1.3168911216975765
221,0.43891402714932126,0.25923931201979417,56347.00905261568,1.4440094141359356
221,0.40271493212669685,0.14605726736730748,31659.633600173584,1.2340589832174518
221,0.40271493212669685,0.13765521993474614,28150.2903997033,1.2063631916377975
221,0.42081447963800905,0.20395456687658653,43724.28311300062,1.3347571675163485
221,0.39819004524886875,0.12803594796575693,27737.421391151336,1.2024338011368858
221,0.46153846153846156,0.32662447743083606,67439.29498905945,1.5535239299431083
221,0.4072398190045249,0.16156988432968275,35353.606922635096,1.2625799363529404
221,0.46153846153846156,0.32180545416516754,69872.02177505528,1.57039821653072
221,0.416289592760181,0.18679138459191605,41292.282027421905,1.3125990732493096
221,0.416289592760181,0.19074813668316726,41597.919810817344,1.3158188825367205
221,0.45248868778280543,0.29561892201969725,63968.64865991025,1.5131628641202803
221,0.3936651583710407,0.11143667414733464,23201.81481222038,1.1680312721293948
221,0.39819004524886875,0.13649922844224993,28872.436482559606,1.2121567288258406
221,0.4434389140271493,0.25791011464983493,57163.33014906137,1.4546961634932654
221,0.4479638009049774,0.2787894790858385,60050.21356752205,1.479282101517373
221,0.4298642533936652,0.2260838395230095,48062.27871102902,1.3736868763826509
221,0.45701357466063347,0.3121564126445436,68671.58850789207,1.5628662232259076
221,0.4117647058823529,0.16534811990119094,32991.085422387536,1.2439450635039937
221,0.4253393665158371,0.21107769725959502,44957.830382201166,1.3470159252360439
221,0.3891402714932127,0.09981032037254498,20622.84678540191,1.148400104544691
221,0.42081447963800905,0.2002194433203971,42832.15470818681,1.3287682011218325
221,0.34841628959276016,-0.024664827144309807,-3944.9947834869363,0.9732947325636008
221,0.3755656108597285,0.06651838038212375,14342.415648720002,1.1009860124401758
221,0.3891402714932127,0.10381523490381223,22325.79819646809,1.1608406949477212
221,0.4253393665158371,0.2113908533123144,44655.76734531301,1.3412579545225787
221,0.4253393665158371,0.2133596879000214,46564.41864446101,1.3568008176434903
221,0.35294117647058826,-0.02698092779801162,-4072.92928545337,0.9721742803502331
221,0.38461538461538464,0.07810788564778424,16474.814204591243,1.1174875258593289
221,0.43891402714932126,0.25395425603510846,55419.59440249423,1.4357434044603399
221,0.37104072398190047,0.05177641974307402,13534.203508065675,1.0955091413880935
221,0.39819004524886875,0.1356457577380884,30153.99043410667,1.2222076345076363
221,0.42081447963800905,0.1946894636919769,42749.57239805823,1.3255783390873146
221,0.4253393665158371,0.21791116228432883,48134.97245918157,1.3721134511012782
221,0.4434389140271493,0.2530805433169996,54026.33943672045,1.4267074888260916
221,0.42081447963800905,0.1999618865515279,43242.388064760424,1.329805959004674
221,0.43891402714932126,0.255595960392887,55882.890144676596,1.4389823959285353
221,0.4072398190045249,0.15983325556069194,35404.328175040835,1.2634385448104306
221,0.38461538461538464,0.09354030659349269,19811.824857301828,1.142490861231713
221,0.39819004524886875,0.12760293883792403,27987.851347356118,1.204460735235706
221,0.40271493212669685,0.1414546537299351,29277.297001852712,1.2157943237943425
221,0.34841628959276016,-0.014361946027497175,-1063.1112923580386,0.9927620391751405
221,0.3891402714932127,0.1083620644794877,22211.460090621134,1.159611654142031
221,0.3755656108597285,0.06544894082369286,15540.968711584312,1.1100242704454386
221,0.38461538461538464,0.09468311007376903,19810.20412578871,1.142839858606615
221,0.4117647058823529,0.16570778802104144,34708.411141046,1.2590055816660177
221,0.45701357466063347,0.30923671019241916,67419.8434648233,1.5503110102829776
221,0.40271493212669685,0.14583348078071504,32790.13754767499,1.2422469058629726
221,0.4117647058823529,0.17660537131391035,39307.60803676978,1.296188959359729
221,0.39819004524886875,0.1168320086097949,26076.97516847516,1.1904060709023865
221,0.4072398190045249,0.15943699774556558,33206.27395948258,1.246626984049118
221,0.39819004524886875,0.12787827144855132,27983.678825200303,1.204699666427
221,0.47058823529411764,0.34001339616696696,72212.12923565102,1.6022939996373102
221,0.4298642533936652,0.2265274726518924,49308.44306000775,1.3813902399666949
221,0.4253393665158371,0.2144055598264703,47593.248400088676,1.364879131944886
221,0.4343891402714932,0.23882178507969298,51937.31111125723,1.4081903086853076
221,0.35294117647058826,0.001799343329645636,381.6307257798526,1.0026071062123236
221,0.4253393665158371,0.21677928971695828,47868.417565966694,1.3701638279946207
221,0.45248868778280543,0.2728814347581715,58576.988732148726,1.4726602578809345
221,0.4072398190045249,0.15891786892204993,35013.467992569254,1.2598696879461135
221,0.40271493212669685,0.1300788683309276,27045.047419795308,1.1981820985881848
221,0.3936651583710407,0.11773487171514203,26158.63292242762,1.1900324135605653
221,0.4751131221719457,0.35298373672654704,75192.90357427343,1.6290853037791093
221,0.42081447963800905,0.18945555343178452,42358.27841129603,1.3238803418974874
221,0.38461538461538464,0.09751522108938869,23147.496630500733,1.1678540284929497
221,0.38009049773755654,0.07359732144451078,15033.029937310697,1.1063482436211562
221,0.3891402714932127,0.10038882226093242,22276.722944031084,1.161340356671621
221,0.4479638009049774,0.2789953045425211,61750.07424758389,1.4953187925137326
221,0.39819004524886875,0.1252586439354614,29472.90010932155,1.2168585819611708
221,0.45701357466063347,0.3032009591846021,66279.56803884453,1.5373538896082939
221,0.4298642533936652,0.22694393392101725,49439.28598539684,1.3821547742435054
221,0.37104072398190047,0.05202215868891166,11218.882125398146,1.0781616603060455
221,0.416289592760181,0.1801946584423234,37621.14392690767,1.2826937184386094
221,0.4117647058823529,0.16596304560040323,35129.10054894767,1.2626139209867044
221,0.46153846153846156,0.3146941499382722,68085.98145571929,1.5571392605853036
221,0.38461538461538464,0.09281440853861402,17861.74927057884,1.1276576162776466
221,0.4479638009049774,0.2758114822315319,58482.02392750489,1.4647288196351456
221,0.39819004524886875,0.12523195625277433,27766.617688276834,1.2037672236108212
221,0.38009049773755654,0.0700902619462478,14675.758034679064,1.1043321104587929
221,0.45248868778280543,0.2944531211946571,63386.897908209416,1.5099110680408183
221,0.4751131221719457,0.363445535911902,76695.85724480516,1.641435323828073
221,0.4253393665158371,0.21032427377631063,45043.90114748637,1.3463045159120777
221,0.35294117647058826,-0.01310663325683943,-2603.446338526305,0.98226504801319
221,0.40271493212669685,0.14549533260484726,32818.78926336519,1.2425568844258648
221,0.38009049773755654,0.08011867040540475,17374.861258336172,1.1236542688840598
221,0.43891402714932126,0.2539065032355634,55164.461407058334,1.4316580248834172
221,0.36199095022624433,0.024875054407887075,5369.887222324005,1.0372826904910226
221,0.4072398190045249,0.1666814576695182,33112.61258024796,1.2465829714308183
221,0.4298642533936652,0.22701026745964303,49775.71540050465,1.3851370434920411
221,0.4343891402714932,0.24508513143785982,54259.35430707787,1.4274549495805435
221,0.39819004524886875,0.13171714321836073,28566.623840734545,1.2090786494994386
221,0.39819004524886875,0.13334936559330127,29699.775186060746,1.2178287556651572
221,0.416289592760181,0.18809952438683525,41502.09677958581,1.3141680524123422
221,0.4072398190045249,0.15439375622380197,33262.16862139671,1.2480584316702998
221,0.4072398190045249,0.1600780416660618,34418.297691537526,1.2560159146485939
221,0.4298642533936652,0.21868960922027672,49287.92147952822,1.381593811510724
221,0.4434389140271493,0.2739957731372788,59763.22804588206,1.476439616358499
221,0.3574660633484163,0.010282447790633191,3342.3567261826665,1.0229355277495347
221,0.39819004524886875,0.1170699662367434,25375.404119790677,1.185370475767579
221,0.3891402714932127,0.1091004626499238,25558.74090377671,1.1863277975573479
221,0.3755656108597285,0.06836947859700138,15533.350207131303,1.1102328806829769
221,0.3665158371040724,0.03640447161239585,7042.719533311247,1.0487690947653021
221,0.4434389140271493,0.2680655787530067,58618.90493404087,1.4647315645117305
221,0.4479638009049774,0.2801317076754868,59527.35474632439,1.4722532629759193
221,0.4253393665158371,0.199788600686499,43621.93000672221,1.3347311764335028
221,0.4253393665158371,0.20504765191484278,43834.94520855968,1.334541423844307
221,0.4072398190045249,0.15043202932848318,32399.286911919116,1.2401317354868977
221,0.4072398190045249,0.15966080820513978,34066.2411844039,1.2518930643022634
221,0.35294117647058826,-0.00339016691642447,-839.8384331120333,0.9943012256955451
221,0.416289592760181,0.18004618244946224,38332.65915396603,1.2903724168709338
221,0.3936651583710407,0.11500562829471225,25430.709220108747,1.184427911865737
221,0.43891402714932126,0.25607505859980784,55932.889252365225,1.4421698247990338
221,0.4117647058823529,0.16799805582322125,36080.09742618367,1.2697231854910411
221,0.40271493212669685,0.1456264542556206,32186.2523314427,1.2372912817542563
221,0.39819004524886875,0.12448584443789758,27438.1922100938,1.2011764146513766
221,0.40271493212669685,0.1470675441117714,32562.11496287678,1.2407813853694536
221,0.38009049773755654,0.08094177190078128,18901.44394089934,1.1350863662333992
221,0.4072398190045249,0.16229987127726453,33623.910944620104,1.2503897702130025
221,0.45701357466063347,0.3112285486542215,67732.5986146964,1.5531453758406304
221,0.4298642533936652,0.22384219003821784,48630.30381138797,1.3759530925063992
221,0.4298642533936652,0.2273944434542073,49889.07991179662,1.385357419006478
221,0.4072398190045249,0.15117126024076694,31853.178469815462,1.235672624792168
221,0.3257918552036199,-0.08448443517954415,-17876.618840293693,0.8824370938806091
221,0.3755656108597285,0.06159429761699663,13402.433910584663,1.0947642791175072
221,0.4660633484162896,0.339613784869882,71670.2723349224,1.5935292373348091
221,0.42081447963800905,0.20217410941338898,44048.805162321194,1.3365229007782515
221,0.39819004524886875,0.1289312385723039,28189.16305085653,1.207837314951335
221,0.38461538461538464,0.09929140885719773,20472.42278360999,1.1478989619277538
221,0.4343891402714932,0.24437725149550554,52217.60275201674,1.407630662865214
221,0.4479638009049774,0.28161767783282,61075.843319539694,1.4888574742319363
221,0.4479638009049774,0.26693522866240665,57379.30946975138,1.4571237581762109
221,0.4434389140271493,0.26748115541235695,56306.38857754341,1.4437348466397508
221,0.3574660633484163,0.010930166328026455,2975.8281241101804,1.0203956553271363
221,0.37104072398190047,0.05498572807202542,13673.148736068779,1.0966775918132972
221,0.4298642533936652,0.2230960886584829,47453.20131747239,1.3659661549333462
221,0.42081447963800905,0.20020041189041898,42783.50846834363,1.325998521228077
221,0.46153846153846156,0.31909910738015135,69700.88289024835,1.5720772968957306
221,0.416289592760181,0.18116051742798955,37914.495283194,1.2838933597673294
221,0.42081447963800905,0.19944419586234802,43149.01738585155,1.3276022036842756
221,0.4253393665158371,0.2204137655507011,48227.94485989748,1.3750953963432042
221,0.3891402714932127,0.10813959853876645,23521.63833874306,1.1707867677032813
221,0.4253393665158371,0.21807766640370305,47844.18746235621,1.3711236221088345
221,0.4751131221719457,0.359871997719609,78374.20007028265,1.664399108938148
221,0.3891402714932127,0.10447023177031747,21965.479210984824,1.1577937432261194
221,0.3665158371040724,0.038783981370950654,8455.046004113789,1.0588065296228464
221,0.3936651583710407,0.11920957560859996,25329.48978273508,1.1840925672430054
221,0.416289592760181,0.18283030997263042,39638.41138482806,1.3017607454314812
221,0.37104072398190047,0.05435148578215042,11062.508678302624,1.0777117999786763
221,0.3212669683257919,-0.09837380544456706,-21927.685514061264,0.856459630997173
221,0.39819004524886875,0.1172702630091885,25223.59846822892,1.1833381827531155
221,0.4072398190045249,0.15183516536959774,33213.74664960902,1.2480021636901786
221,0.38461538461538464,0.09104782663154062,18193.801754170614,1.129333711719386
221,0.38009049773755654,0.07680187046807802,15986.822800596645,1.1130768548830774
221,0.4072398190045249,0.15693317090133163,34458.27963568965,1.2570525464958082
221,0.3891402714932127,0.10818547466297677,24321.42272528278,1.176678952410401
221,0.3891402714932127,0.10801081197552644,24611.348430637096,1.1790109139559406
221,0.45248868778280543,0.2896929848132111,61959.985919138766,1.4959638132832989
221,0.4298642533936652,0.22716435751130348,49536.34433822973,1.3815467371351093
221,0.4072398190045249,0.16249162716484958,34696.75734688701,1.25773263181481
221,0.4434389140271493,0.27832181968512415,61647.5483450184,1.4966360989969683
221,0.40271493212669685,0.1388447274472268,30124.46610718178,1.2222009958223312
221,0.4298642533936652,0.22946349074812292,48802.65688560014,1.3784349538728853
221,0.35294117647058826,-0.0038525183103261607,52.074150933117835,1.000353595350047
221,0.33031674208144796,-0.07108633384380256,-14759.310015431462,0.9029282400001181
221,0.45701357466063347,0.2913858036184362,62870.349538694914,1.5091776599524516
221,0.4343891402714932,0.23939685965606236,53660.662930263104,1.4210156858013296
221,0.34841628959276016,-0.013690736142280769,-2239.565667087528,0.9848263010970282
221,0.4343891402714932,0.23702612709041904,51097.1387861351,1.3982325495874826
221,0.4343891402714932,0.23928399995515653,49781.697266037656,1.3857679154227667
221,0.43891402714932126,0.2500329104720369,53155.36076502505,1.416692375616024
221,0.4117647058823529,0.173229989052865,38218.5539961006,1.2874694908016815
221,0.4253393665158371,0.2158430010008698,47544.013002535496,1.3657129859532036
221,0.4253393665158371,0.21371640614969784,44953.78639767796,1.3422746965606411
221,0.48868778280542985,0.3969642040619414,85840.23647708159,1.7375144472085693
221,0.40271493212669685,0.15354363526465364,32250.403511281347,1.2403153342919107
221,0.4298642533936652,0.2208947097523473,46910.508568456135,1.362820837709554
221,0.4117647058823529,0.1654237412506769,38004.942562984004,1.2871723670795556
221,0.4660633484162896,0.3350449522538651,72310.70086966349,1.5977463022836567
221,0.42081447963800905,0.1954109013701668,43342.056676966415,1.3296445195698865
221,0.43891402714932126,0.25460133992418127,54313.76728107222,1.4254578512860836
221,0.4072398190045249,0.1543477651769829,32452.559648007365,1.2402411143256198
221,0.3574660633484163,0.013850721616434124,4620.420409019052,1.0319212338145756
221,0.416289592760181,0.19502270666860685,40552.20890246654,1.3083563556221873
221,0.4117647058823529,0.1705050852623761,35780.70963258615,1.2690787385844002
221,0.38461538461538464,0.08915817935340228,19387.081122042116,1.139638929865556
221,0.416289592760181,0.18529756294722408,41398.78823321003,1.3171429142272542
221,0.4343891402714932,0.2353457857513357,51392.76261564276,1.4009149280348863
221,0.45248868778280543,0.2954021355685678,65588.74161862404,1.5316281622452215
221,0.46153846153846156,0.3226895905492486,67022.55457111968,1.545186818879089
221,0.4253393665158371,0.21559720732298007,44714.193247948024,1.3421373790188287
221,0.416289592760181,0.18699526874341713,41225.8020670228,1.3114025338213875
221,0.4479638009049774,0.26919104670627353,58362.18101048741,1.4646878625085034
221,0.43891402714932126,0.25474202501092974,55205.63355232385,1.4352477711900302
221,0.4751131221719457,0.3617156728217662,78296.2090866976,1.6567872458281954
221,0.4253393665158371,0.21593376716502224,46750.35712692254,1.3597239616339185
221,0.40271493212669685,0.14446519795917054,30680.583455565575,1.2257859867094985
221,0.4253393665158371,0.20904551353654938,45669.71337646469,1.3538848013619933
221,0.4253393665158371,0.204833208115689,45026.577755384045,1.3448768713606214
221,0.4479638009049774,0.28635410388928895,61140.84760697237,1.493215514545251
221,0.4253393665158371,0.20684729100868854,44939.031378217755,1.3462604370618891
221,0.4072398190045249,0.15880209983900007,34987.97648544695,1.2601472644099674
221,0.38009049773755654,0.07776760980839818,17993.153905146275,1.1279382208650137
221,0.34841628959276016,-0.014897898811161056,-1771.4454628665974,0.9878954115972968
221,0.4072398190045249,0.16459710175212952,35812.661157175695,1.2678956590107908
221,0.38009049773755654,0.07198570842048,15037.907166292433,1.1064561631145688
221,0.4298642533936652,0.2224286628391849,46853.39824379949,1.360506265009993
221,0.38461538461538464,0.09551124565577555,22101.67819659316,1.1594368650893159
221,0.45248868778280543,0.2969969126285778,65292.27510995569,1.5327127574855166
221,0.4072398190045249,0.15744832292633912,36569.18117010129,1.274457115744558
221,0.4434389140271493,0.26920229141344093,57918.18562599847,1.4606008638423773
221,0.43891402714932126,0.253237732480282,54396.74529659904,1.4253097308900637
221,0.4796380090497738,0.3634346742253538,77025.14264848077,1.649080403083264
221,0.36199095022624433,0.022444189957220678,6598.255219902356,1.0457353077717981
221,0.3665158371040724,0.03707404719075775,6347.516069533909,1.0437817238982205
221,0.4117647058823529,0.16011109995157397,35468.08544958668,1.2656624639862801
221,0.4117647058823529,0.16711605727759088,34264.58161640316,1.2549308963773094
221,0.4343891402714932,0.24160243807413886,53373.20647532667,1.417015761171008
221,0.36199095022624433,0.01457645001542311,3116.432177027543,1.0214010749979372
221,0.4660633484162896,0.33972550326467993,72889.01103816953,1.602362223630957
221,0.4479638009049774,0.28331504946750896,62015.045429782265,1.5006131417747732
221,0.39819004524886875,0.13239947356052653,29233.02428292107,1.213622564832209
221,0.4479638009049774,0.2758404319689976,60360.086793459144,1.4887016924110892
221,0.42081447963800905,0.20003941873894124,42622.945949133835,1.3219743483671924
221,0.40271493212669685,0.13936008537289235,31639.353508078264,1.2344304081309527
221,0.38009049773755654,0.07089312195925522,15863.848556044715,1.1123293320227947
221,0.3936651583710407,0.1182021753342659,24741.81262793157,1.1811818702606212
221,0.4343891402714932,0.2402341685067072,51992.798276023175,1.403224568850648
221,0.43891402714932126,0.2552731280197428,54454.9632118226,1.4263818588565842
221,0.4117647058823529,0.17078267599010444,36550.53961431036,1.2738533728129573
221,0.4298642533936652,0.2283219934543702,49009.580927636256,1.378684662064109
221,0.42081447963800905,0.20015528873208635,45082.80850232302,1.3459507073151458
221,0.42081447963800905,0.19885939762098032,44137.80718044137,1.3364869618390671
221,0.45701357466063347,0.30067760688482015,63802.933601879515,1.5150647072622108
221,0.42081447963800905,0.20738103933889193,46276.32906650179,1.356976256208563
221,0.4343891402714932,0.2318142728582678,50327.47603465229,1.393080713996644
221,0.37104072398190047,0.044219531786157965,10564.384373856159,1.0737069709669145
221,0.38009049773755654,0.07832413181253499,16996.38062430377,1.120345944234003
221,0.37104072398190047,0.03853970554972886,6730.002785826726,1.0466572976406903
221,0.4343891402714932,0.2447478575200236,51916.515226664706,1.4076157370069131
221,0.39819004524886875,0.13141401998708285,29146.23445244316,1.212750401477809
221,0.39819004524886875,0.1320037089469735,28238.62626003545,1.2057990401210452
221,0.3936651583710407,0.119418171762651,24360.281549525524,1.176418237173169
221,0.38009049773755654,0.08271365579035288,20158.521357642072,1.144903401191752
221,0.38461538461538464,0.0917813887553711,20234.09718052957,1.1446937544498184
221,0.4072398190045249,0.15497944045203735,32934.141303377124,1.2467759350531546
221,0.3438914027149321,-0.03673150836356185,-7712.76668321885,0.9482512862385294
221,0.45248868778280543,0.2953070828130041,64691.05920988748,1.5217993112823873
221,0.38009049773755654,0.07861106311141426,17720.88826806798,1.125481685997274
221,0.42081447963800905,0.20184858323676083,43814.01899644151,1.3351481297218224
221,0.3891402714932127,0.10797621283735946,23674.90138037,1.1712044038883507
221,0.3257918552036199,-0.08518372709853173,-19834.85583148493,0.8709293520634794
221,0.4072398190045249,0.1499018047359934,32919.92401314508,1.2458913991447578
221,0.38461538461538464,0.09162411761104983,19831.9268426778,1.1414235931910757
221,0.38461538461538464,0.08777751908729713,17824.24003460978,1.1276608170302906
221,0.3936651583710407,0.11751361263824531,26936.02317684126,1.1957263948045112
221,0.4479638009049774,0.2796474280993165,59707.68091207937,1.472950246301111
221,0.34841628959276016,-0.015718569108868784,-2702.4633237389785,0.9816996682944154
221,0.39819004524886875,0.1320077424362645,27706.101803714566,1.2025810111378132
221,0.43891402714932126,0.2539060911080003,52704.81875891406,1.4111310480373824
221,0.4072398190045249,0.15496507006606802,34871.16726927413,1.2598580689441186
221,0.42081447963800905,0.1993152158559004,44543.89390164327,1.3391868945437886
221,0.38461538461538464,0.07558835079359534,16304.855164828332,1.1163613550883487
221,0.39819004524886875,0.133041483241063,30315.57856076736,1.2230952226890166
221,0.3936651583710407,0.11821288402777913,25417.091776311114,1.1836603897761233
221,0.4479638009049774,0.28192552286219114,57908.8081066256,1.4594096519736157
221,0.4479638009049774,0.2842136371831408,59988.02151580335,1.4780445680396423
221,0.4072398190045249,0.15225686424745222,33616.63727907426,1.2507153703934346
221,0.4072398190045249,0.15919700151249883,34916.17764794161,1.2614732636197374
221,0.4117647058823529,0.17464446570030762,37370.23657336631,1.2813713769526547
221,0.3755656108597285,0.05574681113674754,11690.10824344692,1.0825236316437599
221,0.4298642533936652,0.2282179279011771,49726.225767812255,1.3873739136551488
221,0.4253393665158371,0.2062614198673819,43129.19851620536,1.3305422483247116
221,0.39819004524886875,0.13243965534886679,28099.766747775015,1.2048823159349649
221,0.4117647058823529,0.17258621822237263,38830.10250880248,1.2923460995449385
221,0.42081447963800905,0.1988949988164009,42784.076780735966,1.3262503029767985
221,0.4479638009049774,0.28174340503536016,60490.23710988686,1.4849682088008151
221,0.40271493212669685,0.13819199103624027,29275.580679315462,1.2160961568342605
221,0.4796380090497738,0.37316871487381287,81861.77505608682,1.6994153496505886
221,0.3936651583710407,0.11320321132152815,23839.101624882074,1.1723773238784123
221,0.4072398190045249,0.16098069679175597,34007.63214082416,1.2545940560395923
221,0.39819004524886875,0.12898628605123313,25008.2315128287,1.1814412538101204
221,0.43891402714932126,0.2543236760242916,54656.90716015293,1.4323851549966833
221,0.3755656108597285,0.06353422707735476,13460.08520459257,1.0954493333775912
221,0.4343891402714932,0.24247482195830047,52948.628081820396,1.4139906680409373
221,0.40271493212669685,0.13963980061710576,28889.908736600097,1.2114406586230282
221,0.4434389140271493,0.26863361762188814,59252.9489427665,1.4685247403304804
221,0.40271493212669685,0.14010894406851138,29988.044439521964,1.2208184297909845
221,0.43891402714932126,0.2546292622713703,55769.97734788805,1.4403131549399095
221,0.4660633484162896,0.3342385665004595,71383.80167991857,1.5869312967221043
221,0.36199095022624433,0.015764143301555,3313.3179260468405,1.022811732586343
221,0.38009049773755654,0.0730831210706088,13251.882319576363,1.0935129841962579
221,0.37104072398190047,0.05057061454337055,12314.960048947813,1.0866592955637082
221,0.39819004524886875,0.12753579006388469,27266.68903556332,1.2000702265885266
221,0.39819004524886875,0.12834018187041782,28903.9733490135,1.2129070329528484
221,0.40271493212669685,0.14108585717000044,30217.251224563646,1.225199599453735
221,0.49321266968325794,0.41047541014605315,87890.04731560092,1.7602370706712487
221,0.334841628959276,-0.07193847718384522,-15000.466662980607,0.9011123160413002
221,0.3665158371040724,0.030695879303205137,6387.643546040408,1.0444668977792437
221,0.4343891402714932,0.24476746897744517,52470.43586057893,1.4094506258268273
221,0.4298642533936652,0.23532761749508965,50761.01906356323,1.3967885184580218
221,0.37104072398190047,0.05069807009945759,11162.591187709484,1.078194129160861
221,0.39819004524886875,0.13116516022912902,27622.375193826265,1.2011855931328483
221,0.4298642533936652,0.2235791854655558,48339.882645269536,1.3737891268058526
221,0.49321266968325794,0.416887794791422,89741.84356144971,1.7812223086706909
221,0.4072398190045249,0.1595287066129673,34319.03016516947,1.2543120247298603
221,0.4479638009049774,0.2811563005674694,59282.012440700535,1.4697686922673978
221,0.42081447963800905,0.22381255319920332,49323.11010646053,1.3905378186455626
221,0.45248868778280543,0.2862535627610821,62751.377211195504,1.5057808704323976
221,0.40271493212669685,0.14404021011736726,30464.133048137075,1.2235350412866592
221,0.416289592760181,0.17264845842344273,38266.421940968336,1.2897490696164742
221,0.45248868778280543,0.29459378367365363,66130.35618707996,1.537168191593058
221,0.3665158371040724,0.0363896523793454,8648.787417128107,1.060008855829055
221,0.416289592760181,0.18959032438535167,41128.13349352694,1.311220666726467
221,0.5520361990950227,0.5948455122750173,127868.02504266544,2.2522560425334888
221,0.4343891402714932,0.24768408753246746,52938.98604359235,1.4166350741132037
221,0.4298642533936652,0.21377141829999932,46040.91285103963,1.3565925934459284
221,0.40271493212669685,0.14016403273039635,29213.965293743597,1.214754229324509
221,0.4253393665158371,0.20588539464142136,44296.879647622976,1.3399995728924607
221,0.40271493212669685,0.14528746211653537,33091.443608316156,1.245012019819326
221,0.4796380090497738,0.37198012108616096,81433.08966713276,1.690722095339555
221,0.4072398190045249,0.15892458827366301,34189.99843855231,1.2529140880516354
221,0.3936651583710407,0.12106974746404331,25566.213445321493,1.1851697528631167
221,0.40271493212669685,0.14993838008962465,32128.097862001305,1.2383215539728338
221,0.4479638009049774,0.2809246885825188,59919.004603933856,1.4749524030213965
221,0.4479638009049774,0.27779896526075315,59260.06787625948,1.473160475140867
221,0.45701357466063347,0.3072878167927764,66092.7149998976,1.538667930203107
221,0.4434389140271493,0.2462886189246071,52205.884483454676,1.4096891006923424
221,0.4117647058823529,0.16641077151042505,35736.12917841853,1.2667012630988417
221,0.3891402714932127,0.10535902652968583,24202.08062799595,1.1754975012743922
221,0.35294117647058826,-0.0011219298275299582,-1452.5321686509442,0.9901328975833307
221,0.37104072398190047,0.042568035318641874,9495.667137601522,1.0663105114142917
221,0.46153846153846156,0.3198525218205222,69848.32309618237,1.573842694038727
221,0.3438914027149321,-0.03737326986041124,-6702.955478150545,0.9548583107477798
221,0.46153846153846156,0.32271999361309567,69149.78739676264,1.5664925795900313
221,0.4343891402714932,0.23319035669862334,50250.717479562976,1.390931858868087
221,0.40271493212669685,0.14713148670326376,30496.78503743739,1.2251353651437245
221,0.4796380090497738,0.37648436661300405,80324.37958193649,1.6788890188950658
221,0.40271493212669685,0.1474354431552471,31623.351765505995,1.2358240831734884
221,0.42081447963800905,0.19492979803681473,42007.02165807526,1.3181974705946666
221,0.4253393665158371,0.19966821964844467,43127.037007937775,1.3313906661005523
221,0.40271493212669685,0.13912887114447908,30960.832843850032,1.2279717859924846
221,0.39819004524886875,0.1322518407418233,28877.510326137955,1.2112312322633412
221,0.40271493212669685,0.1447128726458218,31611.603723319735,1.2333711440116584
221,0.3665158371040724,0.029250330545765167,5610.3212116121285,1.0389115242783156
221,0.38009049773755654,0.08225881590669509,18232.889707456296,1.1301471202674498
221,0.43891402714932126,0.24680648477720568,53437.47381013598,1.419878638096024
221,0.502262443438914,0.4448201455846396,92995.28274861224,1.817713345671448
221,0.4479638009049774,0.26524986517683385,57012.09016617005,1.4552287113950406
221,0.38009049773755654,0.08233133861170949,17601.225525691556,1.1261249450047905
221,0.42081447963800905,0.20742483951839225,45179.76468581314,1.348467831309888
221,0.4072398190045249,0.1580247564561323,34630.70470562985,1.2578539115542113
221,0.36199095022624433,0.014710660553021492,2835.21563188224,1.019474673949064
221,0.4479638009049774,0.2802205866535803,60389.91258495675,1.4823049782113873
221,0.40271493212669685,0.13904155816954808,30330.55502105768,1.2244839290096776
221,0.43891402714932126,0.25433805539006504,54341.84543352306,1.42519349259415
221,0.4660633484162896,0.3363198903311333,72581.17103262953,1.6018894304463247
221,0.3393665158371041,-0.05249863398474762,-11566.47514596197,0.923235780067898
221,0.39819004524886875,0.13404103693454758,28925.631596402138,1.2127556226670861
221,0.42081447963800905,0.2004037493058318,44878.46626927372,1.3423100466754738
221,0.40271493212669685,0.1462388937392581,32741.59062045804,1.241872879280765
221,0.3936651583710407,0.11875443658621929,24298.58872133385,1.1750137125798283
221,0.4253393665158371,0.21806504078902525,48154.15475380767,1.3725861997119684
221,0.4434389140271493,0.25868408922901964,55801.600351458634,1.44263804849883
221,0.3891402714932127,0.10520618953167864,23757.57668188767,1.1710924937206708
221,0.4072398190045249,0.16555863378492203,35339.70744687595,1.2644618503501956
221,0.4343891402714932,0.2291272731897948,47250.58341201757,1.365391955446825
221,0.39819004524886875,0.13181443571392432,28567.126227949924,1.209051491184235
221,0.4343891402714932,0.2410621354547735,50845.82290075378,1.39513728037368
221,0.45248868778280543,0.2982178007748721,65430.55449028626,1.5295644857916961
221,0.38461538461538464,0.09029517722814796,18644.96377363704,1.132686005217536
221,0.38461538461538464,0.08367841742235556,17290.444217589153,1.1232046993220604
221,0.3936651583710407,0.11099764519802581,24975.7451969794,1.1829985299529768
221,0.39819004524886875,0.13101586421700714,30122.08534766863,1.221605348928931
221,0.4072398190045249,0.1635214579173397,35329.41853378585,1.2651774962945326
221,0.42081447963800905,0.20031754926139736,42939.33390462725,1.3265781450018317
221,0.39819004524886875,0.13975281950409374,30790.51441847125,1.2272265511656493
221,0.40271493212669685,0.14888000513700939,31338.865790433123,1.230849436409849
221,0.4479638009049774,0.27309542093894856,59469.50445101228,1.4737704661365663
221,0.3891402714932127,0.10843266091118421,24424.697876120368,1.1773656556851997
221,0.45701357466063347,0.30867500827583966,67622.89879537495,1.5510373861083575
221,0.4479638009049774,0.285411248804265,62109.59487029439,1.4992148588208756
221,0.42081447963800905,0.20337762902218143,43765.92982738181,1.3342003110580514
221,0.416289592760181,0.1920791990695971,41012.70290994488,1.311339446351443
221,0.3936651583710407,0.11857411081137491,26059.25483721737,1.1899695972108537
221,0.40271493212669685,0.1380232739816245,29761.702226134956,1.2191804152238201
221,0.47058823529411764,0.34345983074150094,74795.00368639227,1.6279704208522037
221,0.4479638009049774,0.28158228202991037,60363.112317656196,1.4806469048737103
221,0.3574660633484163,0.017768766346618052,4610.265048224004,1.0320511932537808
221,0.37104072398190047,0.048107264591051815,10248.809326554823,1.0719759520283478
221,0.416289592760181,0.18634575144074786,40832.241117447804,1.3072237468814745
221,0.4796380090497738,0.37643129040534357,82242.93969771758,1.6964602784171194
221,0.46153846153846156,0.3171768518520727,67537.23073639607,1.5565150924169684
221,0.3574660633484163,0.009905511115618253,2600.191812439447,1.0178734952951278
221,0.38461538461538464,0.09372445401221155,21719.87087104449,1.1565785448726644
221,0.4117647058823529,0.16710965974974526,34571.97050740282,1.2588323441710825
221,0.45701357466063347,0.2963979193505936,64058.11908619505,1.5192916237960186
221,0.4298642533936652,0.22074749986584907,47150.48300926613,1.3670033256300578
221,0.42081447963800905,0.2042044681792917,42730.21814606797,1.3267825405622702
221,0.416289592760181,0.18626841663253757,38347.9745751507,1.2873208384751296
221,0.37104072398190047,0.04592102177194666,9495.88443021105,1.0663426605018427
221,0.40271493212669685,0.1455578176598552,33236.8922654761,1.245416730553536
221,0.3936651583710407,0.12133838319996813,27082.100128192527,1.1981512512931085
221,0.34841628959276016,-0.02488700662945553,-4743.33191881876,0.9679712390966834
221,0.4479638009049774,0.28099962721893845,60849.091095135525,1.485946246313107
221,0.3574660633484163,0.019685147116205573,5233.618188598448,1.0363304723446114
221,0.3891402714932127,0.10655933328963393,23019.47277883417,1.1660013777212912
221,0.3755656108597285,0.0639181273733107,12398.351377807321,1.0870317744905242
221,0.43891402714932126,0.24147520384367982,52175.03214439999,1.4106753900868199
221,0.40271493212669685,0.15038158709827826,34260.44711301696,1.2559505577943397
221,0.416289592760181,0.18359298096124155,40301.54322778208,1.3064492234704161
221,0.3891402714932127,0.09631994691569348,23034.67824957102,1.1662724151840307
221,0.3891402714932127,0.1010109438674462,20871.293325136307,1.150412715696254
221,0.38009049773755654,0.07149747038135822,16164.5633458523,1.115083721008266
221,0.3891402714932127,0.09823157018058563,19853.746639471392,1.1421580447449082
221,0.4253393665158371,0.20558931422475615,45323.32743473802,1.3476411643859891
221,0.38461538461538464,0.08379610323465203,19309.570801045687,1.1386061587326919
221,0.42081447963800905,0.20233128163405192,45775.774196987055,1.3514065799345387
221,0.45248868778280543,0.2949987316392595,63321.96162329005,1.5084325476410212
221,0.4072398190045249,0.15570520861680567,32516.916579140736,1.2424306674756886
221,0.42081447963800905,0.19837406664225607,42563.15548101251,1.3261427691790946
221,0.42081447963800905,0.19097627353932628,40358.52269039485,1.3067815296993404
221,0.42081447963800905,0.1988740704791396,42584.72596458012,1.323839772218281
221,0.3936651583710407,0.1178825807289766,26223.278643518475,1.1920349145600104
221,0.4117647058823529,0.17525229004579568,37263.33625909531,1.278698204202566
221,0.4072398190045249,0.158208167174709,33867.060322219746,1.253510981057288
221,0.4343891402714932,0.23953745574020474,52058.17545755114,1.4053056359748786
221,0.4751131221719457,0.3547116069381012,76459.6102244918,1.638575231612678
221,0.40271493212669685,0.13763722849497034,30689.93174737713,1.2258232986308906
221,0.4117647058823529,0.16399315058954378,35688.012798803895,1.267514635741354
221,0.38009049773755654,0.05817092935931559,12016.371101856861,1.0851511161639993
221,0.4253393665158371,0.21358981392312654,45168.884639441,1.3460140261810307
221,0.4434389140271493,0.26906781821867837,59751.743650474586,1.474519213239827
221,0.4117647058823529,0.17357182130422408,36754.29292276449,1.2747069767673742
221,0.34841628959276016,-0.015079478579608688,-4364.057291604,0.9706204850252783
221,0.4434389140271493,0.2610284052207189,56844.17237567303,1.4497658585598558
221,0.38461538461538464,0.09595656229743495,19610.127334547018,1.1409446845353635
221,0.416289592760181,0.17975801876793457,40270.7206127387,1.3051841605534298
221,0.334841628959276,-0.05782908643623056,-12579.417565869906,0.9171680934714362
221,0.39819004524886875,0.13410318282487269,30735.015265484573,1.2259048535892643
221,0.4117647058823529,0.1748437995506687,39002.62055739545,1.2949282842850842
221,0.4660633484162896,0.3411685025569086,73569.07310893714,1.614814304940507
221,0.45248868778280543,0.2871964381872563,62854.36026204625,1.5066209925268759
221,0.497737556561086,0.4303368510990237,91195.25496768448,1.7973566944216828
221,0.40271493212669685,0.1418876810368989,30387.455997802233,1.223325636828786
221,0.4479638009049774,0.2847979310995485,61754.269645417866,1.4945040971858872
221,0.42081447963800905,0.20086725671811406,44626.424339615936,1.340005474301541
221,0.38461538461538464,0.08657097530257518,18698.68830721272,1.133765024650709
221,0.3393665158371041,-0.04035549939856743,-7862.588503105255,0.9470371585035897
221,0.35294117647058826,-0.0030425756396965653,1287.1548144023545,1.0087903808614151
221,0.38009049773755654,0.07757146501680569,17349.477376660518,1.123251045999019
221,0.4072398190045249,0.15533873568251852,33842.22513334888,1.2529903569938057
221,0.46153846153846156,0.3264616975782798,69267.74289043606,1.5692404715249733
221,0.38461538461538464,0.09204766759735654,21656.71236281439,1.1551611320106605
221,0.3891402714932127,0.09777355951229422,21127.90559260932,1.1527611367535435
221,0.4298642533936652,0.2188550364712026,44986.07004570386,1.343847468709553
221,0.4253393665158371,0.21406637805164755,48827.86545828597,1.3769631623419918
221,0.40271493212669685,0.14591052789643885,31864.096796500464,1.2339110656251644
221,0.3936651583710407,0.11674560578540188,23962.469389759237,1.1743431730520526
221,0.43891402714932126,0.23967070592371678,51391.59350167907,1.4037706091632896
221,0.416289592760181,0.18701425278304493,38523.47011694847,1.2890436673417172
221,0.47058823529411764,0.351715544795598,75010.50924172834,1.6252259406381468
221,0.4479638009049774,0.28094638743359696,59335.42672885425,1.4710468139556319
221,0.38461538461538464,0.09318218029142039,19711.507699108195,1.1416054801951334
221,0.37104072398190047,0.045554017157676374,8640.957901807997,1.0605063986667205
221,0.4253393665158371,0.2178525308742001,47386.92293332783,1.3667165337005758
221,0.40271493212669685,0.13839130350865406,28537.810963902088,1.2083614191856973
221,0.416289592760181,0.1869317605642297,39636.43367414156,1.2981541825543421
221,0.4117647058823529,0.17290576491399604,38683.57253822573,1.2910138631337893
221,0.47058823529411764,0.3525828990286007,76293.4735319709,1.6458099490708935
221,0.38009049773755654,0.08175194479981544,17960.59722274979,1.1279431124513595
221,0.4117647058823529,0.17769863294965987,39639.93455024705,1.2994834682379703
221,0.4117647058823529,0.15661029747033722,34353.87545493384,1.2574139091695375
221,0.3665158371040724,0.02397046701722406,6235.4749032168875,1.0435740082637777
221,0.40271493212669685,0.14365106987344478,31883.50895467962,1.2354613672584651
221,0.4253393665158371,0.21722119694924488,46619.77542954049,1.35989324434745
221,0.3891402714932127,0.09951977435647966,22431.32753784876,1.1617330314134595
221,0.4072398190045249,0.1550974092321219,32721.940008452773,1.2433735528491636
221,0.4253393665158371,0.21318326155852235,46482.97996865286,1.356668855168338
221,0.38009049773755654,0.07906351067356944,15969.271654475779,1.112806530637644
221,0.4072398190045249,0.1592023059597198,34729.308582770595,1.2580958010613459
221,0.42081447963800905,0.1998002395622685,43569.4594269063,1.3305884363907556
221,0.4298642533936652,0.22676755854697445,48463.36261297314,1.373173745097277
221,0.3936651583710407,0.11780937058215055,25407.435318531723,1.1838469208413889
221,0.45701357466063347,0.30936484844556716,65982.16018197816,1.5332557933295772
221,0.45248868778280543,0.2884190808521025,62221.27441326596,1.5001030083727183
221,0.4117647058823529,0.16953429113425397,37321.05449731668,1.2814632998620699
221,0.46153846153846156,0.32199638341240083,68254.46789506444,1.555658604062549
221,0.38009049773755654,0.07930557906755281,17531.76556277696,1.12450253696646
221,0.4253393665158371,0.21695169933520325,45968.70720674282,1.3530593250649912
221,0.3755656108597285,0.06725103213530306,15789.876186085781,1.1124932389703999
221,0.3393665158371041,-0.04228987362438782,-9093.953027570806,0.9395048947405844
221,0.416289592760181,0.18790416206504104,40793.10366878146,1.3084091389652899
221,0.40271493212669685,0.14681811354209076,31881.858254306484,1.236369886312929
221,0.36199095022624433,0.01762880497915095,3078.7743759252935,1.0210920068805076
221,0.4072398190045249,0.16151045369240422,35982.39269567706,1.2696636629933542
221,0.36199095022624433,0.023362567406263,5116.0939984805755,1.0352438075419972
221,0.4660633484162896,0.32222219818853715,68193.55458970086,1.5599167482919365
221,0.43891402714932126,0.24775869645459137,53840.63376831272,1.4232561607756598
221,0.38461538461538464,0.08835142682508804,17249.407648629487,1.1227130349377812
221,0.416289592760181,0.1859341946873241,41582.99292195059,1.3148788659677582
221,0.43891402714932126,0.2531293166066516,55292.919896789506,1.438811626467005
221,0.3891402714932127,0.1053572251829957,24136.14984855075,1.1740143748165388
221,0.4298642533936652,0.22696043329811358,49593.98927266515,1.3847767861829803
221,0.40271493212669685,0.15091047958739337,33450.939942950135,1.2488516228413842
221,0.39819004524886875,0.12099986285795576,25130.493187716,1.182770871848142
221,0.3438914027149321,-0.0264804184890825,-5541.8008675295805,0.9625186758326817
221,0.38009049773755654,0.07513835786491,17424.654042496237,1.1241254801211444
221,0.3891402714932127,0.10880321613981672,23418.907974035694,1.1693582441444033
221,0.4117647058823529,0.17751490646891963,37841.770119870496,1.2850002191972008
221,0.38009049773755654,0.07398308164460067,15601.857983863662,1.1105554247185982
221,0.3574660633484163,0.010135367657466142,4842.283683065105,1.0335283798332389
221,0.38461538461538464,0.08650403783274885,18917.205765252984,1.1350765673996437
221,0.4479638009049774,0.2730034866316388,59541.32175233726,1.4769113305025663
221,0.3936651583710407,0.1370519964562384,29976.584904274558,1.2248424245844838
221,0.38461538461538464,0.08633266138050665,19955.023268330257,1.1432315345353548
221,0.38009049773755654,0.07318092808167168,15724.622181078006,1.1127250183380142
221,0.4072398190045249,0.15973597805678183,35212.76227646038,1.2617672010176042
221,0.43891402714932126,0.24805319424670846,54936.74461406796,1.4336025068812808
221,0.40271493212669685,0.1385371995019636,30593.120975852173,1.2249270722134886
221,0.45248868778280543,0.292806984860053,62277.584504988656,1.504192607502347
221,0.43891402714932126,0.25646789361066247,56288.758517217866,1.4446083131835525
221,0.3891402714932127,0.10544677447913404,23719.314959682313,1.171651961510222
221,0.42081447963800905,0.19776187760579722,44208.919106942914,1.3399868100059862
221,0.3891402714932127,0.10940923446712986,24821.167327154086,1.180176600154707
221,0.4117647058823529,0.18255940023576672,38233.76853950863,1.289155518382101
221,0.4117647058823529,0.17344004944027333,37497.36969244531,1.28189302813134
221,0.3936651583710407,0.10974805946293166,24277.663230182785,1.1752994071459024
221,0.3438914027149321,-0.02780248933993342,-5141.981831542342,0.9654619102070633
221,0.4072398190045249,0.1528110172657621,33936.750883424815,1.2526790141102868
221,0.4117647058823529,0.17638019524548446,39568.69759860509,1.30124557373803
221,0.39819004524886875,0.13109613235498774,28746.30444367825,1.2105001345724737
221,0.4479638009049774,0.27452335107207415,59964.835562663735,1.4785618764153217
221,0.416289592760181,0.1805975642734001,39505.27742563399,1.2981356171642577
221,0.36199095022624433,0.023626678116789576,6331.433619529496,1.0436954576206687
221,0.3936651583710407,0.11415486146029648,24592.00820736771,1.1785253015184047
221,0.416289592760181,0.18677786141205227,41196.94220805377,1.3120327484669119
221,0.4117647058823529,0.16994390283075822,37383.71643769081,1.2785368730226607
221,0.4434389140271493,0.2678365042323973,57836.32335664827,1.4559399298758058
221,0.4479638009049774,0.2832611503802776,61014.92556211625,1.4872489840620704
221,0.4298642533936652,0.2293192983752161,50628.85294441959,1.3941247540212964
221,0.4660633484162896,0.32471612540439093,69306.13822825675,1.570576941266944
221,0.34841628959276016,-0.02358681690178724,-5588.385425984834,0.962230985644423
221,0.45701357466063347,0.30869049524100567,67314.9416284136,1.5483565698515729
221,0.45248868778280543,0.2912460303155309,61473.3053526057,1.4969038845864915
221,0.3755656108597285,0.05780644444367191,13336.547337127316,1.0940525253198485
221,0.38461538461538464,0.07286681786700035,16134.95362987747,1.1151191469993156
221,0.4479638009049774,0.28362598125934774,60282.7744550488,1.4788865417315393
221,0.3891402714932127,0.10466452379041788,21606.151411061892,1.1548255333753306
221,0.39819004524886875,0.13190639254305203,28375.813236484973,1.2075266295565055
221,0.4117647058823529,0.16223440460007327,35652.84040962991,1.2667539456613004
221,0.3755656108597285,0.06253378602463287,13544.291467610527,1.0961176977777967
221,0.38009049773755654,0.06714876901067086,14180.83555752935,1.100460804506037
221,0.39819004524886875,0.12987702044974314,28179.542204064186,1.2054688145400656
221,0.3755656108597285,0.06390458045089822,13880.039377603967,1.0980203085057605
221,0.4072398190045249,0.15939962505245975,33063.9154010988,1.2448834706234173
221,0.42081447963800905,0.19771422194623006,43285.90463663012,1.328024316541716
221,0.42081447963800905,0.19971486522978257,42717.50411922498,1.3248258584006336
221,0.4253393665158371,0.21064137724161466,44769.10768967903,1.34401860313552
221,0.38009049773755654,0.08044803030420292,17290.637416469417,1.123858169854412
221,0.4117647058823529,0.17485017052139828,38286.82473805336,1.287119176022638
221,0.4117647058823529,0.1775895507316805,38784.25717826697,1.2938580851538057
221,0.416289592760181,0.17910510711451766,38325.1373627044,1.2888184011763248
221,0.38009049773755654,0.07618182399810558,17895.084826003873,1.1285112035202187
221,0.42081447963800905,0.19917467893778998,43175.05273254549,1.3279941932967656
221,0.38009049773755654,0.06116187014736237,14201.551959924649,1.100672114314599
221,0.39819004524886875,0.13334929992831568,29883.189246094404,1.220232916273063
221,0.416289592760181,0.18104974271169216,38774.33368240949,1.2920113499514336
221,0.42081447963800905,0.1848518397373726,41064.63547995754,1.3130009155099596
221,0.42081447963800905,0.19247041474507526,40005.20842147003,1.3047306868258615
221,0.39819004524886875,0.12462709527678353,25597.410046072546,1.1864282524240968
221,0.4660633484162896,0.3352885667360702,71718.91344994184,1.5875706389380622
221,0.4298642533936652,0.22604539585365774,48013.618425359426,1.3752266563115458
221,0.3891402714932127,0.10336076858580473,23949.03812060222,1.1725042136410884
221,0.334841628959276,-0.050353905692334666,-12090.065367839907,0.9195149565019413
221,0.38461538461538464,0.08612317547066392,19548.955068801322,1.1403139824201685
221,0.416289592760181,0.1778586549747926,39349.77430558868,1.2976544409033863
221,0.4117647058823529,0.1685913160033055,37710.61715063977,1.28428053270942
221,0.4117647058823529,0.175160644940175,40137.92005536419,1.3021767260973376
221,0.3665158371040724,0.03683443828011699,8192.695636701417,1.056812016019999
221,0.4343891402714932,0.24907596096821918,53900.81861908114,1.4274623118696113
221,0.40271493212669685,0.1477088782840559,29948.124785227294,1.2205536605290537
221,0.4434389140271493,0.2542840789550975,54615.36119588578,1.4324390072271116
221,0.38461538461538464,0.09076592284535936,18726.4685673227,1.1328643732858723
221,0.3574660633484163,0.010237798136584245,825.7157512131271,1.0056285171741077
221,0.4117647058823529,0.17411737548255182,37216.295754988714,1.2808508525212698
221,0.4298642533936652,0.22720779019980686,48132.99474791088,1.370056803518394
221,0.3755656108597285,0.0669872669518445,14359.720801112853,1.1019170516140449
221,0.4343891402714932,0.24260628233638948,53210.15379117236,1.4162340084401692
221,0.4072398190045249,0.15935844604944663,35050.4110781626,1.259789985507142
221,0.416289592760181,0.18280631644055306,38295.1297165364,1.2885206571342038
221,0.4660633484162896,0.33542879342351056,72484.2970921066,1.5967266048819884
221,0.39819004524886875,0.1247801460424256,27946.469278962257,1.2046844811404507
221,0.35294117647058826,-0.014439003118425775,-3110.6281723324028,0.9787243854853324
221,0.4253393665158371,0.20568933092546976,43474.335271382646,1.3318895632884487
221,0.5067873303167421,0.4573393746705681,96838.79719682495,1.8593216930991618
221,0.43891402714932126,0.23856206522831558,49777.51005870787,1.3888738268526053
221,0.40271493212669685,0.13547356414172615,29778.62939936803,1.2209830863236901
221,0.4434389140271493,0.26908140067116526,57732.59704276724,1.4566974741327345
221,0.3665158371040724,0.03569352214092258,8912.055741277742,1.0617781285759802
221,0.42081447963800905,0.1989036579998569,42380.392405435545,1.3236986929552377
221,0.37104072398190047,0.05253665545978868,13036.651630063814,1.0914454088651238
221,0.3891402714932127,0.09109971442834364,20512.45770095926,1.1482213100440104
221,0.4072398190045249,0.15145256027086967,33597.25694278616,1.249192410750733
221,0.3574660633484163,0.014463460437324936,1914.8611522812225,1.0131087096261122
221,0.39819004524886875,0.13209668918461367,27246.5994535704,1.1989798516608865
221,0.39819004524886875,0.12433937847425428,27107.22086566809,1.1980388517971003
221,0.36199095022624433,0.027912744920007865,6984.767292354524,1.048499064999717
221,0.416289592760181,0.1875479654759354,40278.38788264997,1.302529268460899
221,0.38009049773755654,0.07626814997594487,17403.348745553078,1.1245374114847067
221,0.497737556561086,0.4296307232946164,93367.57039843225,1.8211964454040095
221,0.4343891402714932,0.23695974944318998,52647.28052553367,1.4104688351993695
221,0.4660633484162896,0.33986379150075485,72574.95786307286,1.6082687365914248
221,0.40271493212669685,0.14614714870895817,33456.2937663763,1.2493919737278227
221,0.38461538461538464,0.08300521563759442,17250.080915191138,1.1219678743407737
221,0.38461538461538464,0.09231844263260082,18408.879883704314,1.1311984958471935
221,0.4117647058823529,0.1716474908875516,37582.36567323241,1.2837893177010564
221,0.3936651583710407,0.11862299710337151,25818.663600335924,1.1878881248065714
221,0.42081447963800905,0.2029790043830559,44736.870966802795,1.3430397622462344
221,0.3665158371040724,0.041270495271885504,8530.962776815704,1.0594620997975055
221,0.3755656108597285,0.07055265005639041,15505.100010265072,1.1102038462154937
221,0.4343891402714932,0.2276732447484305,50060.095059424966,1.3919550247726735
221,0.4072398190045249,0.16004738235604882,35148.40201090586,1.2627758750984734
221,0.4751131221719457,0.3626275379938527,78403.38095017029,1.660159564263785
221,0.3665158371040724,0.03193790465786093,8314.89485015408,1.0578336363201657
221,0.45248868778280543,0.28821427907977737,63698.540546272896,1.514380061484822
221,0.45248868778280543,0.27990818477452173,61355.050471947005,1.4936996335008916
221,0.43891402714932126,0.24714430207773222,53756.03995962344,1.4226508462664367
221,0.4343891402714932,0.24543886442748675,52060.72041344037,1.4071563312005662
221,0.42081447963800905,0.19099006160306609,42874.04765634211,1.327895456435429
221,0.3891402714932127,0.10570506568405881,23316.087004541856,1.1694665993579592
221,0.3891402714932127,0.0961904536974237,22353.931813653428,1.160625355211338
221,0.4298642533936652,0.22849715075728977,49021.74105662313,1.3783798434361132
221,0.3755656108597285,0.06394264027872237,14254.894080368602,1.100705822354507
221,0.3755656108597285,0.05634549751362594,12285.73449389604,1.0867356176698348
221,0.38009049773755654,0.08162368966370699,19139.581333481427,1.1371239294891433
221,0.4253393665158371,0.2099374907841429,46109.94042255756,1.3534957181727985
221,0.31221719457013575,-0.12074374607609827,-25797.85158769779,0.8340788597397478
221,0.4479638009049774,0.2755864503180448,58846.3316025064,1.4681340684746171
221,0.38009049773755654,0.08033188584206839,16163.843868305044,1.1144891416876612
221,0.3755656108597285,0.05880887938535422,13403.41092576097,1.0942314156545927
221,0.40271493212669685,0.1353615928996916,28080.641772420175,1.2068748173784853
221,0.42081447963800905,0.20016735516607334,43034.86005628619,1.3300280090031242
221,0.43891402714932126,0.24713668460545987,54316.286046448244,1.4265367521211398
221,0.416289592760181,0.1659075055332429,34743.22674418095,1.2622608797262087
221,0.38461538461538464,0.09082389008808771,20990.568511053472,1.150277907499474
221,0.4343891402714932,0.24300251055293853,50553.4744037652,1.3937288507000816
221,0.4479638009049774,0.28172595041292325,60024.73945503376,1.4775492111757977
221,0.40271493212669685,0.14802338951749136,31876.825730844706,1.235223756506633
221,0.4434389140271493,0.2661069404718885,57349.509130022634,1.4549649826273159
221,0.4253393665158371,0.21649449141626925,46601.32017696259,1.3585575628745985
221,0.4253393665158371,0.2161768919822371,47125.90573340755,1.363895247796838
221,0.3665158371040724,0.03872697216833249,7441.720681551258,1.0517965656850905
221,0.38009049773755654,0.06582746034195854,12275.612068856502,1.086317945817962
221,0.416289592760181,0.1892707713519895,40583.51915926898,1.306878068141443
221,0.416289592760181,0.1815451545604124,37726.923248233565,1.283145103269932
221,0.42081447963800905,0.19122808802413632,39995.37784564804,1.3017020731794982
221,0.38009049773755654,0.07166991382777119,16194.233175724148,1.1155931533394663
221,0.3755656108597285,0.0646888020025812,12555.586746149474,1.0881955880561685
221,0.3755656108597285,0.05092567523022455,12274.630939527342,1.0863633427142318
221,0.4479638009049774,0.27404852879441566,58407.62520653001,1.4651734533542027
221,0.36199095022624433,0.023362880250446066,5194.598253584046,1.0356635188304464
221,0.4298642533936652,0.22442623777801815,47299.377558623455,1.367020215125987
221,0.40271493212669685,0.13206968661545362,25059.523809258557,1.183686598003307
221,0.4343891402714932,0.2421223569041959,53114.8553134502,1.4150773760249993
221,0.37104072398190047,0.05119055479910277,10611.369514515027,1.0740452342507067
221,0.4479638009049774,0.282041223410899,60977.60656482891,1.4872648781931987
221,0.42081447963800905,0.20100634458783878,44075.10358345074,1.335146107869301
221,0.4298642533936652,0.22613007489586573,48769.714968618966,1.376853541042238
221,0.45701357466063347,0.2980990977610324,64314.434204686775,1.5230122777281876
221,0.39819004524886875,0.13200707591258898,29333.265278177263,1.2153116408057538
221,0.4117647058823529,0.17273091286317266,38335.52316375247,1.288012360558744
221,0.5067873303167421,0.44461995950288546,94692.02188071808,1.843483448456694
221,0.4343891402714932,0.23420758225315708,50933.174982433986,1.3963698205132975
221,0.46153846153846156,0.3236237019929808,68486.76980495626,1.557854541238026
221,0.4072398190045249,0.16138089552179494,35013.23726131192,1.2602925720106652
221,0.3665158371040724,0.01969529846749299,3812.3604785032376,1.0263816437472735
221,0.35294117647058826,-0.0014786348025989612,517.9472800321248,1.003547036645935
221,0.45701357466063347,0.31291743954339907,66367.4333008322,1.5395948033251827
221,0.416289592760181,0.1805769075874182,38225.58009491955,1.2868440176973392
221,0.38461538461538464,0.0924750165150099,18827.10583789258,1.1344337210314808
221,0.45701357466063347,0.3084730565274336,66628.3698546846,1.5406247858060862
221,0.46153846153846156,0.3133467704141188,67001.0451407429,1.5462083461261942
221,0.4343891402714932,0.24062555455936782,54016.68356578673,1.4230823207300676
221,0.4072398190045249,0.15515762857575566,33529.52943888055,1.2492031142241593
221,0.4072398190045249,0.15148899091634163,33952.87127419574,1.251929661047687
221,0.416289592760181,0.18946099152782842,39251.69276255178,1.2961645276824683
221,0.4343891402714932,0.23510776558888544,52259.89517973251,1.4090699966099374
221,0.43891402714932126,0.24824772701209993,52794.05257971126,1.414056328861799
221,0.416289592760181,0.1791477674325688,38999.15582515417,1.2960299930617665
221,0.39819004524886875,0.12696579583830828,26786.958899617755,1.1967522033694395
221,0.36199095022624433,0.015934407810594353,4353.229076496733,1.0300168953411735
221,0.4072398190045249,0.1674484023060545,35391.192770587004,1.2659972345971529
221,0.36199095022624433,0.027451896692692376,5287.303394539931,1.036612363047135
221,0.35294117647058826,0.007228708932305068,3686.6348900197354,1.025656963342475
221,0.39819004524886875,0.13481559969991092,27278.39828969171,1.2008734225990112
221,0.4298642533936652,0.217776710413661,46811.90129231435,1.360725133799188
221,0.4072398190045249,0.15045014486953528,30429.873291266027,1.2249298700493054
221,0.3393665158371041,-0.045385531628948164,-9328.239443870929,0.9378623175557153
221,0.4117647058823529,0.17381889426415373,37805.0632383874,1.2838196114767866
221,0.42081447963800905,0.19971421408598714,42791.284045546854,1.325036580051958
221,0.40271493212669685,0.145763949985794,31742.97950426856,1.2343910941147418
221,0.40271493212669685,0.14355623901107054,31639.96872884913,1.2340224541168745
221,0.4434389140271493,0.26010448615847914,56500.22557881061,1.4444260442627994
221,0.38461538461538464,0.08707231470765324,19165.4483733403,1.1364948081759052
221,0.38461538461538464,0.09135705004875778,19153.150637639083,1.1365462659207999
221,0.4343891402714932,0.24015061196074963,52147.71274323017,1.4070834466635367
221,0.4343891402714932,0.2407016728104302,51887.776526864196,1.4033081087790873
221,0.3665158371040724,0.030814772878133116,6818.630109433437,1.0473867058156534
221,0.3891402714932127,0.10646165898049938,23057.74848093155,1.1668099557297351
221,0.334841628959276,-0.057872607343497515,-11048.584610687252,0.9267693935891029
221,0.4253393665158371,0.20651618450564552,44934.24856019678,1.3453741906933907
221,0.40271493212669685,0.14606462471851206,30967.724300536134,1.2275174528106814
221,0.3665158371040724,0.03929491309002821,8264.905321766637,1.0583387432544313
221,0.3574660633484163,0.00974317362373172,3271.34340569103,1.0225187182432651
221,0.42081447963800905,0.199770069680485,42903.61995686196,1.3280452855960934
221,0.38009049773755654,0.06981799879431397,16330.90369832004,1.1159720247319393
221,0.38461538461538464,0.08987395849612705,19376.19426027121,1.139415017526327
221,0.40271493212669685,0.14600305198019717,31132.989911641846,1.2294694452766963
221,0.4298642533936652,0.23631051318638782,50522.34394106873,1.3954650994252138
221,0.3936651583710407,0.1264370151108525,26186.419388060174,1.1917695312597165
221,0.4343891402714932,0.23481375960946138,50333.507484231086,1.3912216369073995
221,0.416289592760181,0.18679481067666825,40229.849658938234,1.3028574267490942
221,0.502262443438914,0.4424533435087368,94993.53994222826,1.8471538778797714
221,0.39819004524886875,0.12648023869578337,28754.79240985493,1.211808761017721
221,0.4117647058823529,0.1720139289408689,36733.962603398686,1.2762617426296552
221,0.37104072398190047,0.049539435918123015,12514.841899904935,1.0879410811834278
221,0.4660633484162896,0.33684218456207027,72695.77385622483,1.6077253009208938
221,0.40271493212669685,0.14506597454261877,33456.40439954793,1.2479912024783093
221,0.4253393665158371,0.20921696327329417,46000.48331980156,1.3534107969332552
221,0.40271493212669685,0.13749845497541693,29851.792319345805,1.2194897876900126
221,0.35294117647058826,-0.003101403678305062,-179.42536578070576,0.9987771519997101
221,0.39819004524886875,0.12393364990274643,27150.829930740925,1.1984827055186655
221,0.46153846153846156,0.31286176511716685,67614.63440252683,1.549979153805148
221,0.4343891402714932,0.23385376744337394,48757.93345355081,1.3785538901937084
221,0.39819004524886875,0.13836638894273368,30023.549869203067,1.2215822384704298
221,0.45248868778280543,0.2950112925600061,63286.01743681511,1.5068007005220578
221,0.416289592760181,0.1890056033165678,41525.204535452955,1.3150399018265055
221,0.4117647058823529,0.1773618107062418,38405.63060296688,1.2887059345440115
221,0.4343891402714932,0.243397091053904,52522.02738058368,1.4114642197464549
221,0.4072398190045249,0.16317350258849345,35391.248478221445,1.2646481940637908
221,0.3936651583710407,0.11706541514844633,26711.627898043185,1.1961281585168406
221,0.4796380090497738,0.37512820521481766,81336.24141778491,1.6939059107613779
221,0.45248868778280543,0.2952314381160654,63398.35523202034,1.5097410979347254
221,0.4117647058823529,0.15952882784091887,33529.51260015386,1.2497418593029046
221,0.42081447963800905,0.1832552944631441,38989.40492512261,1.2959696028931142
221,0.4072398190045249,0.16246617036652844,35924.93656709576,1.2686808322116028
221,0.4117647058823529,0.17498998452862005,38222.20583886447,1.2878227832495521
221,0.47058823529411764,0.3504112908860807,73939.28658599392,1.6100715184790704
221,0.40271493212669685,0.14639493020558206,31211.465109747784,1.230054904984549
221,0.4298642533936652,0.21804407992024585,48078.3508076347,1.3759784209643602
221,0.37104072398190047,0.04735118207927185,9805.113118688689,1.0686604741310073
221,0.4298642533936652,0.23270703436363266,48883.7441473107,1.3798337349753855
221,0.40271493212669685,0.1526094391123632,32524.291811703682,1.2421733766752412
221,0.42081447963800905,0.19997040449581205,44471.75104617979,1.337038577359575
221,0.38009049773755654,0.07858559202485502,15124.227721533653,1.1065130935320218
221,0.3755656108597285,0.06533035229808927,13876.966145918319,1.0977651555856311
221,0.3665158371040724,0.03332866520683077,8120.451098200822,1.0567485694351781
221,0.43891402714932126,0.2500977829085739,54454.72214938773,1.431070432253537
221,0.4117647058823529,0.17342103243866788,37415.05308885302,1.2806932444247718
221,0.4117647058823529,0.17394067446820402,36708.903433895175,1.2748085582656579
221,0.38461538461538464,0.08791742993273939,20411.812687920403,1.1471881566990714
221,0.38009049773755654,0.08222763204544949,16275.764449152166,1.1153940924117665
221,0.3574660633484163,0.010723200725699735,2344.932321475724,1.0160723276655703
221,0.39819004524886875,0.13270100464266926,28827.95052510121,1.2114840702221992
221,0.416289592760181,0.17715761166999355,37835.56687358851,1.284026669103336
221,0.40271493212669685,0.1498826388961321,32967.06780326186,1.245072312248588
221,0.4660633484162896,0.32765646757350936,70155.24350819016,1.5775747059032252
221,0.45701357466063347,0.30782550216552157,67970.54553092706,1.5528465155100908
221,0.40271493212669685,0.14406148749252876,32008.439079334254,1.2379034458002351
221,0.38461538461538464,0.09231733426932745,20402.923850106396,1.1465276410696545
221,0.39819004524886875,0.13179304699191632,27710.89242094917,1.2011937831988393
221,0.4343891402714932,0.24134335922494465,53407.37373394816,1.417592778717794
221,0.37104072398190047,0.040072426919843786,7577.129313921434,1.052801571044239
221,0.47058823529411764,0.34054616459745424,74524.43132045878,1.6217429931120713
221,0.3665158371040724,0.032693533332532575,6270.215982028989,1.0438236620666557
221,0.39819004524886875,0.1407277183703611,31937.414395538166,1.2368190379303194
221,0.38461538461538464,0.09692815991855448,21947.640215091098,1.1582428408629406
221,0.42081447963800905,0.19498770223973538,42061.56230274459,1.3197736295157332
221,0.4298642533936652,0.21508594807976267,45726.9106787364,1.3518958382430084
221,0.4117647058823529,0.1719396858867413,36939.92504310478,1.277647404169163
221,0.39819004524886875,0.13340371740890225,28874.23140893942,1.210873774985577
221,0.4751131221719457,0.36227974726712037,77688.17430211193,1.6483850806966325
221,0.45248868778280543,0.2986311975139226,65238.468601828936,1.5281229291028795
221,0.4117647058823529,0.1688164446808868,37666.966636730955,1.2826315395050276
221,0.46153846153846156,0.3215382330218643,70482.78587657528,1.5765148558115938
221,0.42081447963800905,0.20506329358798384,44246.417087867965,1.3402910958613743
221,0.4072398190045249,0.16034207394265612,34903.732782907326,1.261833645574421
221,0.4253393665158371,0.21658594032578768,46569.12333641398,1.3575852324684454
221,0.47058823529411764,0.34184238063701555,71902.79434679096,1.5982642137974339
221,0.39819004524886875,0.13142233103830572,29859.492450163303,1.21838370150539
221,0.4117647058823529,0.16986502706555143,35866.6979865448,1.268226448307822
221,0.416289592760181,0.1868685654269384,39723.11460124289,1.299080436347372
221,0.416289592760181,0.16936955190395347,37088.13074588735,1.2797009434964817
221,0.4117647058823529,0.1784028262049387,37861.94474209831,1.2849956559456768
221,0.4479638009049774,0.273688276027248,59277.48867093318,1.472296860530654
221,0.37104072398190047,0.05071069162553224,11965.571070745547,1.08385240795912
221,0.4072398190045249,0.1476486814593464,33049.22091427435,1.2452878421383433
221,0.4796380090497738,0.36959550940778935,78406.13853572714,1.6614476475125302
221,0.38009049773755654,0.0787171878005595,18817.72129535691,1.134651622364276
221,0.416289592760181,0.1854109792047317,39400.278197715714,1.295730651450062
221,0.4072398190045249,0.15470736174275243,33054.554371011276,1.246960754927919
221,0.38009049773755654,0.0687506634741509,13972.960779126253,1.098819537681159
221,0.3891402714932127,0.10254928156225011,22329.545600059173,1.1610142188292571
221,0.3936651583710407,0.11186582383716388,24156.862681887458,1.1753105351655024
221,0.4343891402714932,0.24042184699461452,52578.23900872599,1.411850337596649
221,0.4298642533936652,0.2184385082658493,48931.852267825976,1.3792389254530109
221,0.416289592760181,0.19127636966738554,37790.58427414135,1.2844457793323258
221,0.42081447963800905,0.1966643349503129,41735.591068648704,1.317605754550744
221,0.4298642533936652,0.22028890911865656,46244.69268129137,1.3549418362626606
221,0.4298642533936652,0.22184173744947258,46022.630970066675,1.3540557859935933
221,0.36199095022624433,0.024085428513959766,4791.166919613243,1.0330032008421295
221,0.4117647058823529,0.17224555004928838,35665.06824815411,1.2647840449966032
221,0.4117647058823529,0.16840032164464405,36398.88404172583,1.2725912325992113
221,0.4072398190045249,0.16196073883252685,34639.86444264098,1.2574257182382633
221,0.39819004524886875,0.12948478697114219,27816.319335096065,1.2033169252344245
221,0.46153846153846156,0.32163362634066095,70644.69992192934,1.578659036112764
221,0.46153846153846156,0.3224030869974741,71183.16529946716,1.588233785817805
221,0.40271493212669685,0.15162554738762934,33404.20683120953,1.2489024892301481
221,0.39819004524886875,0.1228001981950681,27240.512516416667,1.1990736859621647
221,0.39819004524886875,0.13448997616065347,29659.367823383982,1.217984043916773
221,0.46153846153846156,0.3257573967438973,70114.28842192265,1.5742637601113891
221,0.3393665158371041,-0.05122044898453469,-11546.927049012638,0.9229455503225468
221,0.38461538461538464,0.0948906842167712,20775.546582081628,1.1488966421286981
221,0.4841628959276018,0.3891288809369415,83907.9624170614,1.7134610463162347
221,0.37104072398190047,0.05076500961886988,10807.188836744339,1.0762984619967702
221,0.40271493212669685,0.13804110382996246,29163.05569016936,1.2147332936529533
221,0.43891402714932126,0.2550759013022227,54462.53385772631,1.4272024114328705
221,0.43891402714932126,0.2450349382323925,54306.19681530111,1.427746016521965
221,0.3438914027149321,-0.03200977928559369,-5316.439944702107,0.9643479994135942
221,0.4253393665158371,0.2129447656073141,45631.133758336466,1.35159328760957
221,0.46153846153846156,0.3205514868777374,70673.63340705197,1.577637613411196
221,0.416289592760181,0.17630876052897293,37934.48078998973,1.2870723098876546
221,0.4253393665158371,0.21360824869642034,47426.59064283933,1.365216207246373
221,0.4343891402714932,0.24307738227794162,52825.848487368305,1.4134466545828703
221,0.4343891402714932,0.2331163660451765,50262.95256999268,1.3915839354419486
221,0.36199095022624433,0.02587555791334015,6067.373161493906,1.0422355664530334
221,0.40271493212669685,0.1482900233954204,30746.195138972704,1.2265789818643584
221,0.4660633484162896,0.33750526317039153,72865.47599139884,1.60165188138604
221,0.4479638009049774,0.28031894503666,60171.80507197405,1.481500407887151
221,0.38009049773755654,0.07769175959585634,17091.10618250795,1.120925482890355
221,0.40271493212669685,0.14899616148709552,32458.327674357006,1.2398956726268602
221,0.4117647058823529,0.1739941886722729,37784.12229851063,1.2839515254433944
221,0.3665158371040724,0.03767617633685423,9159.391188609297,1.0638975763494396
221,0.3936651583710407,0.12902085612384387,26774.325265238316,1.1971219452008066
221,0.4343891402714932,0.24542565087811402,54398.68096706593,1.4296888906180008
221,0.4072398190045249,0.1638546637759702,36227.31205849396,1.271120890437449
221,0.4253393665158371,0.2171447314442602,45040.16252313382,1.3453971378307579
221,0.4072398190045249,0.15944739122220358,34345.65666521308,1.2554181398246098
221,0.4117647058823529,0.17045807944715555,35733.0617355071,1.2681546012515295
221,0.38461538461538464,0.08747753917562795,18192.124177450103,1.1295468869881782
221,0.416289592760181,0.18172754034983982,38300.3621585129,1.2899263342867666
221,0.38461538461538464,0.0885775881950148,17896.958622434766,1.1273701896241153
221,0.4660633484162896,0.3386146564043486,70560.6685560342,1.5809077675539949
221,0.45248868778280543,0.2862294794802144,63039.915364527,1.5084299726511936
221,0.4479638009049774,0.2837734278832905,60231.09108384376,1.4823023331642613
221,0.4298642533936652,0.23072671926589483,50976.54038278009,1.3963985807233474
221,0.43891402714932126,0.25385806243521447,54811.38999519123,1.4305723572523175
221,0.3891402714932127,0.10009832009158005,21338.618322690236,1.1540875653901201
221,0.4072398190045249,0.149818660858534,31752.36926880001,1.2364764956887118
221,0.3891402714932127,0.10733164387367941,22560.913274045808,1.1624109558653208
221,0.4117647058823529,0.16955003087966333,37760.78095722016,1.284874053152763
221,0.416289592760181,0.190531547202817,40092.833825020534,1.303529900413543
221,0.39819004524886875,0.13599440803187554,30355.29639634291,1.2230941466337575
221,0.3665158371040724,0.036601080167014285,8339.284172710057,1.0576403235013683
221,0.4072398190045249,0.16044242502972975,35140.65081779235,1.2617094804827869
221,0.3755656108597285,0.06632683041811548,15686.442887611056,1.1117788061462546
221,0.38461538461538464,0.09362430483543484,20273.018119202727,1.14560187751786
221,0.3891402714932127,0.09787914620948947,23424.162391562575,1.1697788727105254
221,0.3755656108597285,0.06350167194372268,13901.634706140498,1.0977251379732167
221,0.39819004524886875,0.12501658652857853,25779.833689551644,1.188480787190787
221,0.4343891402714932,0.2392478985444775,52028.83884038461,1.4080166596720134
221,0.4343891402714932,0.24170542066420925,51379.79782168802,1.4004423780359339
221,0.46153846153846156,0.32398531795388885,69999.60449339583,1.577372055328192
221,0.4343891402714932,0.24176611316460841,53544.26751832558,1.4186647112738222
221,0.38009049773755654,0.07851639901818673,17055.18392990627,1.121250474327491
221,0.43891402714932126,0.254932762614811,56198.53217266649,1.442771556064067
221,0.4479638009049774,0.2813595231556372,60669.83187631253,1.4841722608531391
221,0.38461538461538464,0.08064797331590565,17817.22133976651,1.1268273367399075
221,0.38009049773755654,0.07094023759355056,15658.776019423853,1.1109705177334073
221,0.4298642533936652,0.2304009580252587,50128.910345803655,1.3893809891519708
221,0.43891402714932126,0.2575569526718582,56465.37818805186,1.4464804985948305
221,0.38009049773755654,0.0727003198365028,15199.366967935188,1.1077171446555103
221,0.4253393665158371,0.21451316455277045,46623.33230093843,1.358033634189192
221,0.416289592760181,0.18640902809564736,42367.51115000002,1.3222556712700102
221,0.4660633484162896,0.33561670057071774,71128.01689866238,1.5882418990764526
221,0.40271493212669685,0.1502721271510471,32487.71575165921,1.2402450575953576
221,0.46153846153846156,0.32219318698012633,70752.19925442679,1.582532559600769
221,0.38461538461538464,0.09053627626212103,18802.896313054058,1.1341218043231565
221,0.4841628959276018,0.38892421740588884,84191.14700525542,1.724310504531474
221,0.4117647058823529,0.16482813937482693,35031.91655158898,1.2614487360606574
221,0.40271493212669685,0.151405670696308,33069.813666085385,1.2462175370031188
221,0.42081447963800905,0.1985259001616994,41974.91682715276,1.3175387503013842
221,0.39819004524886875,0.13228130101785973,29864.215091846127,1.2190316501496965
221,0.36199095022624433,0.014734770714528988,4786.318315364849,1.0331236973735358
221,0.416289592760181,0.17165648963747307,36812.60932568855,1.2775521709831452
221,0.3891402714932127,0.09078493479610134,18749.540909257506,1.134646172938984
221,0.4298642533936652,0.22416559567239927,48856.75420348199,1.380173954368865
221,0.39819004524886875,0.13347745358936935,29540.506492259985,1.2164875312424797
221,0.3891402714932127,0.10486285267953924,22644.21621966438,1.1633081167748611
221,0.3665158371040724,0.038180235422239465,8835.412491970452,1.0615858274586203
221,0.3936651583710407,0.11624093604035225,26060.842932218446,1.1899652076160996
221,0.47058823529411764,0.33763629492865643,72443.2770569769,1.6033186117280849
221,0.39819004524886875,0.10424647140388803,23861.940487769476,1.1747880667246704
221,0.4298642533936652,0.23125823874135598,48497.790912006465,1.375756871034069
221,0.4072398190045249,0.15405134069155818,34105.295191601894,1.252711851767218
221,0.4072398190045249,0.15998017267157738,35561.8756773387,1.2660668947085232
221,0.4072398190045249,0.1624355550523309,36128.94460992633,1.2698451955694594
221,0.37104072398190047,0.04846875116029213,12770.470734578497,1.0899082318122466
221,0.38009049773755654,0.07826170444358216,17349.1669092085,1.1235648125178175
221,0.4343891402714932,0.2409909783626585,52648.71012695212,1.412016267894707
221,0.40271493212669685,0.14117082142543877,29163.459918746415,1.2146918963988764
221,0.4117647058823529,0.16580877080385298,36890.420921950965,1.2763194041842643
221,0.3891402714932127,0.10381650341171589,23100.532997096845,1.1659386266530904
221,0.334841628959276,-0.06646560414901367,-15025.436707511775,0.9007871862068827
221,0.416289592760181,0.19051271747186135,39524.44769280628,1.2984276568683581
221,0.3891402714932127,0.10446479048393534,23291.427113259357,1.1676670071516357
221,0.3936651583710407,0.11820476704246519,24270.877764954952,1.1753897621707208
221,0.4298642533936652,0.22638927687910265,47793.20468701031,1.367264674788795
221,0.39819004524886875,0.12752015993605606,27349.985664063806,1.2002333923929949
221,0.42081447963800905,0.18662734849490262,40329.536795363434,1.3073199923361034
221,0.4072398190045249,0.15904129750864154,34221.534477109395,1.254453589684993
221,0.4298642533936652,0.22635674942015424,49055.85560148241,1.377499666422997
221,0.47058823529411764,0.3486299168155849,75730.8643443756,1.626742856068398
221,0.40271493212669685,0.15005008282468227,31710.217059112343,1.234460465661217
221,0.45701357466063347,0.30877249456493755,65844.47911993285,1.5314665792962738
221,0.45701357466063347,0.3144765663393919,68984.82329175906,1.565513195355952
221,0.38461538461538464,0.09009547447042925,20041.751244571853,1.1433101454637964
221,0.43891402714932126,0.2484020101208081,53811.12197808971,1.4218090867279303
221,0.4434389140271493,0.26072183616885963,55920.87914408151,1.4432441934648037
221,0.48868778280542985,0.40500651657703174,86491.80949297793,1.7445136986413416
221,0.45701357466063347,0.3088370716753076,67507.10669997713,1.5511607179755282
221,0.38461538461538464,0.09457672269759981,20468.197368398185,1.1474006075758583
221,0.4751131221719457,0.3565781820782343,77450.13438138053,1.650105466193479
221,0.37104072398190047,0.04553778004268371,9167.34230395516,1.064172594204524
221,0.3891402714932127,0.10404440067742406,22742.90518290751,1.1637769021521818
221,0.4072398190045249,0.15991051445342602,35618.159702075376,1.265092281422045
221,0.416289592760181,0.19082814094117356,40455.39406873344,1.3074065441208516
221,0.4072398190045249,0.15973637105529284,35108.43295993726,1.2606055610322988
221,0.4117647058823529,0.17244367016075868,38351.528910916415,1.2877722593844225
221,0.3755656108597285,0.05131327686303408,12488.476283806205,1.088105794656849
221,0.37104072398190047,0.05557581810410626,11794.524677722304,1.083253402128517
221,0.4298642533936652,0.21967910137560495,47133.90115715356,1.3638935858616432
221,0.45248868778280543,0.2961558494951336,63764.63016338429,1.5158950963328073
221,0.39819004524886875,0.1299197174722596,27494.254337064012,1.2013541474932177
221,0.49321266968325794,0.4097394191073763,89435.78018104342,1.7792233598572182
221,0.4479638009049774,0.2744706848952776,59231.577725865805,1.471346817264834
221,0.4751131221719457,0.3472656100915534,75752.554641053,1.6379556525354304
221,0.3665158371040724,0.037050866028054026,6633.854367208234,1.0459304463897638
221,0.38461538461538464,0.09415006895617595,21944.834919049797,1.1580055279106207
221,0.4298642533936652,0.22639913443261,50094.27332104691,1.390879994992907
221,0.3755656108597285,0.06345345359138503,13667.214958224613,1.096244678352196
221,0.416289592760181,0.1801672128176069,39584.93842255309,1.2999869388497267
221,0.3665158371040724,0.03141818978457506,8103.2854072613045,1.0565106439681524
221,0.38009049773755654,0.07630621034135623,16222.64758812156,1.115147216514738
221,0.4253393665158371,0.21616550583441088,45757.972973622105,1.349952449804791
221,0.38461538461538464,0.08333554750645605,18283.956134120628,1.1307044003984483
221,0.4253393665158371,0.20566012596357675,43797.75948950194,1.3361722879847202
221,0.37104072398190047,0.05277257781154353,11693.228813753552,1.082036767534428
221,0.38461538461538464,0.09099198625187623,19807.88815777935,1.1410516400261563
221,0.43891402714932126,0.2556811173016774,53971.03012607897,1.421148703368132
221,0.4253393665158371,0.20715158563847816,45507.90490807139,1.349790797985254
221,0.40271493212669685,0.14217844782821412,30986.134927110495,1.2305992947644917
221,0.4434389140271493,0.26823086150562386,57439.57549102989,1.4531228729720864
221,0.4434389140271493,0.2643495429508372,56153.76355188681,1.4437420329175465
221,0.46153846153846156,0.31895377079270104,68502.21765183362,1.5664728363963467
221,0.39819004524886875,0.13284518899455303,29701.331558471316,1.217503890839178
221,0.4434389140271493,0.26814597880331364,58611.79732025694,1.4636055302871498
221,0.40271493212669685,0.14009911532170266,31464.471936198624,1.232825492750938
221,0.38009049773755654,0.07719551708485418,17790.239536033798,1.1266928736158022
221,0.38461538461538464,0.092345919417381,20788.85266393056,1.1483553908853297
221,0.416289592760181,0.18645282186607878,38936.918668582395,1.2918118622435963
221,0.416289592760181,0.19080778036064597,41385.80678710005,1.3149582734987024
221,0.45248868778280543,0.2985995713456866,64765.76629716701,1.5239520245267204
221,0.40271493212669685,0.13864560084199004,29920.391851850403,1.2210335046269187
221,0.4253393665158371,0.20714881220013312,43999.41021737596,1.3359265278470691
221,0.4117647058823529,0.17352658649554328,38359.406199097684,1.286119658602372
221,0.4117647058823529,0.17280377933370722,37696.50369703755,1.2823783891817477
221,0.39819004524886875,0.13356720082828422,28008.20705519477,1.2046016784359612
221,0.4479638009049774,0.2821405725013474,60831.523252088664,1.48552617420211
221,0.3438914027149321,-0.030565072209927612,-5619.273052339255,0.962181336139303
221,0.4072398190045249,0.1624217626193303,36074.62728976362,1.26946528865857
221,0.4434389140271493,0.2762769411413817,59871.64881011796,1.4794530176421175
221,0.4298642533936652,0.22514059268769213,48508.478652507125,1.3731065182034141
221,0.45701357466063347,0.3095125635634673,65888.2620453064,1.5331981602371
221,0.47058823529411764,0.35396026349080273,77268.46930519152,1.648336982339844
221,0.39819004524886875,0.12703672459029228,27368.617133984808,1.201214950257275
221,0.38461538461538464,0.0950110401185559,19716.79863468182,1.141626072437257
221,0.3891402714932127,0.10783130670851238,22277.170838033824,1.1613329266885513
221,0.4072398190045249,0.15926410831021628,35492.71341531074,1.2645223473231442
221,0.38009049773755654,0.07026145377463007,13946.981356460428,1.0984998926705312
221,0.4660633484162896,0.33217514059450376,71257.54431674273,1.5851459770021297
221,0.4660633484162896,0.32673093056848773,71061.83107496085,1.5855856824665469
221,0.3936651583710407,0.11698636178411699,27209.60614021609,1.1983926278542014
221,0.4434389140271493,0.2675112552211377,56909.8227413642,1.4491505029601117
221,0.38009049773755654,0.08177323068149449,19094.900577667602,1.1365206218576143
221,0.4434389140271493,0.2749923103286843,59464.46480631146,1.4756065298413166
221,0.3891402714932127,0.10518902597577368,22844.520688042696,1.1645489630706771
221,0.3755656108597285,0.05930716958565612,12180.74131749491,1.0855812026832812
221,0.416289592760181,0.1869997484036666,41282.05229584187,1.3129068332327998
221,0.3665158371040724,0.04095001679051577,9200.737555572014,1.064470392732169
221,0.46153846153846156,0.3220907064809219,67427.39361126296,1.5495981637211673
221,0.45248868778280543,0.29464699892474666,63170.67695776724,1.5042162094272422
221,0.4434389140271493,0.27037892486556037,58135.557765858335,1.4628499052958677
221,0.4253393665158371,0.21273417473087153,47095.203974061435,1.3605660555642216
221,0.3755656108597285,0.05632073857564598,10322.076727070282,1.0724076331515613
221,0.3936651583710407,0.11197843750525854,25326.031526147948,1.1842381853602357
221,0.4343891402714932,0.23184199353711418,51036.27660511184,1.3975673067607812
221,0.4479638009049774,0.2868585697939196,61820.58076776995,1.497045724407421
221,0.3891402714932127,0.10461089939624807,24565.296348812393,1.1773856433823167
221,0.4072398190045249,0.15819507149974008,33105.604632033996,1.2468364562028964
221,0.4343891402714932,0.23365113180134342,51451.503110653124,1.402922687640319
221,0.3891402714932127,0.10949388850569294,23932.780289829414,1.1738656910531724
221,0.40271493212669685,0.1406211763690198,31876.27401031894,1.2352669875123174
221,0.43891402714932126,0.25415601265585375,56137.11544082587,1.4418262885703756
221,0.4343891402714932,0.24116709951628285,51788.03833963222,1.402797085238465
221,0.4253393665158371,0.20814273961251947,44765.384057343894,1.3449984205400725
221,0.36199095022624433,0.02374149037275426,5199.356726571226,1.0359328283073423
221,0.416289592760181,0.19245594460510287,42069.11218447758,1.3201688915971954
221,0.416289592760181,0.1780740694911271,38729.20483146285,1.2925113106137585
221,0.416289592760181,0.1832226451198695,37001.35718416948,1.2789324403893019
221,0.4298642533936652,0.2321990096731359,49749.2296782902,1.3867361309894308
221,0.34841628959276016,-0.01303402849820924,-2209.2522776557234,0.9849682121816654
221,0.47058823529411764,0.3431040305999192,74411.228494977,1.6206567389011366
221,0.3665158371040724,0.03677411783627508,8137.361394125773,1.0567098485600073
221,0.4841628959276018,0.39732179188147043,85202.0748146811,1.7383600877413206
221,0.4072398190045249,0.1590286425519569,35337.64513086357,1.2623161493673087
221,0.4072398190045249,0.15660380990326078,34124.912915060595,1.2548221432256739
221,0.3755656108597285,0.04956138455063618,11327.884181946562,1.0801009087030944
221,0.45701357466063347,0.31101751444512976,67807.38164556108,1.553438081757209
221,0.3936651583710407,0.11063496706292274,25398.13587997554,1.1846515480672977
221,0.4796380090497738,0.37547111125018495,79521.93364987546,1.67363020663548
221,0.36199095022624433,0.014574991495479191,3641.0909912111515,1.0251116911813039
221,0.39819004524886875,0.12723961976855785,26831.209132494834,1.1971155346311093
221,0.35294117647058826,-0.0036815628038875583,82.219047298031,1.0005587684954125
221,0.43891402714932126,0.2539703017253914,55229.64619089001,1.4316271552114221
221,0.42081447963800905,0.19955169935636843,40893.49470176532,1.3097783917702757
221,0.4751131221719457,0.3573265489483049,76041.02583724189,1.6404291472070935
221,0.4117647058823529,0.17321769164547596,37525.72364478606,1.281103113599945
221,0.3574660633484163,0.013128982912704161,1845.0998861762455,1.0126964165441663
221,0.42081447963800905,0.20299945456860186,43709.23506066892,1.333410610180195
221,0.39819004524886875,0.13115439441847887,28758.40164980668,1.2103111854838735
221,0.4434389140271493,0.255118336302557,55553.9053797118,1.437688496026545
221,0.39819004524886875,0.13236817576766188,28357.31671148012,1.207691772761235
221,0.40271493212669685,0.1467824271691674,32076.143690574732,1.236782200677053
221,0.3936651583710407,0.11325862757717303,23880.311973672753,1.1720991677944212
221,0.42081447963800905,0.19208311511497966,42061.426554161255,1.3197560200950702
221,0.4117647058823529,0.16579200848601147,34899.674487864155,1.260634869702942
221,0.4298642533936652,0.23084429362957323,48368.5120406336,1.374800079772763
221,0.45701357466063347,0.3066247946417831,66236.97695948214,1.5402546251238873
221,0.47058823529411764,0.3435645309165287,73931.80310900508,1.6157648830315896
221,0.39819004524886875,0.1323052366018661,28980.724027713535,1.2119126502874271
221,0.4298642533936652,0.22581264906940768,49664.38180764763,1.3873395931419328
221,0.45248868778280543,0.2959697700760112,63189.623708714964,1.5085480314682271
221,0.3755656108597285,0.06781241500391662,17539.732286811144,1.1254210690181474
221,0.4343891402714932,0.22476338215906677,49165.98026095009,1.383418270320168
221,0.45701357466063347,0.2969337499996931,63714.180562725785,1.5186297042119772
221,0.40271493212669685,0.13968317628952032,31123.300103490426,1.231713806494714
221,0.4298642533936652,0.21474794577145392,46518.10368118223,1.3593553872989028
221,0.37104072398190047,0.04520939529756292,11665.85674036709,1.0820787877159272
221,0.4253393665158371,0.21338436049461523,47164.09737505464,1.3615581314062553
221,0.40271493212669685,0.14843519825804882,34225.7343500003,1.255561822990676
221,0.43891402714932126,0.2519659791737102,54838.43498605183,1.430434625859363
221,0.39819004524886875,0.13376841055324784,30439.007758699303,1.2234425478359525
221,0.36199095022624433,0.022779319557961916,4026.3265015592133,1.0275909791038995
221,0.39819004524886875,0.12536348447408482,27853.468726901527,1.2039772090816447
221,0.416289592760181,0.16991372336513366,35498.7340560224,1.2670208275491712
221,0.4479638009049774,0.281760199592002,61657.155384449085,1.492920416788387
221,0.4298642533936652,0.23093422380486028,48247.34584797658,1.3736817499885572
221,0.38009049773755654,0.07623922792692782,17245.64892790217,1.1226305598860622
221,0.43891402714932126,0.24996822157093201,51792.623578637904,1.40500705274901
221,0.40271493212669685,0.14079705179235305,30660.948945120534,1.2265468755070472
221,0.42081447963800905,0.19812505904289307,43553.15934166081,1.3301112385402432
221,0.3936651583710407,0.11115540173341548,24666.44375266372,1.1802927116752044
221,0.4117647058823529,0.16635131446503193,36022.82562485149,1.2700989796017867
221,0.4072398190045249,0.1599422656211821,32636.95785336871,1.2405522211133337
221,0.45248868778280543,0.28862492938473067,61712.06728185174,1.4956797249555067
221,0.4434389140271493,0.2678036368665306,59228.523854425854,1.4703881442321876
221,0.42081447963800905,0.20059464569222493,43611.80677529078,1.3329624722369642
221,0.4072398190045249,0.15860793404737672,34116.822755216206,1.2529223352139074
221,0.43891402714932126,0.25479239860844927,54986.91300196079,1.4330134615401238
221,0.37104072398190047,0.04909963878958824,10648.896291092899,1.0743010615615944
221,0.4072398190045249,0.15928485810247095,37077.866764976476,1.2768106853217942
221,0.4117647058823529,0.17350758739384717,37961.36900688642,1.2833168665332657
221,0.42081447963800905,0.19928120472058988,43120.1334638681,1.3280931150469357
221,0.4117647058823529,0.17393189327483685,38785.9261654788,1.2926176179944533
221,0.3574660633484163,0.012988369157350391,2905.7622481612616,1.019894773736615
221,0.39819004524886875,0.12745605764261891,26945.735052189073,1.197907133453998
221,0.3936651583710407,0.12272551092744421,27152.012124915153,1.1980484668618807
221,0.43891402714932126,0.2542885599395003,54246.506455252624,1.4245017665681237
221,0.4072398190045249,0.1595376785652176,35953.141229498426,1.2687529328755387
221,0.4072398190045249,0.15888783527274136,34153.17240805365,1.2529945756994783
221,0.4072398190045249,0.15960918281987196,33728.956613374925,1.2491038046008198
221,0.3936651583710407,0.11847858480835101,26742.23331493935,1.1947503567993918
221,0.4072398190045249,0.156015724241263,36518.00505864498,1.2743936528796254
221,0.39819004524886875,0.12517564838200024,27731.659893788637,1.203122479699142
221,0.36199095022624433,0.029045649928214037,6971.768275534945,1.0485073477769247
221,0.4298642533936652,0.23214725244461304,49309.84437617962,1.3822618557441153
221,0.4253393665158371,0.20539099081344242,42967.1716926625,1.3272388318697765
221,0.39819004524886875,0.11693203774573491,24953.73997520932,1.1820579266202922
221,0.42081447963800905,0.2042824689601267,42848.10211947565,1.3265601480562115
221,0.38461538461538464,0.08369271057039476,19648.51169157077,1.1409413200153193
221,0.416289592760181,0.18829495223259268,42337.59821154945,1.3219192436282932
221,0.4253393665158371,0.21309266288869896,46947.3035107671,1.360081778665711
221,0.34841628959276016,-0.016183488431371098,-4227.553222272838,0.9714517779988255
221,0.37104072398190047,0.03450982079586144,8080.040862327947,1.056797346718411
221,0.48868778280542985,0.3988284553636056,86403.33019681722,1.736792116850756
221,0.46153846153846156,0.32558791084583827,71414.7019793583,1.5890007377280426
221,0.4072398190045249,0.15285938895823373,33181.227894820004,1.2461874829871833
221,0.3936651583710407,0.11406893132685969,23431.18921159017,1.1697599534039231
221,0.3936651583710407,0.12502685223517676,28124.987179149655,1.2072432236916215
221,0.39819004524886875,0.12337274393726408,28561.592346583704,1.2100546511539467
221,0.4253393665158371,0.20778339116111746,45013.65719473992,1.345409795868887
221,0.38009049773755654,0.06971068588347935,14817.231648250363,1.1049573980217908
221,0.46153846153846156,0.31263798888669325,67271.31061130768,1.5498149171429298
221,0.4253393665158371,0.20795563525775596,43056.377478770344,1.3305430012595352
221,0.38009049773755654,0.0856189092129741,19417.31485882579,1.139340856806779
221,0.3891402714932127,0.10795252564303313,23579.54424435678,1.1702395010026174
221,0.46153846153846156,0.3094682977777745,66324.33846196298,1.5405130779719645
221,0.4298642533936652,0.2257181007842222,48721.183173925776,1.3767321574098703
221,0.4343891402714932,0.2410544310046703,50808.86558092857,1.3945968914027798
221,0.4298642533936652,0.22762671731535647,48866.80812208644,1.3774750018489936
221,0.3936651583710407,0.1215744662444289,27288.735905513568,1.1989683296422637
221,0.3574660633484163,0.01037823523876832,3723.7733297328477,1.025561549650055
221,0.4343891402714932,0.24029541401648705,52269.88745058022,1.4069340181317642
221,0.4298642533936652,0.22782617615668146,49931.52364381534,1.3866411856299958
221,0.4343891402714932,0.23660636314166372,50452.13832464889,1.3941020078738444
221,0.4298642533936652,0.22102372902019976,49542.62239232729,1.3856008513044245
221,0.3665158371040724,0.038486046497452346,8620.789967385743,1.060071607508372
221,0.38461538461538464,0.09123661079374917,18436.010035322786,1.131313901478923
221,0.36199095022624433,0.008976149888942412,1903.1446423567736,1.013164062010158
221,0.36199095022624433,0.02669656316236867,4038.078327188645,1.0278355675753286
221,0.3755656108597285,0.05874725926145932,14614.043000962753,1.103691278744593
221,0.43891402714932126,0.24962597957338936,53848.32593449335,1.4234971545340949
221,0.39819004524886875,0.12691853747724602,28382.76052992548,1.208069220404832
221,0.4796380090497738,0.38492529635541606,82695.02114340905,1.709630073011705
221,0.3755656108597285,0.06789116051526031,13803.37709285882,1.0976397318484377
221,0.47058823529411764,0.34814470025146665,75929.05486990174,1.6316496763824364
221,0.4479638009049774,0.2758263784398586,59965.01543284163,1.4832272872033876
221,0.38009049773755654,0.08295230391842986,18886.677614224,1.1350406314394101
221,0.49321266968325794,0.41869606262728876,91031.5971100532,1.7910770394041184
221,0.4072398190045249,0.15899133676588223,35495.25164876836,1.2673311955366162
221,0.3574660633484163,0.013208931421250741,2828.758389099339,1.019451397982453
221,0.35294117647058826,-0.008028290004934158,-1920.990603981224,0.9869023117930681
221,0.3393665158371041,-0.04217834102210053,-9840.187061047021,0.9342798371242419
221,0.4253393665158371,0.19822196072200252,43913.5065365428,1.3364585075042896
221,0.3936651583710407,0.12180128490965726,25482.742866571985,1.18556869946891
221,0.4751131221719457,0.35674705441159255,79700.23220200816,1.6733630471622853
221,0.43891402714932126,0.2516372434214219,55839.574547944605,1.4400353040693843
221,0.3574660633484163,0.010299363013872345,1486.083520884229,1.0101804977848903
221,0.38009049773755654,0.08166611081442889,16184.284595858286,1.115195936435245
221,0.37104072398190047,0.0508174532342388,9351.669434982672,1.0650279834206589
221,0.4253393665158371,0.21059408881877625,44754.54340763841,1.3427136560237438
221,0.416289592760181,0.1869952594018955,40961.66375655411,1.3097391481581053
221,0.3393665158371041,-0.041039072834575446,-9077.044814695993,0.939362681186024
221,0.4072398190045249,0.15294277494470968,34071.85605502737,1.252956789505518
221,0.38461538461538464,0.09154730981840695,18706.593995724466,1.1334157363305488
221,0.45701357466063347,0.3083075574307749,66857.18230620495,1.541171653352493
221,0.4253393665158371,0.20989823972202407,45516.42176476163,1.3474313114105148
221,0.46153846153846156,0.32826948302089176,71061.71267670393,1.587906409569147
221,0.39819004524886875,0.12470138067235967,26780.723457160566,1.1965877898705126
221,0.42081447963800905,0.19737469148795517,42507.855958455664,1.3233528414182436
221,0.4298642533936652,0.22648595507380234,47322.03739607091,1.3635716028510372
221,0.43891402714932126,0.25319987500671104,55680.869445218166,1.437431612832401
221,0.40271493212669685,0.13917422076933686,29239.506862209928,1.2143917018479484
221,0.3936651583710407,0.10806728895302047,21777.929891127205,1.158953139525791
221,0.416289592760181,0.18244720832285286,40509.063317100285,1.306761375005574
221,0.40271493212669685,0.14317888009556032,32378.367839774182,1.2413980683961012
221,0.42081447963800905,0.20374614003414074,45437.7634161686,1.3482187059120918
221,0.3755656108597285,0.0646695049980706,12646.484807238656,1.088640841527921
221,0.38009049773755654,0.07218002755499758,16664.222743377253,1.1186530141187936
221,0.4117647058823529,0.17671479879671953,37883.43548139358,1.2840833550054975
221,0.4434389140271493,0.26760682146435455,57029.53391872608,1.4487544688247476
221,0.4343891402714932,0.24155740605053458,51728.215296446695,1.4042155430890815
221,0.46153846153846156,0.32282141307328305,68593.73102953461,1.5574200777925515
221,0.4117647058823529,0.17400742283915993,37812.92862173792,1.2833075665906424
221,0.416289592760181,0.18196107290576213,39259.479390378605,1.296839870584723
221,0.45701357466063347,0.3036251633900208,65813.6658669447,1.5333619540214816
221,0.38009049773755654,0.07568352875893339,17182.967987771422,1.1220522922733391
221,0.4117647058823529,0.1742470620363707,38320.94322107925,1.2879128288093962
221,0.4117647058823529,0.1722661300550846,37765.06811245361,1.2836071877607627
221,0.4253393665158371,0.20159460625933542,43283.62347106582,1.3323007994675404
221,0.39819004524886875,0.131733159736596,28269.613027634634,1.2069772609093243
221,0.43891402714932126,0.2507765002803667,55505.75503059785,1.4357524412192382
221,0.43891402714932126,0.25466355599945006,54250.11490336024,1.4268374431124078
221,0.3891402714932127,0.09845872211592525,22184.56926326308,1.1595042013489834
221,0.4479638009049774,0.27828757632479023,59508.77905486425,1.4803616665896473
221,0.38461538461538464,0.08548858184398365,16647.980768385325,1.1186315539357181
221,0.4479638009049774,0.27307273419058126,57210.24463088798,1.4547933086029967
221,0.4298642533936652,0.23041502401949493,50564.078772215726,1.3935459774133663
221,0.3936651583710407,0.11078535304236636,23344.761165123753,1.1691004825181421
221,0.39819004524886875,0.13012830080605708,27779.65351024091,1.2049200467344254
221,0.416289592760181,0.18730082992014713,40892.89203369626,1.3092810332015172
221,0.4253393665158371,0.2067332648241244,46042.67947736228,1.354824139923913
221,0.4253393665158371,0.2177402188181067,47233.87381213483,1.3646408655909084
221,0.43891402714932126,0.25158151788884076,53067.0716156941,1.4160999638872132
221,0.39819004524886875,0.13217221573830581,28339.297015305256,1.2065499102409711
221,0.3936651583710407,0.10930353285135035,22603.02695919999,1.1635874360203091
221,0.4072398190045249,0.16548659774987207,37092.47580609598,1.2792758858143283
221,0.38009049773755654,0.08596418245187007,17499.310223231412,1.1254714974760016
221,0.4343891402714932,0.24610897644576032,51804.74598005629,1.4039272267750265
221,0.40271493212669685,0.13959522583977868,30346.368391022217,1.2228545928425503
221,0.40271493212669685,0.15003237452799634,33118.39363084145,1.2458778206506456
221,0.4434389140271493,0.25426005089336523,54966.571724672096,1.4370616667980376
221,0.35294117647058826,-0.0018245495123820387,-383.47527646417166,0.9973859085517428
221,0.37104072398190047,0.04785164608832791,10431.911393534341,1.0728200209884626
221,0.36199095022624433,0.03229933024149009,5650.600355871619,1.039370870399241
221,0.39819004524886875,0.1389401035711294,29820.179745072965,1.2197095703991903
221,0.416289592760181,0.18575845779959027,40468.99886869527,1.305772761648042
221,0.43891402714932126,0.2508622500119946,52851.98366296178,1.4143504431299292
221,0.4117647058823529,0.16888161427990814,35687.43215584929,1.2657317034287896
221,0.4072398190045249,0.15999178183723228,36123.278676240254,1.2689758828566384
221,0.38461538461538464,0.0863659221779578,18221.198206349574,1.130284083012643
221,0.4298642533936652,0.2232610704317359,48050.07583967205,1.374495656308091
221,0.3574660633484163,0.01054815223976943,3624.8659743151247,1.0249063333222572
221,0.4660633484162896,0.3276888277077472,70918.42159420255,1.5853192457182683
221,0.4072398190045249,0.15859491940337545,36016.47031968159,1.268720764844672
221,0.3438914027149321,-0.03450562885210298,-7631.130900643623,0.948546354731112
221,0.46153846153846156,0.3229512929785888,68051.40198005647,1.5549916911205672
221,0.4117647058823529,0.16551628217548905,36627.091985461186,1.273121062758011
221,0.42081447963800905,0.2011764523756726,42726.0677082466,1.3289464765642756
221,0.47058823529411764,0.3413298721320049,73054.18047055535,1.605744899525166
221,0.39819004524886875,0.1183024713289197,26306.701098508256,1.1928107470848694
221,0.4298642533936652,0.22078676530892008,47198.208802558955,1.3646556644473418
221,0.42081447963800905,0.19401729684607044,42711.344767347444,1.3249146290424667
221,0.416289592760181,0.1727802746684034,36885.65631893931,1.2777296448591575
221,0.37104072398190047,0.05432057526379713,12350.339495549,1.0866619846429273
221,0.45248868778280543,0.2973325080289591,64004.12480561047,1.5174906544685736
221,0.36199095022624433,0.024356874845308973,6578.345209539688,1.045430485159985
221,0.4660633484162896,0.32575477394501595,70969.53463696092,1.5889940294385707
221,0.4298642533936652,0.2196318360203528,47502.95655869586,1.3653287968667345
221,0.4072398190045249,0.16451487653039806,36559.68216250298,1.2756942286738164
221,0.3891402714932127,0.10917770084733336,24504.882249570404,1.1775886672747655
221,0.3936651583710407,0.1116628438351477,25342.19971772815,1.1845649416992978
221,0.4434389140271493,0.2676252217380898,57847.32841895623,1.461207158147379
221,0.43891402714932126,0.2485188064781825,54414.607381084454,1.4294487936615767
221,0.40271493212669685,0.1352115258199904,29073.76535986452,1.21443728461661
221,0.4298642533936652,0.22146432572886027,46848.33234543765,1.3611011729876648
221,0.416289592760181,0.18550576099379965,40699.25536325085,1.3041973224586814
221,0.39819004524886875,0.12019436886919263,26180.1641754277,1.1919540372573363
221,0.43891402714932126,0.25553828400140427,55126.77248399043,1.4331811166720743
221,0.48868778280542985,0.395281958830106,85380.99165945052,1.7362464165676104
221,0.4117647058823529,0.17175101892153016,37771.633406462905,1.2844972358511957
221,0.40271493212669685,0.139157492628202,29486.26591905842,1.2161588648949933
221,0.3665158371040724,0.030983574337558037,7679.426873790392,1.0532297973380158
221,0.37104072398190047,0.05158445484598755,13981.377227097091,1.0986755930665097
221,0.4298642533936652,0.2207342496169842,48888.94734959956,1.380260678714172
221,0.36199095022624433,0.025507390265585277,5612.721910893749,1.0387251996019051
221,0.416289592760181,0.1829343037670408,41065.96417096518,1.311902033737375
221,0.4343891402714932,0.24513121265392188,53079.73874272839,1.4156624069209713
221,0.4253393665158371,0.21253146867892503,46408.80074780293,1.3540207623832021
221,0.40271493212669685,0.15279890390771453,33946.93761071903,1.253447947755667
221,0.4434389140271493,0.2675696296885408,58338.97813097297,1.4637120606553042
221,0.4117647058823529,0.17238393523616075,38072.32934796803,1.284830553604596
221,0.4072398190045249,0.16537582641479245,35723.15899227621,1.267511797409626
221,0.36199095022624433,0.022952815385463926,4578.450518585793,1.031638210388055
221,0.39819004524886875,0.1316336128235239,28399.76879716278,1.2074856295976777
221,0.4479638009049774,0.2796464381417167,60311.72386907865,1.4804535258542408
221,0.40271493212669685,0.14360916767659868,31907.936646072376,1.2357196766457959
221,0.4072398190045249,0.16396949978965256,36974.429382704504,1.2785025543269817
221,0.43891402714932126,0.24777425406735568,53357.47939782489,1.4212579596741977
221,0.38009049773755654,0.06489438725826617,14139.453107796038,1.1002361065606094
221,0.38009049773755654,0.08253553568256575,17297.652930275715,1.1242679103005273
221,0.45248868778280543,0.28592457379746533,61998.96371695023,1.5044443081940444
221,0.4117647058823529,0.1657743530269029,32884.62083495454,1.244734941902918
221,0.3665158371040724,0.030052743619642684,7091.113412678122,1.049273325469532
221,0.4434389140271493,0.2680412974127122,58125.39763873308,1.4591659614850738
221,0.3755656108597285,0.0684618835985829,15968.714049028365,1.1133277347280233
221,0.4434389140271493,0.262300346206176,57124.78728951166,1.451673967180482
221,0.416289592760181,0.18306723093454114,39204.52994605745,1.2953213104609163
221,0.4117647058823529,0.17319785493506315,36623.25090358613,1.2730923245591328
221,0.42081447963800905,0.191786167575394,41159.74067449475,1.313130874350902
221,0.42081447963800905,0.20067385646399136,43289.600033082446,1.3278528974351047
221,0.502262443438914,0.44453418038271464,96339.27386918143,1.8519634599883732
221,0.46153846153846156,0.3182180405917123,69374.80970985915,1.5696757994094006
221,0.45701357466063347,0.3125868205910182,68563.21770342968,1.5607211727600172
221,0.3574660633484163,0.010498311103767352,1543.0181665090458,1.0105297241955389
221,0.4343891402714932,0.2457228423282075,54958.57155407413,1.4343025901739732
221,0.4253393665158371,0.21420409606176138,46636.84342682971,1.3588192156360008
221,0.40271493212669685,0.1451724140814152,31470.869105684946,1.2321959355859387
221,0.45248868778280543,0.2902078415441784,63180.846425059455,1.510308051991864
221,0.4298642533936652,0.22011144182025683,48040.29112240157,1.3708479300657155
221,0.38461538461538464,0.08588044073300304,16961.87054030526,1.1208347751642498
221,0.416289592760181,0.17774467979016215,37869.9962663397,1.2845028748737923
221,0.31221719457013575,-0.12159011470261925,-25887.255072810487,0.8335187935198998
221,0.45248868778280543,0.2867732013141055,61865.4054195926,1.4971327558036072
221,0.38461538461538464,0.09123372335586127,19040.88320491262,1.1355826556584798
221,0.42081447963800905,0.19244586661346225,41050.39584266831,1.3115861670031275
221,0.43891402714932126,0.2538544663548622,53596.76755604688,1.4209259562551833
221,0.38009049773755654,0.08175423241860433,19081.291960529925,1.1363460621945423
221,0.45248868778280543,0.2845428477176571,60516.390233029946,1.4868911502359807
221,0.4434389140271493,0.26815556657824496,59558.18804486422,1.4726350520025164
221,0.38461538461538464,0.09033345786329142,20815.821144649184,1.149861578736543
221,0.4343891402714932,0.23949475468373158,50607.848891488014,1.390637697406654
221,0.43891402714932126,0.2530230181033456,54816.13631766743,1.4309425492470245
221,0.4298642533936652,0.22050964229010397,46903.93861378885,1.360454392532754
221,0.3891402714932127,0.09706358055189179,21183.1650571117,1.1527182559495268
221,0.46153846153846156,0.3219520766114569,70850.17111714241,1.581458623694813
221,0.38009049773755654,0.07890220735723046,17734.316115451205,1.1259897515047383
221,0.33031674208144796,-0.06119906386292584,-13248.500949065656,0.9117363011597441
221,0.3755656108597285,0.06277291398236975,13769.064377030543,1.0975791597738642
221,0.4343891402714932,0.24552779426725949,52660.05083315351,1.4121773811775145
221,0.45701357466063347,0.3167442598735808,67694.41338508874,1.5536683342037978
221,0.4434389140271493,0.26517979996402175,57296.83789674728,1.4557315591394095
221,0.4434389140271493,0.2674273773159163,57622.90919911115,1.456298225086821
221,0.4434389140271493,0.272219706709194,59471.23836025213,1.4730172259493677
221,0.4072398190045249,0.1507715827857278,30943.30607820621,1.2285964182675073
221,0.3574660633484163,0.010576298610270504,1535.9043149872878,1.0104699895122067
221,0.3755656108597285,0.05838652684386635,12333.267012865184,1.0870680008229499
221,0.40271493212669685,0.15253815643877255,34074.213210927766,1.2541663758058808
221,0.34841628959276016,-0.013683943324659697,-2265.010555972698,0.9846368930893866
221,0.4253393665158371,0.21625521843395829,45477.54871129284,1.3483807232598712
221,0.497737556561086,0.4359481407178391,94212.77268799179,1.8368822700792269
221,0.4117647058823529,0.1727104143557393,37692.404505660685,1.2821828209574022
221,0.4072398190045249,0.15909456823367282,32815.076934190605,1.2423687577843714
221,0.4660633484162896,0.33554478568074225,71787.16624823712,1.5920185447134187
221,0.334841628959276,-0.05874135150551572,-12392.205310190944,0.9186219391196656
221,0.38461538461538464,0.0815507391330363,18811.212429368803,1.1354382104865326
221,0.42081447963800905,0.2025498114608554,43906.67749233951,1.334704229756284
221,0.46153846153846156,0.32194046536631815,70089.34185633504,1.5708000152086277
221,0.39819004524886875,0.1284749131795016,29623.156495109455,1.2187351361096432
221,0.4751131221719457,0.3561867333903622,75571.82508996132,1.6340632681271376
221,0.3891402714932127,0.09605806120130368,19955.334425074398,1.1431784477307663
221,0.4253393665158371,0.2000634149864299,45442.000993898044,1.3502129232240665
221,0.4479638009049774,0.2796475177583031,60974.568977664014,1.4873877214882019
221,0.4343891402714932,0.24838778034660403,54934.109317710245,1.4345534713719723
221,0.39819004524886875,0.1310928811588851,26647.509294040778,1.1947415963236954
221,0.38461538461538464,0.09212661021753492,19125.281716976548,1.137470371249653
221,0.3936651583710407,0.11248665253440474,25908.6391309514,1.1887306368701729
221,0.42081447963800905,0.19944308097447178,42175.873239909044,1.3213620057811581
221,0.4841628959276018,0.38642429545713297,81971.57748354849,1.6954771703075193
221,0.3393665158371041,-0.038466271596004166,-8536.825118977024,0.9427532246836784
221,0.35294117647058826,-0.004028869357575781,-91.95342440171862,0.9993727033690543
221,0.40271493212669685,0.1465109465677882,32202.951296474126,1.2374912806483076
221,0.3891402714932127,0.10523176313524223,23220.852577191417,1.167901754183697
221,0.3936651583710407,0.12004515159795572,23856.67779480556,1.1724491274537456
221,0.4479638009049774,0.28301756558859026,60314.68069274182,1.47996433868256
221,0.38461538461538464,0.09042981825016431,20176.160546052684,1.143898775911682
221,0.4072398190045249,0.16213368636934034,36019.26074434815,1.269073801599903
221,0.4796380090497738,0.37531297443808903,81472.93167332197,1.6877345761523292
221,0.42081447963800905,0.20051586379452963,42831.19326975207,1.325337048729718
221,0.47058823529411764,0.34795654965490685,75989.59919291364,1.6316640498496213
221,0.4072398190045249,0.1573115986259858,34392.6107121151,1.2577341999230325
221,0.3755656108597285,0.06575835720674891,13778.69328356192,1.097248240778942
221,0.4253393665158371,0.21246209233487087,47872.8175573807,1.366416377087254
221,0.47058823529411764,0.33601022699312644,72654.86666339543,1.6020483902270422
221,0.45248868778280543,0.29341340118315073,63702.107512667455,1.5159134175934172
221,0.4253393665158371,0.21650078827451136,46707.21922935167,1.360023800022114
221,0.38009049773755654,0.07033961681401231,14259.996604023847,1.1009596889973552
221,0.3574660633484163,0.014891147398566283,3971.65612150752,1.027438467293642
221,0.4072398190045249,0.16037158727696513,35289.86400408391,1.263075234210153
221,0.43891402714932126,0.2526263606588322,53769.44958215112,1.4218277415708906
221,0.416289592760181,0.18702965497658608,41216.84371852018,1.3114181351122716
221,0.4343891402714932,0.24053347695880195,52109.426910984505,1.4049578172878914
221,0.39819004524886875,0.13731755230656612,25823.401093442826,1.1888137892341941
221,0.416289592760181,0.17795515815762208,38930.246067502914,1.2925423709707766
221,0.3665158371040724,0.039386661582455185,7016.664272933325,1.048717759659041
221,0.38009049773755654,0.07264305867572672,15055.564075199325,1.1064930408428069
221,0.4253393665158371,0.19943430551521227,44586.61228265168,1.3423365920339188
221,0.416289592760181,0.18575513807364272,40463.52189475323,1.3054028424464799
221,0.45248868778280543,0.29537250076471205,61822.92763717037,1.4951877896704469
221,0.4253393665158371,0.21344843850909279,45473.54335597134,1.3478405991255828
221,0.3574660633484163,-1.8969951607868826e-05,1145.14704010264,1.0079174034365548
221,0.39819004524886875,0.13002588341855092,27514.43971575545,1.2018560351809358
221,0.45248868778280543,0.2877112489154731,60386.68092210434,1.4826060207951504
221,0.4434389140271493,0.2706061206207706,57536.203901312736,1.457247213210255
221,0.46153846153846156,0.31771566968127785,66571.71405020688,1.5417163076606788
221,0.4253393665158371,0.2172435669931043,47919.6433650451,1.3708083593270894
221,0.4072398190045249,0.14938821926090667,32400.174927648644,1.2405184208883322
221,0.416289592760181,0.19000849676187484,41466.88291979703,1.3144421181839194
221,0.39819004524886875,0.1398887821742436,29628.68956030414,1.2184875781809485
221,0.4751131221719457,0.36220965848746267,79432.08361636198,1.6680995541030508
221,0.3755656108597285,0.06378721800914397,12546.322463638451,1.0883071833390876
221,0.38461538461538464,0.09418142995577423,19874.268920605584,1.1422304771463407
221,0.4796380090497738,0.3707533259679949,77889.71134259221,1.6553742403200733
221,0.42081447963800905,0.19981253842181443,42194.19414258105,1.3195740229829247
221,0.3574660633484163,0.010380066520392176,1566.3070776634079,1.0107200856889504
221,0.40271493212669685,0.14315161907086676,31786.760974906523,1.2363822796180024
221,0.43891402714932126,0.24801570424876773,52885.34487076099,1.4140190194295952
221,0.4253393665158371,0.22011721680659121,48122.02682491637,1.3748717256399843
221,0.4751131221719457,0.3614770661915638,78326.72185374703,1.657059746153081
221,0.4343891402714932,0.2409611211452219,52242.35574886916,1.4067935671884813
221,0.45248868778280543,0.29508778991344164,62974.605726201975,1.5107044347942762
221,0.3891402714932127,0.10685650047385134,23799.42851130357,1.1724948902324486
221,0.3936651583710407,0.12526044422443536,26922.817475848125,1.198047761048784
221,0.497737556561086,0.43187396095823244,93316.96193953694,1.8203624807382008
221,0.4298642533936652,0.22074249928086667,47897.43999920861,1.3688522487198427
221,0.4343891402714932,0.23774186016889234,51115.973251810574,1.396790978185506
221,0.4117647058823529,0.17225568655389784,37000.03580317375,1.2768226128957694
221,0.3936651583710407,0.11956041127261768,25424.059262951207,1.183885961591862
221,0.416289592760181,0.17273555543122548,36610.05534132512,1.276227107541721
221,0.45701357466063347,0.30751600899158077,67385.54542431107,1.5483920052519689
221,0.4751131221719457,0.3625940098213919,76051.02100845294,1.636798461286546
221,0.4434389140271493,0.26023831482976206,55820.68804667061,1.4414319949731542
221,0.4298642533936652,0.2300707872474538,50224.912303772646,1.3894610868368822
221,0.38009049773755654,0.0775496611835782,18271.138000769297,1.1299610207412873
221,0.43891402714932126,0.23901441358812067,52024.367711074214,1.4084108053032318
221,0.4253393665158371,0.2106777282192304,44646.79335032133,1.341919279027754
221,0.4072398190045249,0.16755869113986482,37954.90346277169,1.2860130359073234
221,0.38461538461538464,0.09600146056524915,21052.07375669026,1.1515824989542283
221,0.3891402714932127,0.10625064796782434,24730.528126434103,1.1799037093409535
221,0.40271493212669685,0.1427986994456496,31253.897327799335,1.2324083318608203
221,0.38461538461538464,0.09415971877918679,21383.96540957364,1.1534547953957368
221,0.3936651583710407,0.11885483914639447,25891.73917992765,1.1877440983540353
221,0.3755656108597285,0.06390865852101181,14368.065255083155,1.1015831039379345
221,0.43891402714932126,0.25448408082376084,54756.52780226727,1.4292338491923193
221,0.4343891402714932,0.24023813321581042,51731.3257617891,1.4085955104992358
221,0.37104072398190047,0.04990553986999894,12667.156488568999,1.0887778753396629
221,0.4434389140271493,0.2658146747370277,57755.44770219517,1.4580852832874003
221,0.3755656108597285,0.06388127510286977,13956.552023344331,1.098343152073771
221,0.38009049773755654,0.07715833133927652,16301.52190278811,1.117049123898728
221,0.38461538461538464,0.09387302377349861,20152.362046425136,1.1452131281270301
221,0.40271493212669685,0.13797966571976042,30223.955633994137,1.2227666461929068
221,0.45701357466063347,0.3116271802226185,66047.07002960803,1.535766710174138
221,0.4072398190045249,0.1606408253313103,35280.15413042898,1.262699931738384
221,0.39819004524886875,0.1281072093037451,26971.584720066312,1.1968262841303539
221,0.416289592760181,0.18420275239072414,40128.41735794599,1.3023794460430298
221,0.497737556561086,0.42954167316096026,92050.86107256447,1.8055060879930775
221,0.38461538461538464,0.09227604646160516,20030.179249473993,1.1428169091821956
221,0.4343891402714932,0.2408719584973592,52071.71496974016,1.4062870042676803
221,0.3936651583710407,0.11750940713905511,25677.937234276633,1.1857098852347288
221,0.38461538461538464,0.09017589393972864,19784.08659607613,1.1427658807374967
221,0.45701357466063347,0.3029335109616775,64099.039613064124,1.5206725619052905
221,0.3891402714932127,0.10037881360522555,22875.48346064393,1.1646312807494523
221,0.4479638009049774,0.28300737595354347,61044.635994436525,1.487786138612194
221,0.36199095022624433,0.02428699251685235,5918.530633349614,1.040865610087565
221,0.38461538461538464,0.09149176354258773,20212.05350348335,1.1444172625375657
221,0.416289592760181,0.1853404561868266,40986.36688336971,1.3090912327370043
221,0.45248868778280543,0.29384380954561445,63237.81034545181,1.5079371295545374
221,0.43891402714932126,0.25743647141658077,56034.66780567227,1.4424812798457836
221,0.3891402714932127,0.1059283392769742,22356.645252716364,1.1605620963148382
221,0.3755656108597285,0.054834194299783506,12163.877147522062,1.085585168509146
221,0.4479638009049774,0.28177760417621944,61926.40107027886,1.4954741299869971
221,0.416289592760181,0.18302406560017098,40175.650190948545,1.303663076562917
221,0.3936651583710407,0.10859607437565362,24520.232347390614,1.1788683831008289
221,0.3755656108597285,0.05773065685764022,12233.07676821125,1.0860016710005131
221,0.4072398190045249,0.16362857918837806,36399.47988406709,1.273088623537654
221,0.416289592760181,0.19249071975975401,41955.756998432626,1.3203498116241514
221,0.4479638009049774,0.28633874435237866,62807.60486588864,1.5086189897155509
221,0.4072398190045249,0.1667562345257948,38424.70913778691,1.2905557122737963
221,0.42081447963800905,0.20052267285156936,42588.38365313515,1.3235752931453284
221,0.46153846153846156,0.32257350795518136,69552.52665310961,1.569608579539132
221,0.3665158371040724,0.036850847519590876,9102.430100656948,1.0634209163240662
221,0.4072398190045249,0.1515108910948981,32857.28419277492,1.2442332126274842
221,0.37104072398190047,0.05124572660883829,10044.55203227017,1.0700351487271753
221,0.497737556561086,0.43066076419959565,92537.79680956427,1.8095795873244165
221,0.45701357466063347,0.3060226580399179,65795.63186926534,1.5325500583185212
221,0.36199095022624433,0.02505060688527987,7421.790979236219,1.0515623930573736
221,0.4117647058823529,0.1709392247185839,36620.33922613504,1.2742894628998411
221,0.39819004524886875,0.1309442792368363,28697.421328144545,1.2116612589072475
221,0.4298642533936652,0.2245788695104098,49640.59528046683,1.3842383134155851
221,0.3665158371040724,0.03850709089870944,9137.268926737857,1.0637640983174523
221,0.36199095022624433,0.03325378067406115,9066.608411419656,1.063782123496571
221,0.4117647058823529,0.1714650965045187,38339.12192501796,1.2861180954304294
221,0.4117647058823529,0.16686610814536212,37146.73518484381,1.2794392204318814
221,0.4660633484162896,0.32539290552735406,70200.33273467334,1.5777034362166475
221,0.4479638009049774,0.2793503262846116,60409.093694661955,1.4838101453490469
221,0.37104072398190047,0.050035558939511504,11165.92186147522,1.078388573198218
221,0.4298642533936652,0.22652216304268877,48126.1754169471,1.3700542574481904
221,0.3755656108597285,0.06474641075288955,15758.207297596065,1.1114013550934325
221,0.38461538461538464,0.09438682028709983,19347.263760729824,1.138589715622539
221,0.3936651583710407,0.11224529788791487,24826.73072539865,1.1799403637680173
221,0.4434389140271493,0.26313028440318353,55869.8316103571,1.4422118074185186
221,0.45701357466063347,0.3117232435896243,66933.82396135629,1.5429492797529067
221,0.4072398190045249,0.15801839236028825,34403.271698723824,1.2558952303889674
221,0.416289592760181,0.18894279547241657,40213.50134521367,1.3033667188261937
221,0.39819004524886875,0.13266301778212491,29120.03251395242,1.2129359000680449
221,0.40271493212669685,0.13429857780108836,30482.489303502793,1.2244469249665686
221,0.4434389140271493,0.27135880223655856,59009.07354691897,1.4692661222969379
221,0.416289592760181,0.18070442185985788,39474.59526700056,1.2994304867252988
221,0.416289592760181,0.1865746846497343,38719.16929052245,1.2915147030541363
221,0.3665158371040724,0.03630773186478037,7194.825120315454,1.049831993791594
221,0.4072398190045249,0.1601805531451123,36659.643485252,1.2741746894186194
221,0.40271493212669685,0.13807015549071724,30504.697622524658,1.2252127625325258
221,0.416289592760181,0.19031825851950873,42923.18808945466,1.3264091899324424
221,0.38009049773755654,0.06799203589340244,17404.806313026897,1.1245381906766219
221,0.4072398190045249,0.16720316779466315,37850.437302391016,1.286073183188882
221,0.4343891402714932,0.23494846528775937,50132.24687795558,1.3947437920892414
221,0.45248868778280543,0.2943657551287916,62494.17304224654,1.4997131810386806
221,0.4479638009049774,0.27456628849971143,59205.74259648285,1.4715031587380205
221,0.3936651583710407,0.11034887314788284,23550.30767172959,1.1703574993540966
221,0.3936651583710407,0.1188103380795989,25758.72636894565,1.1864260626923502
221,0.42081447963800905,0.19893305235536515,42660.59720629627,1.3253447211153087
221,0.3936651583710407,0.11788123035641652,25673.154811030436,1.186148283826489
221,0.46153846153846156,0.31672848645749885,66659.60650380346,1.5459024218638366
221,0.38461538461538464,0.08986919318116843,19154.550400811157,1.137653624080804
221,0.3936651583710407,0.12151115761782257,26825.717192454696,1.1949482897882278
221,0.3936651583710407,0.11169560090173263,25976.81114277914,1.1900656964286316
221,0.39819004524886875,0.1231079370216519,26711.777668214898,1.1960998229695208
221,0.4072398190045249,0.14567464589198337,32159.88824001256,1.2396454305723177
221,0.416289592760181,0.189668418602103,40168.913581892644,1.304500213044912
221,0.36199095022624433,0.017002131262348938,5550.025988797084,1.0384769785656418
221,0.42081447963800905,0.2002073245463067,43226.564892722345,1.3289324663948394
221,0.39819004524886875,0.13169072408613328,28883.042568349072,1.2108104975903873
221,0.40271493212669685,0.14696601601762738,32363.69765322172,1.240344704275099
221,0.40271493212669685,0.1439965638612061,31166.015265587695,1.229606282582581
221,0.4343891402714932,0.2307694133286089,49855.02797856303,1.3874197284607355
221,0.40271493212669685,0.13965375523209803,31539.409028155693,1.2325166984999911
221,0.40271493212669685,0.14018432887713508,29585.14817334251,1.2184294424938358
221,0.416289592760181,0.18789905668019002,39673.00076566589,1.3012125195890372
221,0.3755656108597285,0.05968846375714623,13171.247738699596,1.0934023135314863
221,0.4117647058823529,0.16751984193481081,36415.50838875237,1.2734502859978098
221,0.39819004524886875,0.1285390184145033,27577.907356895405,1.2034882713645412
221,0.3891402714932127,0.10482868806615003,19765.42683688141,1.1415208861436137
221,0.4117647058823529,0.1709916156257705,39011.848634426904,1.2923222279940736
221,0.42081447963800905,0.20092629261195807,45277.68110404345,1.3472191416352428
221,0.4343891402714932,0.23091246147071398,49614.68249972162,1.3857140084378212
221,0.43891402714932126,0.2568388901610748,56009.531495526004,1.4416174471582117
221,0.3891402714932127,0.09765105849008886,21198.277849381,1.1522262295934353
221,0.4253393665158371,0.20584139116574066,45049.44620950464,1.3451208571965416
221,0.36199095022624433,0.029745920285294596,7094.427995562573,1.0492179411558407
221,0.4343891402714932,0.2331823922961357,51448.00479317976,1.4043640788376464
221,0.38461538461538464,0.08223538830661474,17731.286003929796,1.1266990992880028
221,0.3755656108597285,0.06506180115183881,13613.444058646035,1.0957105728044632
221,0.39819004524886875,0.12452354262209421,28790.89953447028,1.2121139304645903
221,0.38461538461538464,0.09271011931559152,21747.33473561939,1.1561911869637558
221,0.3574660633484163,-0.0005291221412171481,-759.9176550318407,0.9947819989652894
221,0.4298642533936652,0.2177893660229691,46706.82405689311,1.3596347409056793
221,0.3936651583710407,0.11824730500251043,26316.917549146576,1.1916864948354253
221,0.4479638009049774,0.2798904044803593,61239.88337792882,1.4945329065857533
221,0.42081447963800905,0.19909228472593285,42867.48215124556,1.3283082793121979
221,0.3167420814479638,-0.11771866974036993,-25134.44891665824,0.8387572143605343
221,0.45248868778280543,0.2901606814096438,62450.924204553216,1.5033760599427128
221,0.39819004524886875,0.13224655986618983,28506.189638790034,1.2086932365014265
221,0.4253393665158371,0.2184060064278607,47410.0116934179,1.3689002832802162
221,0.39819004524886875,0.11924253692393105,26564.04669573107,1.1950890262157734
221,0.3665158371040724,0.02767196452493154,7257.461301751566,1.0507228666103774
221,0.3891402714932127,0.10741257032471711,24631.715608403993,1.1787563924541695
221,0.38009049773755654,0.08270162012548894,17481.324675661443,1.1253467526554533
221,0.42081447963800905,0.2000725815522598,42939.61956405877,1.3251505958450074
221,0.43891402714932126,0.24527776365593584,52122.589740421594,1.407770441155542
221,0.3438914027149321,-0.02541976060894928,-5210.318043761974,0.9647482412768448
221,0.38461538461538464,0.08787094466745793,19460.753851298155,1.1403813814979986
221,0.43891402714932126,0.2531904596444507,55086.45500103147,1.4314856346634588
221,0.3438914027149321,-0.03323547346728731,-7091.9087558590845,0.9524455742568014
221,0.4298642533936652,0.224322981594018,47882.34388184469,1.3723251400933603
221,0.43891402714932126,0.25470137593909314,54587.40773728842,1.4280776371471675
221,0.4298642533936652,0.2218365483496934,47995.98247209022,1.3705626151920245
221,0.4117647058823529,0.17172563589552234,35581.869258820116,1.2677629574759464
221,0.40271493212669685,0.13884192832573564,29842.553659663892,1.2192337986863153
221,0.43891402714932126,0.2527685366927547,54915.71877723155,1.4302793407081635
221,0.39819004524886875,0.12782713588100886,29039.64842832411,1.2142577094511817
221,0.42081447963800905,0.19870312471547974,42383.99222572081,1.320554771597921
221,0.4434389140271493,0.26899994403505956,57205.57024933492,1.4524653278063309
221,0.3936651583710407,0.11917831620883308,25857.263772984425,1.1879506466031684
221,0.3936651583710407,0.12202430653012909,26150.889067094948,1.190158363122768
221,0.42081447963800905,0.20076235919012753,43136.62178420354,1.3288470473319698
221,0.42081447963800905,0.1993384735351363,44072.21430632282,1.3375535014218491
221,0.3438914027149321,-0.03112542580001638,-7740.9765600357805,0.9475950378101692
221,0.4479638009049774,0.28283710893193553,60931.527656160746,1.4856976573366194
221,0.4479638009049774,0.28281219890236514,61662.39032328447,1.4925473518443346
221,0.4117647058823529,0.16944897591053554,38026.30228499614,1.287723028878342
221,0.38009049773755654,0.06704272403064788,12279.96955471649,1.0867211753944368
221,0.4841628959276018,0.37893831084148244,81737.483227002,1.7026331036433706
221,0.4298642533936652,0.2256933300177781,47118.55585465519,1.3667299431324584
221,0.4434389140271493,0.27135359278466076,59661.546687042355,1.4749129956740799
221,0.43891402714932126,0.25343991389551335,53975.06925720798,1.4229100366053642
221,0.3936651583710407,0.11981575089301628,25638.703238537404,1.185765734250802
221,0.416289592760181,0.18699320359340982,41036.69667683213,1.3117491632568492
221,0.4072398190045249,0.1595164834184031,34908.85577076839,1.258961944209795
221,0.416289592760181,0.19352050814654012,41962.26660520679,1.3205067008407951
221,0.4298642533936652,0.22527152532860253,47618.93807753068,1.3653139028547738
221,0.4841628959276018,0.3845055151009791,83120.90300044074,1.7103351592562301
221,0.45248868778280543,0.29628397886101615,64516.557475940994,1.519579070123878
221,0.39819004524886875,0.1222208364699044,25953.25381349967,1.1920364512056085
221,0.39819004524886875,0.10959905917885673,24938.065897360117,1.1821533274037128
221,0.3891402714932127,0.09797076626822047,21059.833587113808,1.1515305130306044
221,0.42081447963800905,0.2002044196170717,44010.10150043643,1.333737290188551
221,0.45248868778280543,0.28593948271433384,62849.156996030026,1.5105393273402226
221,0.3665158371040724,0.037370763003592045,8825.952295653045,1.0613792741922594
221,0.3936651583710407,0.11554609615261142,24757.900122211096,1.1798907594479349
221,0.4298642533936652,0.22668206502033575,49951.862696626784,1.387295893051006
221,0.38009049773755654,0.08126604733906792,17173.386701655443,1.1224523798911257
221,0.47058823529411764,0.34300020099467554,74359.70197783023,1.619521241406907
221,0.39819004524886875,0.12880098531653128,27731.121026637273,1.2032200470964196
221,0.4253393665158371,0.2141738955612027,46337.16945504563,1.3553802076120047
221,0.4072398190045249,0.15748418576019485,33439.54994263388,1.2489452250344635
221,0.3891402714932127,0.10038895570287909,21237.918822796106,1.1536839210743908
221,0.4072398190045249,0.16088455620425016,34630.4711122226,1.2582953075116436
221,0.40271493212669685,0.15064743558781668,31582.27218529408,1.232994054674149
221,0.3936651583710407,0.11749598382354991,24715.68202769564,1.1786070325410476
221,0.37104072398190047,0.04659832227947946,10319.8747030562,1.072500172667551
221,0.42081447963800905,0.20073292222918973,44098.59685354465,1.3356089041226953
221,0.3755656108597285,0.061148326708311565,13215.841550120187,1.093004526416854
221,0.4343891402714932,0.24184623204424602,52198.55026486164,1.4059267966784825
221,0.4343891402714932,0.2327387911842449,51103.94082335021,1.3988755741577361
221,0.38461538461538464,0.0923251157618229,21476.199310835163,1.1542017007452727
221,0.42081447963800905,0.203744438727504,43741.017334542514,1.3334704163573772
221,0.43891402714932126,0.2405250024501455,51526.276662885124,1.405256487290813
221,0.3574660633484163,0.009909382533798038,2487.967720832483,1.0171095300507027
221,0.34841628959276016,-0.025543726553208905,-4996.081934638405,0.9662333115471299
221,0.3936651583710407,0.11889955696455723,26003.407475677952,1.1891810712500612
221,0.38009049773755654,0.07513044217911717,16118.398128152752,1.1152777063851056
221,0.39819004524886875,0.10942346333592727,24326.471820183677,1.1782495619491236
221,0.4343891402714932,0.23958060444832333,51753.25049697124,1.4014571277377603
221,0.3936651583710407,0.11837723091511006,25831.528223383328,1.1877408856766476
221,0.38009049773755654,0.07432494566533426,16233.089790496853,1.1152319466847824
221,0.38009049773755654,0.07739320244395281,18039.588510335347,1.128248279233437
221,0.39819004524886875,0.13202336207070514,28266.624334294596,1.2064802300065487
221,0.45701357466063347,0.30483928597623233,66262.45442662071,1.537134854744158
221,0.416289592760181,0.19323013096375757,41661.27000667704,1.3185542942544923
221,0.43891402714932126,0.24989986252430596,52587.156581426374,1.4111576870829357
221,0.3755656108597285,0.06015436772699512,13904.903808920068,1.0983040962334851
221,0.43891402714932126,0.2510946966814082,55346.327701985516,1.4368784052480914
221,0.4343891402714932,0.23702837686053296,51096.18145844305,1.396189403251876
221,0.4298642533936652,0.22077035103411152,47039.083764861396,1.363634616798996
221,0.42081447963800905,0.18452501897206722,42146.892283594665,1.3220158602289442
221,0.40271493212669685,0.1417143300418635,31628.0449475204,1.234568673023631
221,0.3936651583710407,0.11883839437320956,25734.227589469992,1.1865355863004992
221,0.4117647058823529,0.1728332018493678,35067.229960301775,1.2613813869584596
221,0.3936651583710407,0.11911603928455763,27136.708766526644,1.1976018949222162
221,0.46153846153846156,0.3214892025155956,70012.34061702204,1.5717027738093636
221,0.45701357466063347,0.30942614614657177,63674.121422758966,1.513955915215801
221,0.4072398190045249,0.16391904921575368,35093.837180265255,1.2627058841882364
221,0.4253393665158371,0.21436288499195372,47673.15139158235,1.367442868272198
221,0.38461538461538464,0.09097733338155403,21425.559084313107,1.154083618738122
221,0.4434389140271493,0.2669074187045393,57443.67752568321,1.4544775002025232
221,0.33031674208144796,-0.06659006347025995,-12602.016322000389,0.9166075631127393
221,0.43891402714932126,0.25225656889406417,55111.926739912975,1.4315666523287174
221,0.3393665158371041,-0.043730293204759525,-8213.410138977566,0.9450739754181735
221,0.4660633484162896,0.33075886451311504,71126.50577375293,1.584358895873661
221,0.45701357466063347,0.3017151219880295,66644.19959601857,1.5442057213841995
221,0.33031674208144796,-0.07119169662936105,-14689.68716676685,0.9036869955458852
221,0.4072398190045249,0.16042331530400047,34349.49599419598,1.2562584648431425
221,0.36199095022624433,0.015851303367866484,3870.6954731925543,1.026740924114679
221,0.4253393665158371,0.2125962040749979,44553.61370297243,1.340989920260644
221,0.38461538461538464,0.09085276942980378,19228.422299857222,1.1373710468274276
221,0.42081447963800905,0.19767386474163673,40881.08107942411,1.3102055165937565
221,0.4117647058823529,0.17606548261717295,38029.92708098375,1.2869648112909895
221,0.3891402714932127,0.10755422376073945,23632.262721051407,1.1703698858297857
221,0.4298642533936652,0.22890268921899348,48153.58602588575,1.3715194512456337
221,0.4434389140271493,0.2676962339711392,57618.020039883755,1.4563240859850817
221,0.3936651583710407,0.1182994756730087,25517.807924413435,1.1846187885953892
221,0.39819004524886875,0.1334395943704848,29305.780974049005,1.2144101792794506
221,0.416289592760181,0.18541329837445494,41550.12252355946,1.315096221730675
221,0.4253393665158371,0.21418818424230432,45633.37136561418,1.350128920701961
221,0.4479638009049774,0.27966027523469084,59219.50353100845,1.4724327696241766
221,0.3891402714932127,0.09766452110319594,20570.1315123138,1.1480535762954391
221,0.43891402714932126,0.2548007131709753,54302.16040885047,1.4250775560997804
221,0.4117647058823529,0.1671982782440748,35079.44375943978,1.2617441832364924
221,0.40271493212669685,0.13264853927155895,28887.089321131443,1.2123971782111091
221,0.3936651583710407,0.11658169180171034,25242.330518117742,1.1832620092391044
221,0.4343891402714932,0.24667930341769959,52646.00227078693,1.412925238394102
221,0.416289592760181,0.18573677039939027,39109.38189712464,1.2942447509638806
221,0.4343891402714932,0.2400703446606237,51370.232977960375,1.3992038925791837
221,0.416289592760181,0.17552559579021998,36815.94166804441,1.2766314827309704
221,0.37104072398190047,0.0534383330417702,12131.124579760777,1.0853543371250618
221,0.4479638009049774,0.2865409848403721,61595.8135251193,1.4944251191004674
221,0.39819004524886875,0.13149585446684586,27820.562075945712,1.2026857137333395
221,0.4253393665158371,0.21211066498010134,46176.05320501572,1.3542631516854609
221,0.3755656108597285,0.0566497393268848,11023.901396899935,1.0775048878011253
221,0.3891402714932127,0.09786379202288843,20490.96132801237,1.1467739674753339
221,0.4072398190045249,0.1476733523701585,31904.016915654895,1.2377473585400627
221,0.4072398190045249,0.1602633313069327,34684.513903799394,1.2570300284597162
221,0.40271493212669685,0.1376637907306644,30248.967191632215,1.2232101085735982
221,0.4434389140271493,0.26486224133101516,57402.4350675749,1.4558350371608413
221,0.38461538461538464,0.09509950502544373,19777.248981142515,1.1421518661018009
221,0.39819004524886875,0.11725351878920706,25912.210722319556,1.1898177370614917
221,0.4751131221719457,0.34570647059584425,75318.02000775302,1.6325282223518807
221,0.40271493212669685,0.15126722168747034,31919.159690323326,1.2362770765949525
221,0.4117647058823529,0.17252732558347375,37251.34301542101,1.2781783149454433
221,0.416289592760181,0.1824089931794685,38476.9236733999,1.2907262548969394
221,0.4253393665158371,0.20464152732602853,43485.42349341008,1.3315538098721282
221,0.3665158371040724,0.04204146589733778,10577.31990087958,1.0742563296514085
221,0.38461538461538464,0.09560469003348396,20974.371895078228,1.1506570801624123
221,0.4479638009049774,0.2814413145859901,60252.214773310625,1.4813446201435994
221,0.45248868778280543,0.2966774312787004,63208.47577273408,1.5092309103960113
221,0.4660633484162896,0.33549792984426946,71202.81409941065,1.587128566869226
221,0.45701357466063347,0.30080554014668126,65049.48699623235,1.5276682102409749
221,0.4479638009049774,0.2573222675865425,55598.547841541935,1.4429917210187388
221,0.3936651583710407,0.12543126624092749,27558.03397776238,1.2024933386037384
221,0.38461538461538464,0.09691252981171393,22225.930081237057,1.16083082871956
221,0.3257918552036199,-0.08867097029918604,-18018.721594807943,0.8819065055474679
221,0.416289592760181,0.18836754021754296,40136.62802200634,1.3012467511838806
221,0.3936651583710407,0.1194708477029979,25129.197940448834,1.182300292103575
221,0.3393665158371041,-0.04173593089918483,-7997.772609779705,0.9462743412037261
221,0.4343891402714932,0.23729968979176302,50672.05815848899,1.394251871174588
221,0.3891402714932127,0.1020054312980243,22777.02017660303,1.1641638892371409
221,0.39819004524886875,0.13150027380158893,27200.592726674262,1.1991298270463258
221,0.4117647058823529,0.17239452556637927,37808.616163247985,1.283439041130521
221,0.4072398190045249,0.15958022699844437,34238.00304520725,1.2541704696460396
221,0.4343891402714932,0.2396650163695853,49327.84767027986,1.3839067622431098
221,0.4253393665158371,0.20821412284150106,45244.67393535598,1.3469310972451163
221,0.3936651583710407,0.11737146936712238,24725.9128433718,1.178440828211256
221,0.34841628959276016,-0.014414493606565642,-2097.9805057965714,0.9857569763245407
221,0.40271493212669685,0.13797101208029702,28065.418357421782,1.2055458760820876
221,0.39819004524886875,0.12633125839322007,27406.690067194933,1.201562054169674
221,0.37104072398190047,0.06276326351797158,14339.914273209617,1.1022531340786756
221,0.49321266968325794,0.4089038757144531,88263.98789593263,1.7663749652413212
221,0.4117647058823529,0.18052958307319236,40353.81963702708,1.3079119638192072
221,0.43891402714932126,0.2582444545220534,54978.95253341707,1.4335835960674064
221,0.42081447963800905,0.19916882391503335,43877.411375953336,1.33420762530965
221,0.38461538461538464,0.09266395059671952,21948.38863379788,1.1581533028013373
221,0.4434389140271493,0.2672948231969389,58158.55918934181,1.461187106602751
221,0.5113122171945701,0.47019778559417585,100480.34925669446,1.9065121239697842
221,0.35294117647058826,-0.004295499951145467,842.6226264595571,1.0057503575146
221,0.4343891402714932,0.23612045525061434,50286.61331832355,1.3897669629054854
221,0.45701357466063347,0.3133330801622717,67668.04374152412,1.5540131067022205
221,0.4253393665158371,0.20320529998600012,44092.02099053511,1.3399032205547465
221,0.3393665158371041,-0.04432256329975724,-8681.413374040229,0.9420535360073466
221,0.46153846153846156,0.32021620928787137,69509.9794518897,1.574909258909785
221,0.39819004524886875,0.13122718078149323,29674.43053595721,1.2172106503295395
221,0.416289592760181,0.17462296660301221,38279.115767023315,1.2895971936904378
221,0.4117647058823529,0.17220986963319013,37157.739908579504,1.2778145756593617
221,0.4841628959276018,0.3899070456616285,84617.61644814063,1.7230262773145646
221,0.4479638009049774,0.27295403110105854,59887.8140142018,1.4778399475138715
221,0.4072398190045249,0.15179854537145082,32391.08161246764,1.2394250692068318
221,0.3936651583710407,0.12150532643125689,26649.37436835657,1.1943437679864866
221,0.416289592760181,0.18078406553104762,38707.14410655455,1.2923685297272192
221,0.4117647058823529,0.1665318000729586,38277.45085084003,1.290332402565336
221,0.3891402714932127,0.104468044048321,21881.306920789426,1.15696958498377
221,0.46153846153846156,0.32258300445687343,68569.72550196809,1.561165604431389
221,0.3891402714932127,0.0997351918826794,20025.905917313594,1.1441313197491407
221,0.3891402714932127,0.10377109902077876,23760.633057960455,1.1733451291247272
221,0.4072398190045249,0.15401301809409537,34388.81289891192,1.2558719061913353
221,0.3665158371040724,0.02411598560613696,5505.689753668945,1.038406054541424
221,0.3936651583710407,0.11937522317464744,25945.935394734912,1.1886177901457002
221,0.416289592760181,0.1817620636948616,38222.58083368421,1.288549079716037
221,0.3257918552036199,-0.08601682625001755,-17951.21691566577,0.8829894278830698
221,0.4298642533936652,0.2273024272940473,50611.0196892356,1.3917985113797118
221,0.4117647058823529,0.16464580198312798,35357.882803778746,1.2639277565265141
221,0.40271493212669685,0.1385064923796625,29911.318601705945,1.220211337746844
221,0.3665158371040724,0.033717767772913944,7535.123297061116,1.0523456386771248
221,0.4298642533936652,0.22250079073598467,47670.755349314495,1.3685695938532254
221,0.42081447963800905,0.19553442447573055,42691.360506961435,1.3263661475868103
221,0.40271493212669685,0.15278976087433901,33408.73808772925,1.2494392324608772
221,0.4253393665158371,0.21601203079372996,46954.344412530336,1.3604193449464157
221,0.40271493212669685,0.13749111698389935,30170.519281474357,1.2218501128507588
221,0.3936651583710407,0.11713622111183775,25144.43945395325,1.1819842362837556
221,0.4796380090497738,0.3722212351357809,80801.83721357802,1.6836796717766016
221,0.48868778280542985,0.4035565338335534,86246.79981054045,1.7412158947176386
221,0.40271493212669685,0.14809295452298896,33055.820004547764,1.2447864249559686
221,0.38009049773755654,0.07863128371137597,16004.969907023355,1.1142835716678352
221,0.4117647058823529,0.1722104793410908,37648.53667504551,1.2808389129176583
221,0.37104072398190047,0.0506970665771543,12704.214909708302,1.0894370578625387
221,0.4117647058823529,0.17356614390617667,37691.13797868232,1.2833448390453568
221,0.4117647058823529,0.16268352426466318,35002.485169323,1.2621997905556088
221,0.48868778280542985,0.38688288271825877,82490.46113231721,1.7095542421949788
221,0.4117647058823529,0.16380424814503836,36241.62014394466,1.2719719260952027
221,0.4117647058823529,0.17279584410128834,37000.098983975004,1.2758092127318907
221,0.43891402714932126,0.2487973409441171,54464.71205174406,1.4317296530402859
221,0.4072398190045249,0.16039595268543347,34542.77737050391,1.2565098728280808
221,0.4117647058823529,0.17286223075079604,36684.76315460091,1.2735475040789814
221,0.34841628959276016,-0.017511187203999773,-4140.725137357078,0.9721274255127353
221,0.3891402714932127,0.10385382269630411,21871.41814033133,1.1567349156399478
221,0.3438914027149321,-0.02770430791589736,-7453.234336717645,0.9499061098318092
221,0.3755656108597285,0.05647468768702765,13028.190863636877,1.0917649139413212
221,0.47058823529411764,0.3445421100421429,73219.58313772797,1.6118194361214164
221,0.4479638009049774,0.27257759001031007,60795.47807973444,1.4881057268593565
221,0.45701357466063347,0.2967769335746663,64964.792287667835,1.5282784454504468
221,0.42081447963800905,0.19431305275962388,42712.49125056982,1.325887045446323
221,0.3936651583710407,0.12011991878452155,26460.805803572915,1.1921542739465516
221,0.47058823529411764,0.33122595272671934,71616.24551703894,1.5973042011248282
221,0.4253393665158371,0.21311900738306766,45603.49885715284,1.3487797677655542
221,0.3574660633484163,0.00042651193703548964,-676.685264469616,0.9953889651651319
221,0.39819004524886875,0.13168595309657496,27992.481394765186,1.20532895191801
221,0.3936651583710407,0.11859860660065333,26216.92618291273,1.1918537731563
221,0.38461538461538464,0.09096526823964766,20385.029708749975,1.1461525319657477
221,0.45701357466063347,0.3113419006635016,67673.89829561336,1.5532670674389824
221,0.4479638009049774,0.28020735932919183,60514.0310770916,1.4819753611606978
221,0.4434389140271493,0.2633313973725866,57517.7089061737,1.4536612591343527
221,0.4841628959276018,0.39490121809299833,84576.97551267213,1.7257843554176473
221,0.43891402714932126,0.2474183786899194,51379.23916186676,1.4008260457445683
221,0.37104072398190047,0.05361127775121548,11912.639791950083,1.0837861734650793
221,0.4253393665158371,0.20226202285086062,44959.666137115106,1.3451516934909216
221,0.3936651583710407,0.11377319426508048,23104.050944802457,1.1678930102794003
221,0.3665158371040724,0.037931125740722736,8025.280309391117,1.055496354627181
221,0.4072398190045249,0.1501467451175869,32506.115165748735,1.2403130955724528
221,0.4072398190045249,0.14871061722741943,32347.631898672404,1.24083706294493
221,0.4298642533936652,0.21750449781457734,48106.7000292779,1.3715676259724427
221,0.39819004524886875,0.13199849936442237,29992.836659906894,1.2202598839136403
221,0.39819004524886875,0.1247497869511492,27477.438655616777,1.20102374831288
221,0.3755656108597285,0.06360103162963332,13524.096011166215,1.0953015556236185
221,0.34841628959276016,-0.01798794734820793,-3624.9872680996887,0.9754131011637132
221,0.42081447963800905,0.1970295513948984,42410.06482629246,1.3237879747839183
221,0.3936651583710407,0.12448174737915048,27048.386215428633,1.1979430632099808
221,0.3393665158371041,-0.044694438408079136,-8603.00781425073,0.9428458735680493
221,0.4434389140271493,0.2682632088326852,57937.84894272741,1.460653225101671
221,0.37104072398190047,0.05581339482923852,13329.40698258864,1.094185241358901
221,0.4751131221719457,0.3653671381891882,76970.33438371794,1.6441480938126225
221,0.3936651583710407,0.11851594937631703,25052.084352072543,1.1813823107485832
221,0.4298642533936652,0.23018870026902874,49783.879336848346,1.386767591349728
221,0.4796380090497738,0.3815039359534558,84674.72697007764,1.726850082731591
221,0.3891402714932127,0.10485830479878472,22356.32155209553,1.1621311209078249
221,0.4253393665158371,0.20707606151552618,43755.89073606849,1.33444940385507
221,0.4343891402714932,0.24023771371697988,51279.78912566825,1.3990874895266991
221,0.4434389140271493,0.26300085677319496,56390.884928692496,1.448010978209245
221,0.47058823529411764,0.347556311900695,75397.78044164254,1.628430763323795
221,0.3891402714932127,0.1024812277424165,21842.66098225816,1.157066093471428
221,0.43891402714932126,0.25368235842346526,55656.38727013356,1.4385463672141958
221,0.3755656108597285,0.05643312302740326,11358.576518115453,1.0807171557151307
221,0.45248868778280543,0.295383708330047,62708.51199634041,1.5040071722365014
221,0.47058823529411764,0.34700081319133985,74839.3129570634,1.6254036711769184
221,0.40271493212669685,0.14604527054194605,31221.205158695022,1.230203922681877
221,0.4434389140271493,0.26743037855095114,58695.16454021144,1.4666555408888997
221,0.4253393665158371,0.2028921788617864,42245.58484272144,1.3238914139495848
221,0.4298642533936652,0.2261566244868835,46367.4175045297,1.354294927750409
221,0.45248868778280543,0.295627396630839,63700.08157553557,1.5144085511817527
221,0.34841628959276016,-0.026310048346688472,-4788.317978141875,0.9677176925526
221,0.42081447963800905,0.19968414558901695,44036.29876095146,1.3356665089993116
221,0.4117647058823529,0.16475527263835743,35296.791681693954,1.2645039781516116
221,0.42081447963800905,0.18979967905853776,40507.6253815409,1.3085135409436022
221,0.38461538461538464,0.07927626503114892,16896.3917168007,1.1207838523583502
221,0.3936651583710407,0.11621983700362722,25727.18827051956,1.188416513278071
221,0.37104072398190047,0.04929349760758035,11752.685028412836,1.082395841948318
221,0.3438914027149321,-0.029230308436578176,-6648.0086784582345,0.955102307979615
221,0.3438914027149321,-0.03062367894690191,-5787.404492868498,0.9610741737585169
221,0.42081447963800905,0.18979027095667195,40095.68383073258,1.304272336729249
221,0.42081447963800905,0.19674200362258074,44155.47258601792,1.3400485086291085
221,0.4253393665158371,0.2141561382631543,45073.99353979522,1.3439821378338794
221,0.36199095022624433,0.024132730725694374,6100.912562422936,1.0421673231261075
221,0.37104072398190047,0.05116207618287834,12274.771004998454,1.086150310062419
221,0.45701357466063347,0.3096218713139246,64742.48755495245,1.5227527284400408
221,0.37104072398190047,0.04755008149133578,10769.152035745978,1.0753883707641796
221,0.416289592760181,0.18295116699364697,39863.89360821333,1.3000789549341956
221,0.39819004524886875,0.13386849931159453,28560.560799215287,1.2094927736823955
221,0.4434389140271493,0.26745337929971913,57895.51058244709,1.4580719748104811
221,0.46153846153846156,0.3155670458628143,67199.22353988196,1.5489599460325192
221,0.3755656108597285,0.06290570429355875,14385.828316482368,1.1013356117563344
221,0.4117647058823529,0.16497896364131123,35793.87494428895,1.2683722316640311
221,0.38461538461538464,0.0915417396447361,19822.400481571127,1.1417533942239146
221,0.45248868778280543,0.2944908120756214,65221.46077440613,1.5281106147500703
221,0.4660633484162896,0.32492094437352276,71066.87022012702,1.591343860846176
221,0.416289592760181,0.1892240768255706,41062.27523322228,1.3131687624966017
221,0.45248868778280543,0.28927636714147004,62127.75848276575,1.500917393345913
221,0.35294117647058826,-0.011927373000935104,-231.33445548336204,0.9984236196046405
221,0.4841628959276018,0.3913476375724949,85040.67309223808,1.7288999072597842
221,0.416289592760181,0.1803006325241135,39536.23624772032,1.3000385173656483
221,0.39819004524886875,0.1350235680375917,26346.426585631398,1.1926354897152212
221,0.39819004524886875,0.12783791144426737,28353.073916411064,1.2084681926816818
221,0.3755656108597285,0.0625351548470303,15136.000898593778,1.1071811460587682
221,0.3574660633484163,0.012659086619310277,2602.2021476037717,1.0178480563992587
221,0.39819004524886875,0.12416742550640573,28152.7810094496,1.2067166144469794
221,0.3936651583710407,0.1140109424249543,24558.621930548514,1.1778842503157312
221,0.3891402714932127,0.1054238432324762,22357.95677456134,1.1612401663785017
221,0.4841628959276018,0.38311977632282906,83023.18232835381,1.7083464476448935
221,0.39819004524886875,0.13191106167912955,28700.20637083071,1.2100020432137468
221,0.3393665158371041,-0.04536120533989084,-9511.406061917376,0.9368273042309739
221,0.3891402714932127,0.10571991996232086,22842.506565962452,1.1647739794593635
221,0.38461538461538464,0.08757737010937044,19479.37077600277,1.1398702173850046
221,0.42081447963800905,0.19335137340328842,42161.944545485596,1.3193504280792776
221,0.4072398190045249,0.14762294149665994,32798.08562576759,1.2456493566808904
221,0.39819004524886875,0.12660667109294135,24795.210695763577,1.180911009864854
221,0.35294117647058826,-0.0027329748659402795,1455.7810572401995,1.009946140164196
221,0.416289592760181,0.18071294892719741,39261.54495247692,1.2968963523431234
221,0.39819004524886875,0.12467422157048082,28360.002383552524,1.2081852898321528
221,0.416289592760181,0.18999019921295943,40616.094115061416,1.3073174591303292
221,0.45701357466063347,0.2948828291123699,64005.15328437792,1.519759979881403
221,0.45248868778280543,0.2942249139485984,63840.99184003724,1.5135817636364033
221,0.4072398190045249,0.16462148424878012,36103.85130153061,1.2705266820912755
221,0.4660633484162896,0.33604187111831924,72951.82296098061,1.6054822649187364
221,0.45701357466063347,0.3140076132743665,67835.25680926329,1.5553365871026756
221,0.46153846153846156,0.3161203350847187,70196.22085375115,1.576933292642572
221,0.4434389140271493,0.27331683382937766,57624.2025363152,1.4583436250157056
221,0.4072398190045249,0.15571622133981938,32607.170423327432,1.243305978743431
221,0.4253393665158371,0.21216953404601296,46689.311699816375,1.3603812212724913
221,0.39819004524886875,0.11696514997965007,23965.739421933948,1.17451523227255
221,0.39819004524886875,0.1229491287048605,29246.125977984775,1.2153439180546601
221,0.4434389140271493,0.25785695648898094,55149.66767084542,1.4335578308074821
221,0.4479638009049774,0.28133557837520373,62391.35856985618,1.5013581733783352
221,0.416289592760181,0.18567627646462684,40493.39081845399,1.3057355899566594
221,0.42081447963800905,0.2001150226783947,42980.89154687286,1.3258846209965371
221,0.38009049773755654,0.07259116108782697,15228.73617643027,1.108042579543618
221,0.42081447963800905,0.19919436483912983,41751.67985973891,1.31607388429884
221,0.37104072398190047,0.051362470736482736,9413.165812365436,1.0657174880150948
221,0.3755656108597285,0.057626571487923425,13554.928466148169,1.0958257962113074
221,0.4253393665158371,0.19743186238692395,42196.65953156547,1.3219886745756915
221,0.43891402714932126,0.24563240549987622,51484.192550933454,1.4030017369733043
221,0.39819004524886875,0.12138074467285603,26450.836058598426,1.1936399632213572
221,0.4117647058823529,0.16734161255727706,35040.78030188022,1.2632705110142444
221,0.4117647058823529,0.16104552834347924,35070.89110719406,1.2625387591439043
221,0.38461538461538464,0.0791969734266083,16997.949700473415,1.1209966857452258
221,0.38009049773755654,0.07800456339534147,17272.25339290914,1.12271559693761
221,0.4796380090497738,0.3707994491678942,80678.60135664904,1.6890617619352954
221,0.4253393665158371,0.21671775100750965,46775.68118968053,1.3598231074214822
221,0.38461538461538464,0.09141263767648167,19181.412742229128,1.1371449145273331
221,0.3936651583710407,0.11724759991210103,25192.412427020266,1.1840365361478808
221,0.46153846153846156,0.31352256407900675,68664.57263063933,1.563997513741316
221,0.416289592760181,0.17840897096084904,37128.39350180773,1.2788014680464266
221,0.42081447963800905,0.1923229162558186,42121.720468883985,1.3209491672184357
221,0.4072398190045249,0.16264563516487646,34616.908861717035,1.2579841200871744
221,0.39819004524886875,0.12315446033120718,26561.62350910263,1.1945179048798438
221,0.4117647058823529,0.169544157619778,37419.86462011991,1.2816334770164846
221,0.4796380090497738,0.35791842313331296,77155.884152441,1.653542530995382
221,0.38461538461538464,0.0924748153222256,18403.097150401234,1.1313462513765105
221,0.45701357466063347,0.30845953035354057,64720.47443275583,1.5246380033429836
221,0.3755656108597285,0.06529225664930076,14063.579237870039,1.0990558438688258
221,0.4479638009049774,0.28240789907154035,60412.73320092625,1.4833499513610515
221,0.38461538461538464,0.09228437224756642,20253.509959569077,1.144980838332486
221,0.4298642533936652,0.23141044992279838,50937.32039016459,1.3975637822270879
221,0.39819004524886875,0.1269938703593396,26574.941957797768,1.1932982830389236
221,0.4343891402714932,0.2390257483587649,51036.23026801751,1.3981041483862542
221,0.39819004524886875,0.12874868301103418,29792.05180294293,1.2194796632150375
221,0.47058823529411764,0.33882341506603464,72630.32673246469,1.6024409507059347
221,0.45248868778280543,0.289342026323009,62330.48736713549,1.5051409382438683
221,0.39819004524886875,0.13602573146472668,29465.31333295806,1.2175289377232967
221,0.416289592760181,0.18595799519701223,41406.254994307754,1.3162512483642104
221,0.416289592760181,0.19218002948553076,42200.85162418829,1.3219052999883814
221,0.40271493212669685,0.14006664275470668,30230.795270736136,1.2222230420805853
221,0.38461538461538464,0.08454398575028071,19416.16216406307,1.1391580290965757
221,0.4117647058823529,0.16534641203618675,35607.98751325854,1.26671763620743
221,0.40271493212669685,0.1460207098258169,31249.085957302916,1.229799274346068
221,0.4117647058823529,0.17212160899359613,36114.40737399151,1.2685146478468043
221,0.3755656108597285,0.06003882279181422,12539.616125524466,1.0887844137850546
221,0.4298642533936652,0.2263392222501934,49690.990391105406,1.3842391103675598
221,0.43891402714932126,0.25410679611257697,55970.33397672508,1.4415191098891469
221,0.4660633484162896,0.3366537371832521,71500.14785035662,1.588635431231183
221,0.3891402714932127,0.10399899150177219,23178.169204237838,1.1663915582339852
221,0.4253393665158371,0.20746327745014917,44606.89125596292,1.3412027811044553
221,0.4343891402714932,0.24092593145312907,53139.7244986095,1.4138973342142498
221,0.3936651583710407,0.11405399380931107,26120.341503831285,1.1919017116995765
221,0.43891402714932126,0.26427212489700624,57086.94599910053,1.45485285432771
221,0.48868778280542985,0.39996449510377763,86329.95417327956,1.741179632898751
221,0.39819004524886875,0.11559741718757108,26937.405525818205,1.1979484234994333
221,0.3665158371040724,0.029232121369508937,7510.46945667641,1.052372762514669
221,0.40271493212669685,0.13993132718612764,28439.06194435403,1.2094699831308828
221,0.38009049773755654,0.08371026145885496,17923.82296888966,1.1283385381134459
221,0.4117647058823529,0.16703288056940777,36229.688210319255,1.2714768909649317
221,0.4298642533936652,0.229193604444943,50026.61827912012,1.3920288745591187
221,0.43891402714932126,0.2482668724748513,54286.82294321527,1.4276251363290013
221,0.4253393665158371,0.21404135235071972,45518.75957517046,1.3478835582684996
221,0.4072398190045249,0.15366657624824118,34504.08281368085,1.2570171132718229
221,0.416289592760181,0.18064634489133652,39096.95425101329,1.294834873868068
221,0.42081447963800905,0.2105447408343419,45043.180722423516,1.3474147349703736
221,0.4072398190045249,0.1642510499200325,36761.93604767286,1.2747737289835173
221,0.3755656108597285,0.06264967969363078,13109.802659506848,1.09306950149357
221,0.43891402714932126,0.2441544781865958,52677.34731145399,1.4126000873264244
221,0.4796380090497738,0.3773508808315971,81042.46535687984,1.6839387896165818
221,0.37104072398190047,0.050492656076602915,11026.25751221005,1.0771475217442699
221,0.40271493212669685,0.14564170095908993,30730.554780284423,1.2263687788768767
221,0.3755656108597285,0.06738831701446132,16350.17688197552,1.116238943842431
221,0.37104072398190047,0.04573404215588579,9872.793430296155,1.069124682448716
221,0.4117647058823529,0.16975094700564491,36565.96378750958,1.2747817125316054
221,0.39819004524886875,0.1260274408210195,27923.75714041783,1.205360178289654
221,0.3755656108597285,0.06491643992161117,12939.044200746765,1.0911849427978484
221,0.42081447963800905,0.20481110653653192,46369.63211887338,1.3568846448498653
221,0.3936651583710407,0.12095851637228615,25707.547491410725,1.1886850149867731
221,0.3755656108597285,0.06557228807631511,16507.112030380165,1.117105789789105
221,0.4253393665158371,0.21415923132261597,45737.99127612604,1.3542529945827653
221,0.38009049773755654,0.08035323877713986,17530.187580932343,1.1247006695279431
221,0.4434389140271493,0.25853432890158573,56128.345484020116,1.445792088205864
221,0.43891402714932126,0.25453198485002065,55489.08637612052,1.4365336932117763
221,0.416289592760181,0.19041895773764894,41093.79651247732,1.3114253142596144
221,0.4298642533936652,0.2114286316055575,47402.72209594027,1.3666642667894178
221,0.4343891402714932,0.2426207741674189,54206.02721048726,1.425989732409364
221,0.46153846153846156,0.3212193972930361,67916.45803082662,1.554378294953279
221,0.43891402714932126,0.2555909287601665,55136.294693775926,1.4320934964232868
221,0.4072398190045249,0.15916373674910061,34528.07854295252,1.2563019097349797
221,0.4117647058823529,0.15915479901728302,35467.88874566519,1.2657399017291597
221,0.42081447963800905,0.20679176364118917,45955.54137029178,1.3532170556856886
221,0.4434389140271493,0.253895576311382,55827.70035023504,1.442714311212282
221,0.39819004524886875,0.13243944808259894,29090.041207281654,1.2127672431113838
221,0.42081447963800905,0.20070334666534215,41798.468491344465,1.3161936654702513
221,0.43891402714932126,0.2544341605010171,56666.56122457,1.445231301076235
221,0.3755656108597285,0.06354990334851372,14520.456526272475,1.1021742264726786
221,0.42081447963800905,0.18290805045368952,40020.60194861005,1.3046717532786363
221,0.39819004524886875,0.1311429965818243,29271.922643649603,1.2143604844349765
221,0.38461538461538464,0.09879382012198616,21377.55144070909,1.1542424858370153
221,0.3755656108597285,0.05952356013772574,13583.546421071522,1.096852283077696
221,0.4072398190045249,0.16207076140231158,34795.52073408159,1.2587108643880232
221,0.4117647058823529,0.16785482147160774,35319.89236445623,1.2630364107058296
221,0.416289592760181,0.17424169792473587,37816.763495087675,1.2859473962111503
221,0.4072398190045249,0.158524064940649,33279.982365874355,1.2461608184056359
221,0.416289592760181,0.17847657562483266,38271.697434208465,1.288306385145131
221,0.3665158371040724,0.036610078238303895,9777.520597526443,1.068378057860773
221,0.3665158371040724,0.03786511281172296,8363.128557024891,1.0581062020936305
221,0.4117647058823529,0.16831936557331664,35895.90930532721,1.2678423199979176
221,0.4660633484162896,0.33503199194454897,74076.80089684855,1.6185794606107515
221,0.3665158371040724,0.04206487747808142,8185.16667287319,1.057234424252278
221,0.4117647058823529,0.1719639674173787,37943.727188626464,1.281984975669367
221,0.4796380090497738,0.36316188476636185,78311.13934852633,1.6640101381296593
221,0.3891402714932127,0.0986082994741228,20936.378225077126,1.1503511986923147
221,0.4072398190045249,0.16045050091830496,35479.27932413334,1.264407228918422
221,0.4434389140271493,0.2686863428333507,59696.22611568944,1.4743769399005913
221,0.3891402714932127,0.09842958144928522,22371.321056770714,1.1611420279380167
221,0.35294117647058826,-0.008019832898546688,-165.403244347307,0.9988733723201313
221,0.4751131221719457,0.362068394072851,80316.9913508,1.6845080327118922
221,0.40271493212669685,0.14649632930220963,29741.01168730372,1.2187059598727248
221,0.45248868778280543,0.2982532526307396,63582.26474215646,1.5174055815539418
221,0.45701357466063347,0.3151398986147162,68737.01596735325,1.5658407493561215
221,0.3936651583710407,0.11262024911809373,24626.944791668135,1.1797661125044336
221,0.46153846153846156,0.30840078773362134,65112.606965550105,1.5300890474426267
221,0.4117647058823529,0.16594876267598554,36036.84075073008,1.271596274192289
221,0.4343891402714932,0.2350396855184303,51875.259498444306,1.4050947478240505
221,0.38461538461538464,0.09144334667139256,20213.355902304244,1.1451939216927582
221,0.4072398190045249,0.16527980251204127,37130.798325254334,1.2791735858336615
221,0.38009049773755654,0.07711282054661045,16740.446462179865,1.1194302221247456
221,0.4117647058823529,0.16603891867000312,36613.48775124371,1.27534674105029
221,0.46153846153846156,0.3119179081572842,66707.93623273636,1.5475147398367923
221,0.4253393665158371,0.20986915097849848,44786.064442416835,1.34312848393446
221,0.4072398190045249,0.16169433674387945,33498.478431915144,1.24826548573084
221,0.47058823529411764,0.34962597743607626,75928.45052408273,1.6316212965040726
221,0.4343891402714932,0.23522954293165846,49747.154721783256,1.3840612596392743
221,0.38009049773755654,0.08278688383099302,17852.345718500663,1.127700886495304
221,0.497737556561086,0.4233742275713456,89793.10253062841,1.7825506316031825
221,0.40271493212669685,0.13276295018464596,27911.897449151045,1.2049601350636323
221,0.3936651583710407,0.12482921705803575,28485.645254511277,1.2094328939333197
221,0.4343891402714932,0.24717952241182392,52460.64292342641,1.413458365948639
221,0.43891402714932126,0.2473501925479438,52889.18342297058,1.4141826818170002
221,0.4253393665158371,0.20158037429718148,41589.94096302499,1.3174526472424832
221,0.3936651583710407,0.12074442859536563,26969.39572413131,1.1963163919676003
221,0.38461538461538464,0.0986775787520461,20627.045443297335,1.1484357229164257
221,0.3936651583710407,0.12672572399291243,28343.485727662242,1.207905553933444
221,0.4253393665158371,0.20785727610258498,44336.1127228563,1.3373456056375077
221,0.42081447963800905,0.2002350904986764,42931.752367829686,1.325145749424953
221,0.39819004524886875,0.13567609236668687,29156.74058886595,1.2143238428496752
221,0.4434389140271493,0.2678937446471952,56159.84893621346,1.4408555056183963
221,0.4343891402714932,0.24144284055172874,52920.16952592372,1.4146511885300947
221,0.4434389140271493,0.25952946140971855,57525.903864893626,1.4554534689919871
221,0.3755656108597285,0.06520879839430438,13061.862135132564,1.0916426423571908
221,0.4253393665158371,0.20142938993093268,44866.46084643186,1.3468899407409478
221,0.3936651583710407,0.11852637074914127,27482.737298696316,1.2006853743163455
221,0.4298642533936652,0.21917649069692768,46871.299178374335,1.3623994580580223
221,0.43891402714932126,0.25360994673029774,55681.45179341741,1.436801031391109
221,0.4434389140271493,0.2689940945160376,58358.001416155494,1.4680956558018938
221,0.416289592760181,0.18862962061054012,41074.728899747846,1.3112353269405645
221,0.47058823529411764,0.34932539307962507,73077.17712975669,1.6043883690546372
221,0.497737556561086,0.4218909125070077,91659.80971624886,1.8095659666549162
221,0.34841628959276016,-0.01959392129925271,-3192.2664646936323,0.978351893764225
221,0.3574660633484163,0.019389322991908382,3005.9661274859445,1.0207812930515867
221,0.45248868778280543,0.2956163593335951,64252.952340924974,1.5157905615292824
221,0.45248868778280543,0.30333231511366393,65199.38667286179,1.5307555689119354
221,0.4343891402714932,0.2436716395462466,51597.958021451836,1.402334102990128
221,0.4434389140271493,0.26785422901876776,59254.51325845007,1.4704969573813182
221,0.416289592760181,0.18389171076333513,40870.317633761486,1.3115394375631413
221,0.45248868778280543,0.29443645313467137,63126.72720951426,1.5074212890115826
221,0.40271493212669685,0.14100668260734467,30885.200423361475,1.2279948759347923
221,0.45248868778280543,0.28389478138556923,60291.32786787659,1.4833148108824818
221,0.38461538461538464,0.09083592125926274,19430.35419449103,1.13919834828999
221,0.37104072398190047,0.044576904962991326,9531.00011814354,1.0666666985352375
221,0.3891402714932127,0.10776899144482979,22973.14035993487,1.1658228500790677
221,0.4796380090497738,0.3763160867461881,81573.18260097985,1.6923950953470948
221,0.38009049773755654,0.0692377719138923,14246.015801968046,1.1006062617151466
221,0.45701357466063347,0.28797125924874745,62345.68611758566,1.5060141829726215
221,0.40271493212669685,0.1446168102626804,32003.41598488398,1.2374080648298507
221,0.4343891402714932,0.24075403773007176,51825.593539681664,1.403367576838986
221,0.4253393665158371,0.19986270997457387,43210.72467997547,1.331190166872991
221,0.4660633484162896,0.32900993293167524,71534.63609042217,1.5907280659667875
221,0.47058823529411764,0.34835642348717405,75859.41045288283,1.6336840651767017
221,0.4072398190045249,0.1537499973337232,34501.273182191326,1.2569318940103653
221,0.3936651583710407,0.1100931451309764,21872.348583579576,1.1579963821672106
221,0.43891402714932126,0.24805117257461934,53940.10195664768,1.424747236943268
221,0.3936651583710407,0.12375791796669935,26821.45361004163,1.195608887880733
221,0.4479638009049774,0.28060171539140016,60046.6437602332,1.4784255039897232
221,0.4253393665158371,0.2156274955871069,47032.050787072614,1.3634666409140608
221,0.43891402714932126,0.25452917559007404,55964.84217430452,1.4385186973536321
221,0.4117647058823529,0.17168473350331653,36908.763068649074,1.275494451998505
221,0.416289592760181,0.1838485033243083,41144.216552619786,1.3110438525364447
221,0.4253393665158371,0.21275483839021953,45357.04945230238,1.3474459919193622
221,0.4298642533936652,0.2285315101267324,49872.324355352146,1.3856580172107573
221,0.4343891402714932,0.23151893979197224,49173.8949764709,1.3822248841492408
221,0.3891402714932127,0.10621745638214475,23368.63848507589,1.1685701442699392
221,0.416289592760181,0.16441678079301955,36686.56824319309,1.276353754469517
221,0.4434389140271493,0.2687610868623618,58265.655154442604,1.4635030195716248
221,0.38009049773755654,0.073832629529443,15376.212861822845,1.1086734478953593
221,0.42081447963800905,0.19395731766270446,42555.63367171471,1.3232062524296404
221,0.3755656108597285,0.05699664910502965,11762.788991702078,1.082921677877745
221,0.3665158371040724,0.03486242295814636,7856.896791754561,1.055123053608245
221,0.416289592760181,0.18786527810290543,40036.131125969514,1.3006082371845662
221,0.3665158371040724,0.02209794692809934,4706.025058066602,1.0326372127436887
221,0.4434389140271493,0.26736379089919365,56691.42587526058,1.4465144940567005
221,0.38461538461538464,0.0913552021468636,19723.269457030226,1.1414343703319112
221,0.4343891402714932,0.2263656836054068,48265.30650475785,1.3754199948494745
221,0.4343891402714932,0.23239827588826886,50453.03779798774,1.3917930761930148
221,0.4479638009049774,0.28240986346981867,60012.44711466687,1.4780188063128252
221,0.3936651583710407,0.11842775314503952,25832.59489640364,1.1873262903155533
221,0.3936651583710407,0.12428764266989215,25305.394238116904,1.1846656794190844
221,0.39819004524886875,0.13625172543438016,29626.647806986395,1.2188101835696243
221,0.43891402714932126,0.2604820261889045,57596.999205089945,1.46103058239334
221,0.4117647058823529,0.1766672445182107,37310.18796296711,1.2800141740155
221,0.3936651583710407,0.11167924425776389,26260.43267160216,1.1912414772901974
221,0.4660633484162896,0.33323468107838566,72854.22098394111,1.6033324548161205
221,0.4253393665158371,0.20519916848666042,45892.32675234239,1.3536323924364941
221,0.4751131221719457,0.36017632968272695,76674.90935627226,1.6440795783049758
221,0.3936651583710407,0.11098652069171452,25498.62807734991,1.1856802208484716
221,0.3891402714932127,0.10580126303948884,20567.783450024654,1.1468203174120926
221,0.3891402714932127,0.10064978639678383,21936.833512186815,1.1575552489313883
221,0.45701357466063347,0.3059556713522339,64981.84699033217,1.5254621427465054
221,0.35294117647058826,-0.0008842048846295461,2014.7165164473372,1.0138020910779675
221,0.45248868778280543,0.28185368723710724,62293.26509777437,1.501854994529791
221,0.4434389140271493,0.26571325228051074,57603.55095743314,1.4544077264912074
221,0.4298642533936652,0.22578912497892425,50144.27934145021,1.3885176208832943
221,0.3212669683257919,-0.09752414907813714,-19896.640394574617,0.8706178138089078
221,0.3936651583710407,0.11518837665355716,26692.530477207867,1.19502430864066
221,0.4751131221719457,0.3630762884052269,78221.09060752625,1.654297194820539
221,0.47058823529411764,0.3419273887932135,72879.5355714158,1.6069553014251512
221,0.4117647058823529,0.16196503920082397,34642.41656995774,1.2592292282215076
221,0.3755656108597285,0.06925078785900743,16195.809448248348,1.115826283381351
221,0.3438914027149321,-0.02666679129537768,-7061.076445545411,0.9525306212286385
221,0.416289592760181,0.19026213226653546,40301.385497543204,1.305971077143162
221,0.4343891402714932,0.23384486213377434,49530.06820838146,1.3854995070468843
221,0.38461538461538464,0.09181549359225866,21260.201273379505,1.1523856703573094
221,0.416289592760181,0.19093984875345002,40219.62515372245,1.305049143988816
221,0.42081447963800905,0.19430937309064045,41830.30834336638,1.3173732669937364
221,0.3665158371040724,0.03452470911116883,7546.937272404997,1.0522808572951405
221,0.39819004524886875,0.1320973916537914,30771.49350863329,1.2269842075848334
221,0.4434389140271493,0.2644823421050383,57214.81386795455,1.4563842475025315
221,0.46153846153846156,0.3196360947427415,69809.37798462273,1.5738848494217499
221,0.45248868778280543,0.29295554158350073,63513.57435616804,1.5090650423820067
221,0.47058823529411764,0.34957225835635297,73923.22225516589,1.6119438720885948
221,0.42081447963800905,0.18395636018871722,39463.245454460244,1.2993725254153672
221,0.3393665158371041,-0.03363958720726068,-6728.179710470734,0.9544719685782883
221,0.38009049773755654,0.074820830500739,17218.097942938042,1.1237632162351672
221,0.4117647058823529,0.17771448764969933,37539.513696795715,1.2815746715992342
221,0.4072398190045249,0.15966916637142142,35663.53565756541,1.264454433206494
221,0.4660633484162896,0.3307360320190821,71093.47264774166,1.5875036804994966
221,0.4298642533936652,0.2261908445517179,48430.04844188025,1.3749733328361786
221,0.4072398190045249,0.15425632357866734,33502.915514392545,1.2506534256094002
221,0.38009049773755654,0.08533276816444263,18103.870194984775,1.1295220109006672
221,0.43891402714932126,0.25201025248901365,53182.10554377953,1.4150910496526128
221,0.416289592760181,0.17913873626688065,39796.97143737407,1.3003183922129387
221,0.4117647058823529,0.164404615557744,36207.60132703858,1.2715800930556136
221,0.38461538461538464,0.0911222650092292,21915.784937599063,1.1576002071893232
221,0.45701357466063347,0.30362138738810124,67781.97604759443,1.5587887573732784
221,0.4072398190045249,0.15954039310376816,34875.39068377614,1.2585940196030063
221,0.4298642533936652,0.21275028252465653,45139.11900101157,1.3476886487103927
221,0.3936651583710407,0.1193544980554288,24773.179872627406,1.1787578053011833
221,0.39819004524886875,0.13384909042719045,30205.310745131384,1.2215895935359047
221,0.4479638009049774,0.2812778715402492,61673.34400244104,1.4903925648914114
221,0.4253393665158371,0.20637150937315757,46269.8584063003,1.3553232586925152
221,0.4479638009049774,0.27759108991586745,59273.110017908475,1.4709141144828615
221,0.416289592760181,0.16861062423529205,36951.23419587899,1.2787565960324538
221,0.4253393665158371,0.2148440245452231,46354.621700543896,1.3556432725869645
221,0.416289592760181,0.18639261414728656,39339.58301092006,1.2960077364294842
221,0.38009049773755654,0.07836113135491556,16891.33494162511,1.1198572854556101
221,0.4434389140271493,0.2673978346467165,59661.450400880436,1.4730296859468763
221,0.38009049773755654,0.08298508489700283,17191.62615089722,1.1226894795229487
221,0.37104072398190047,0.04551376725752125,10094.312449171202,1.0707967628018649
221,0.4479638009049774,0.27900461087084993,60946.74075625457,1.4830178633897686
221,0.37104072398190047,0.0556469818239525,11435.935760881812,1.0801511793614205
221,0.4072398190045249,0.14781947400813145,34150.84809765126,1.2564622620319186
221,0.3755656108597285,0.06438132670964329,14671.037366320143,1.103566204996979
221,0.36199095022624433,0.024039079310475307,6272.690936421472,1.043372364798774
221,0.3665158371040724,0.03854762125574145,9143.147543501651,1.0637953896445025
221,0.33031674208144796,-0.07648795736214756,-15667.228151762858,0.8967876527399844
221,0.4253393665158371,0.20863547394862098,45148.40727240659,1.3474609983447705
221,0.43891402714932126,0.2541522679206246,55597.46279365884,1.43575310773118
221,0.4343891402714932,0.24092251995974703,51888.84629135985,1.4028389563648727
221,0.4479638009049774,0.2815476977186333,61189.9997972299,1.4901123099534184
221,0.3936651583710407,0.1217851944140195,26774.511027186218,1.1957715461463425
221,0.4072398190045249,0.16064030417729422,34544.81894832964,1.2592743144631582
221,0.416289592760181,0.1867444363590932,41493.299256014245,1.3141181660338608
221,0.45248868778280543,0.28880394725916997,59352.797751690916,1.4756122335195452
221,0.4298642533936652,0.2263586883997223,48190.0602463028,1.3751471721642936
221,0.4343891402714932,0.2411520652877484,52343.4708035244,1.408384624019731
221,0.4072398190045249,0.15837534943980563,33986.98600559808,1.2547650109854283
221,0.4117647058823529,0.1711883171689845,36839.04606402856,1.2758325808330537
221,0.4751131221719457,0.3511220493624032,75983.34923044196,1.641870736553144
221,0.4072398190045249,0.16238611681832887,33360.29236509907,1.247915018067191
221,0.4117647058823529,0.17323042124017016,38896.187889477835,1.2932530606408936
221,0.4072398190045249,0.16066432623922094,33755.17132764336,1.2514353271749115
221,0.3936651583710407,0.11937316476832284,27096.35887732728,1.1979448795589698
221,0.4479638009049774,0.2779641071730254,58926.484610063344,1.4702083349178316
221,0.38461538461538464,0.08877402598836115,19330.040213964145,1.1390950300187255
221,0.37104072398190047,0.04369952028508609,10179.895390416628,1.0718338726912204
221,0.43891402714932126,0.2460106561341404,53341.56207641698,1.4248142550976077
221,0.4072398190045249,0.16036083840466092,34351.98132662811,1.2552516082084384
221,0.416289592760181,0.17766700495440796,37274.72501578118,1.2809428407484431
221,0.42081447963800905,0.2037781753623672,43240.78737735507,1.3289872166487529
221,0.4253393665158371,0.20721679881253932,43609.63432777749,1.3335065087486058
221,0.40271493212669685,0.14271217360751529,31222.61798567365,1.2322673352814983
221,0.3891402714932127,0.10694685601630628,22746.73914424197,1.1641890322564095
221,0.416289592760181,0.1865133562063005,40954.868548842176,1.3093660664532183
221,0.37104072398190047,0.05142791746558431,12020.203010829759,1.0843110881744704
221,0.4072398190045249,0.15788909150830951,36302.30941540211,1.2699398607870118
221,0.45248868778280543,0.2859821860802324,61725.67172783888,1.496240205093
221,0.45701357466063347,0.30810893941805345,65992.69457672027,1.5348909461507172
221,0.4298642533936652,0.2264499124547782,49192.86597302434,1.3791046606031379
221,0.3936651583710407,0.10723253405267155,23371.183429211633,1.16924868111083
221,0.3755656108597285,0.06160820575901127,13543.386972114022,1.0957564870697778
221,0.39819004524886875,0.12583596090309557,26480.337007545844,1.1934453016475495
221,0.39819004524886875,0.13714469542541552,31490.47543085384,1.232555892644076
221,0.4479638009049774,0.2853017220279874,61430.96146844994,1.4917013398476384
221,0.4253393665158371,0.2071585632192801,44110.46701163682,1.336266268124196
221,0.3936651583710407,0.12417632565184461,27384.961076727235,1.2006730273092165
221,0.3936651583710407,0.12036260738937513,26553.915967476772,1.1927723874042477
221,0.4117647058823529,0.17688752044989872,38847.4418005618,1.2927555102043808
221,0.3891402714932127,0.10597448575628464,22801.538122217396,1.1641597749838672
221,0.416289592760181,0.18849772485474875,41408.592117015636,1.3135668801427305
221,0.4479638009049774,0.2728855604276194,58864.19621378723,1.4700737865793096
221,0.4072398190045249,0.16192648798146433,35415.481584213994,1.2644255723480307
221,0.4343891402714932,0.23322391630095712,50080.37816331582,1.3890689194328092
221,0.4660633484162896,0.3392157699864205,74148.16679176429,1.6187174211525948
221,0.4117647058823529,0.16413252545572307,35366.12774484263,1.2649622360116304
221,0.43891402714932126,0.25950425460742843,56357.016690394565,1.4452935660926904
221,0.42081447963800905,0.19321542967307817,42130.88253445609,1.3214102427583003
221,0.4117647058823529,0.17755374645863178,38858.37972438005,1.2922435729582487
221,0.40271493212669685,0.14950342981202988,31761.687683069285,1.234556873748866
221,0.35294117647058826,-0.007769612475694437,-1190.7337802060993,0.9917642676484225
221,0.4343891402714932,0.24460525953665319,53651.280127793514,1.4201751668461078
221,0.4072398190045249,0.15798723870500306,35459.563423389154,1.2641537278717323
221,0.40271493212669685,0.14395920705854623,30266.684379674767,1.2220646699675832
221,0.3936651583710407,0.12226737068237974,26275.576269152163,1.1911643397453209
221,0.3755656108597285,0.0647787417482182,15921.76971639787,1.112648177958905
221,0.3755656108597285,0.06515879553810128,13728.774206146716,1.0966905497705963
221,0.4298642533936652,0.2320902303461019,49434.905916361415,1.3858414577547018
221,0.43891402714932126,0.2539445547119895,54449.894183719734,1.4258862884734915
221,0.4298642533936652,0.22335428505250773,47908.241798808165,1.3722352617641735
221,0.40271493212669685,0.12756922131948034,25362.581589729678,1.1866998889900688
221,0.4434389140271493,0.26120998315404736,58550.28757415798,1.4642070641129274
221,0.3755656108597285,0.06487989969503023,15346.673352481317,1.109914427389814
221,0.42081447963800905,0.19502915284818811,42403.87991642856,1.322313125035754
221,0.37104072398190047,0.054259624545403375,11088.965915308165,1.0779906272470146
221,0.43891402714932126,0.25333610716114774,54577.92786424637,1.4301192616858143
221,0.3936651583710407,0.11912780195144684,26603.725327854903,1.1941487972401843
221,0.416289592760181,0.17384567287050057,37302.74295859469,1.2796640423260328
221,0.45248868778280543,0.30180530656650073,64596.60648499705,1.5232946729453984
221,0.38461538461538464,0.09198404034740353,20701.078905779705,1.1490254933022757
221,0.4298642533936652,0.22580544161794314,49806.497924452866,1.3893957044403893
221,0.4434389140271493,0.2715073913370002,59724.684290144054,1.4765760153937075
221,0.4117647058823529,0.1728898496121615,38434.33102022587,1.2884169563395735
221,0.4253393665158371,0.20839024619111224,45790.99325346068,1.3515634704909483
221,0.4343891402714932,0.23573089356249835,49911.94984147276,1.3867336046769942
221,0.4479638009049774,0.28158963906410994,61354.18108359597,1.4914053485856025
221,0.42081447963800905,0.20236502633669123,43049.99383608974,1.3268939805956887
221,0.37104072398190047,0.05199913766115902,11579.26838000304,1.0812820100670253
221,0.3755656108597285,0.06490610813545356,14044.127541416954,1.0996419571335392
221,0.416289592760181,0.17891134748409113,40105.07055372113,1.3026196036658602
221,0.4479638009049774,0.2850851772987993,62256.51301297324,1.4997267727475245
221,0.4660633484162896,0.33486914238211674,72485.38089940006,1.5981773674829547
221,0.37104072398190047,0.04692558786896413,11537.271287411837,1.080975807288345
221,0.39819004524886875,0.1302807387238047,29952.773782382563,1.2214313077922336
221,0.38009049773755654,0.0745189601995496,17084.583815363538,1.1221991830345703
221,0.38461538461538464,0.09414141943872413,20748.53731551204,1.1488931146235077
221,0.40271493212669685,0.12460442402469918,26827.9719005434,1.1969849639936654
221,0.4298642533936652,0.21998230877967498,48127.8811297724,1.3720489409497862
221,0.4117647058823529,0.16481466642712989,36016.168271790935,1.2685609940118379
221,0.4117647058823529,0.1723152361431955,36294.165847935,1.2702867170821384
221,0.42081447963800905,0.19968000119522855,42346.710128419145,1.3195094198399178
221,0.4117647058823529,0.16439388738548535,35995.97164634746,1.2701361488059169
221,0.37104072398190047,0.05126078631346544,11282.799685582813,1.0792657276293902
221,0.39819004524886875,0.13261936133162106,27681.328830458115,1.202380051810171
221,0.38009049773755654,0.07241868925424673,16803.708610536032,1.1198986797269668
221,0.4343891402714932,0.24051194016658525,51384.73582370505,1.3986024387107445
221,0.45248868778280543,0.2935351949013495,63163.921448441324,1.5103446419289628
221,0.3936651583710407,0.11917902462932214,25313.023103303818,1.183414573329076
221,0.45248868778280543,0.28131851530634194,62012.29999942032,1.4984515396795013
221,0.38009049773755654,0.07708021500359519,16293.170140338665,1.1154866417673777
221,0.38009049773755654,0.06858982820766042,13697.871989199251,1.0966635471337365
221,0.4298642533936652,0.2298981353640212,50865.852830214775,1.393037252921995
221,0.4253393665158371,0.20556164098852922,44551.27080819418,1.3399220742429232
221,0.416289592760181,0.18666833003540548,40511.39032758045,1.3046136541655233
221,0.4298642533936652,0.21572810451654126,46742.4836815824,1.362551717599605
221,0.3891402714932127,0.10157089362205646,21898.746693738583,1.1584794826957876
221,0.4751131221719457,0.36337591470350294,76712.65640980436,1.6391269478299746
221,0.4117647058823529,0.16000111576321874,35440.549934364906,1.2658427099726346
221,0.3891402714932127,0.09478858170587616,20690.336000801588,1.148860265731413
221,0.4253393665158371,0.21802273306979594,46030.82617741234,1.3550942124977194
221,0.45248868778280543,0.29386340989403426,63964.95580965519,1.515532231539213
221,0.43891402714932126,0.24497888388259872,50843.25762841589,1.398048078806872
221,0.3891402714932127,0.09407716445168526,21828.17048577787,1.1577204657409712
221,0.37104072398190047,0.0439679500336593,10153.710061151629,1.0713701663570436
221,0.4298642533936652,0.220662866186628,48021.05139773502,1.3708913988934597
221,0.3574660633484163,0.008862889233007272,1897.3032705427752,1.012957274368416
221,0.38009049773755654,0.07190077845798547,16564.362471767367,1.1177914213370022
221,0.4298642533936652,0.19968841916333444,42640.558610815904,1.3278357343659368
221,0.4253393665158371,0.21901650358690425,48285.31833006906,1.3729729136127697
221,0.40271493212669685,0.14922904938914805,32637.543942607277,1.2420329060477164
221,0.45701357466063347,0.30853038786735043,67243.2070845142,1.5454270011981575
221,0.3574660633484163,0.014192542743229203,3159.3110192460335,1.0217703589523097
221,0.43891402714932126,0.2535593152289259,53697.51245332758,1.4179866666317882
221,0.4479638009049774,0.2787348816294593,61716.49026773415,1.4973029356726992
221,0.47058823529411764,0.32522275936033074,69663.69990178531,1.5769572060867794
221,0.3665158371040724,0.039349297420848285,8725.000866582568,1.0608555655476455
221,0.4479638009049774,0.28525895336060525,61095.341694767005,1.487861968516729
221,0.3891402714932127,0.09421811539362486,17973.616738751516,1.129617290492164
221,0.4660633484162896,0.3351622997103707,73420.68070464686,1.6061397715896213
221,0.37104072398190047,0.04325505566837648,11499.523704300289,1.080753691744062
221,0.4434389140271493,0.26088077769690377,56244.44041028724,1.4447234316792197
221,0.43891402714932126,0.25468896225355414,53727.00527337147,1.4203188363993602
221,0.4117647058823529,0.16262183289990711,33118.47468347577,1.2469190256412297
221,0.43891402714932126,0.2508563981656287,54947.613276860095,1.4335203699146517
221,0.40271493212669685,0.14105466218817966,30336.67990558657,1.2238738718783717
221,0.38009049773755654,0.06890101826838478,14481.381994378367,1.1019008356656586
221,0.43891402714932126,0.24769348604537045,52571.898477626295,1.4116074980128046
221,0.38009049773755654,0.0706351971455633,15200.503110923779,1.1078595217650409
221,0.3936651583710407,0.11910650358947797,26863.796523129167,1.1967786453565503
221,0.4253393665158371,0.21837767765951938,46862.36651126291,1.3601400269353647
221,0.36199095022624433,0.021652174705199364,4978.923372286449,1.0344240722215852
221,0.40271493212669685,0.13783095738535128,30632.54364272459,1.2252898262064578
221,0.3891402714932127,0.10941226986220318,23626.52149365293,1.1710931328264373
221,0.47058823529411764,0.3590189108211491,76628.04716158898,1.6471329096449336
221,0.45248868778280543,0.296629695274839,63368.541963288226,1.5107947342130514
221,0.4660633484162896,0.3239490807308326,69695.26589042322,1.5742181668599216
221,0.4298642533936652,0.22825284680981967,49032.81842504069,1.378895275845402
221,0.43891402714932126,0.25366578256991806,55029.44282994144,1.4324856345044505
221,0.416289592760181,0.1849015919373092,40381.929396295855,1.3046305358871049
221,0.39819004524886875,0.13118501037779715,28760.96069754394,1.2100221886131273
221,0.416289592760181,0.18735642032800334,40888.65865266547,1.3101343050326988
221,0.40271493212669685,0.14580476995751707,31325.660370281978,1.2310012143111182
221,0.3891402714932127,0.10420735735465587,22595.518124858158,1.1621805082279806
221,0.4343891402714932,0.2327324563924058,50914.66106129889,1.3965497789217358
221,0.3574660633484163,0.01006460994679303,2874.3503820271835,1.0197272166224765
221,0.38461538461538464,0.09643347717223133,20242.44099575186,1.1454376382992006
221,0.36199095022624433,0.02385218254117876,5153.0541190461445,1.035544272718385
221,0.4298642533936652,0.220348141265668,45737.21587520794,1.3505719574505655
221,0.38009049773755654,0.07063598926221391,14260.229837374263,1.100813394318438
221,0.3393665158371041,-0.052762853596503456,-11481.66100919317,0.9235522120439404
221,0.3936651583710407,0.12319644530680163,26377.8969613435,1.1921602784082743
221,0.45701357466063347,0.2995635049862711,65049.24000992148,1.5251420901218689
221,0.39819004524886875,0.1275041694263822,28347.17099485902,1.2074936610556182
221,0.43891402714932126,0.2564333240040694,54578.12999701805,1.4286216854293936
221,0.38009049773755654,0.08323279812519907,18890.082509644883,1.1353638180386205
221,0.4298642533936652,0.2272955051508851,48699.74827264171,1.374343472112667
221,0.416289592760181,0.19106298424034054,42094.56526272386,1.3207409359119524
221,0.4117647058823529,0.1673942230082956,37157.45168259651,1.279218413405195
221,0.40271493212669685,0.14306483643476042,31213.00828171411,1.2319512305763445
221,0.38009049773755654,0.08311025331384557,17071.924335784453,1.1216881812513684
221,0.3755656108597285,0.0591408994521796,13519.467747590526,1.095196809648153
221,0.4117647058823529,0.17673347520904528,39599.35119918837,1.298726143237233
221,0.416289592760181,0.18229236859233539,39272.64566943394,1.2979152453794998
221,0.45701357466063347,0.3055474850580322,65709.6892240713,1.5375041156056548
221,0.38009049773755654,0.07807955074190398,17177.391290385127,1.1219738804296175
221,0.36199095022624433,0.018231561612219668,5212.014683226731,1.036153122555766
221,0.3936651583710407,0.11721671558483068,26137.964368951438,1.1901653939489838
221,0.4343891402714932,0.24119229349804236,51075.02465592242,1.3979629257907238
221,0.4117647058823529,0.17689820537898704,37473.87112002121,1.2815438607970049
221,0.3891402714932127,0.10944647641242872,23637.304163853143,1.170821813400967
221,0.4434389140271493,0.2698334814801908,58984.58709947394,1.4708726971421522
221,0.46153846153846156,0.32242705289106177,68750.04502576774,1.5629606639241025
221,0.4117647058823529,0.17151370507663147,36673.3400473627,1.2744025696852468
221,0.34841628959276016,-0.02415012131951991,-4529.562001194085,0.969443821749059
221,0.4751131221719457,0.36588528571309015,76964.87251866495,1.6510687834442472
221,0.3891402714932127,0.09934562184319069,20747.087126515835,1.1511209845394257
221,0.3438914027149321,-0.034773278316143255,-7978.148657421528,0.9464094009823734
221,0.416289592760181,0.1863099208608024,39217.36927820689,1.2955745169957944
221,0.416289592760181,0.1864217964934334,39815.58569318504,1.2998586671164662
221,0.416289592760181,0.18562486132237419,40737.58794494532,1.3083059050148735
221,0.37104072398190047,0.05109594342677952,10743.227017128402,1.0750379666003578
221,0.46153846153846156,0.329424032085013,70473.81523578973,1.5789975334315556
221,0.4072398190045249,0.15923579745116465,35184.74011283934,1.2620839246088373
221,0.33031674208144796,-0.07696432293647236,-15591.433893014346,0.8973128723023603
221,0.416289592760181,0.1799670662327659,38476.685426284545,1.2921857520180018
221,0.39819004524886875,0.13469600134123838,30779.788367472618,1.2274173375356514
221,0.4434389140271493,0.2681087755228842,58555.70309516064,1.4661905789732508
221,0.38461538461538464,0.08382725477557726,18665.879544935244,1.1331469673478562
221,0.38009049773755654,0.07754678257677354,18229.48222585962,1.1296864555744708
221,0.39819004524886875,0.13793505562075023,29940.917504315406,1.2199535302803326
221,0.40271493212669685,0.14644312023890677,31686.962404170325,1.2338394343516403
221,0.4434389140271493,0.2678875633892825,57067.57302867522,1.4526334266169179
221,0.3574660633484163,0.010671130317648957,1445.2685080336296,1.009880511590842
221,0.3936651583710407,0.11632892174072738,25692.593859595403,1.1862913458005944
221,0.45248868778280543,0.28992543421006856,61411.92654362438,1.492922047447018
221,0.3936651583710407,0.12300188246280655,27740.660314102955,1.2033004342071967
221,0.4253393665158371,0.20738656025242358,44494.53430772037,1.3401611907225128
221,0.43891402714932126,0.24503211963520577,55401.28144952936,1.4393767727210167
221,0.39819004524886875,0.13204961457393,28343.47765959075,1.2072345505315132
221,0.4117647058823529,0.16735033173564226,37736.65622007343,1.2834550500237971
221,0.38461538461538464,0.09936413426338746,22525.012076325882,1.162996932556406
221,0.4117647058823529,0.16502584701821807,36586.44116129372,1.2743622776245895
221,0.416289592760181,0.17972554373241612,39529.50158704453,1.2993660762629655
221,0.4072398190045249,0.1638060421701605,36638.361086895966,1.274107028744625
221,0.4117647058823529,0.17729082262079537,36410.17346820814,1.2717152436088235
221,0.3755656108597285,0.06405649829475901,13955.818711697262,1.0986456397235946
221,0.4343891402714932,0.2418044753844133,51927.85652751149,1.4071318449807426
221,0.4298642533936652,0.22973327656866735,49172.966194989305,1.3819400170173168
221,0.4479638009049774,0.28456364308182525,60606.26193854121,1.487611523760372
221,0.4298642533936652,0.22831871905244702,49868.08786840118,1.3858709924763861
221,0.3755656108597285,0.06583433728684138,13696.796109091778,1.0965118328518098
221,0.43891402714932126,0.2541161044020059,53666.53651453215,1.4189383799408937
221,0.37104072398190047,0.041817677199710024,8405.374779204092,1.0587796862798822
221,0.4343891402714932,0.23951297533191995,51355.71728802507,1.3988947700813426
221,0.42081447963800905,0.19512510367511532,40553.69529703264,1.3079171559612226
221,0.4072398190045249,0.1540916898993562,32154.624722643748,1.2390206032616713
221,0.4072398190045249,0.15724885865990335,34274.29220451697,1.2550962896589914
221,0.4117647058823529,0.16523448775806562,36857.122570320425,1.2751960119553432
221,0.38009049773755654,0.07735672805975238,16672.46835872115,1.1177521716184595
221,0.4253393665158371,0.22011744480371206,47719.189595032265,1.368880927586465
221,0.3936651583710407,0.11734304823961947,25341.833583449392,1.1839768837178173
221,0.4072398190045249,0.154293349964178,33205.18829920837,1.246108661774548
221,0.38009049773755654,0.07807197372553873,18080.783779247133,1.1297281245393438
221,0.4796380090497738,0.37668260400438275,80851.44782378603,1.6828447419344519
221,0.3891402714932127,0.10384821216515297,23162.322503345822,1.1663004947457758
221,0.4298642533936652,0.23645850412767766,49954.08458179278,1.3900501500081646
221,0.45701357466063347,0.3103281815287438,66980.86729596916,1.543800655185708
221,0.45248868778280543,0.29445174277888914,63922.859899325966,1.5131206367408003
221,0.416289592760181,0.19376617079705788,40822.70019529999,1.3094639295636703
221,0.416289592760181,0.1795648212084996,39228.096075148635,1.2952087369358591
221,0.37104072398190047,0.043078574746785905,9723.363749036704,1.0679965524204367
221,0.40271493212669685,0.13704779839374415,28369.176256818784,1.2087717127863498
221,0.3891402714932127,0.10568469503852326,22576.594389541617,1.162670534721173
221,0.42081447963800905,0.2011553493984175,43058.65611407019,1.3269111080393405
221,0.497737556561086,0.4313929162758632,93485.5553391361,1.8244622821431475
221,0.46153846153846156,0.32312157179367207,69809.18810182149,1.5748546771610723
221,0.45248868778280543,0.2884755025614855,62977.91618588865,1.5069676222650106
221,0.4072398190045249,0.15842601756395197,33354.863935541725,1.2469018551008448
221,0.4253393665158371,0.21836559166627995,47948.68082930079,1.3713005331222141
221,0.4072398190045249,0.15961626615031216,33252.90090487499,1.2479370333145994
221,0.4072398190045249,0.1627221488025802,36679.957315235224,1.2744303212104098
221,0.38461538461538464,0.08103471341411508,18121.753867836414,1.130267157575147
221,0.40271493212669685,0.14386381009784252,30825.043985658514,1.2286657749657934
221,0.40271493212669685,0.1374258990183183,29298.59415775251,1.2152372184160263
221,0.3936651583710407,0.1126365691062223,25802.120061881138,1.1885307672233165
221,0.4253393665158371,0.21887864933486134,45839.23936278729,1.3511020768955684
221,0.39819004524886875,0.13034227419867267,28045.738476491322,1.2040674417405335
221,0.3891402714932127,0.104042653318051,22968.015865617985,1.167478036590163
221,0.4072398190045249,0.15593977805042125,34002.53510635452,1.2533316576565436
221,0.39819004524886875,0.13570525865540498,28964.084317403227,1.2125693052511801
221,0.3891402714932127,0.10624395100653031,25577.93713190425,1.1860522795626975
221,0.4253393665158371,0.21380488608152767,45066.31184021366,1.34374679218102
221,0.4253393665158371,0.20967581205833977,46250.23343771665,1.3571002109013692
221,0.4434389140271493,0.2690088067520773,57152.7496517743,1.4514832141392513
221,0.4117647058823529,0.16972847419389533,37007.52250584628,1.2797202949468744
221,0.42081447963800905,0.20075196719878582,43829.90929231528,1.333905248541523
221,0.43891402714932126,0.2592565014502821,56073.44726230908,1.443386613214163
221,0.42081447963800905,0.20038615467615145,41977.78402720568,1.31807604786064
221,0.4117647058823529,0.16865687224489323,37785.830663918554,1.2830073904589898
221,0.45248868778280543,0.2949112864194883,62869.91799978222,1.5055355075350962
221,0.4479638009049774,0.2856618569401902,61930.73924494762,1.4998679798799075
221,0.40271493212669685,0.14016875549983407,30358.079919079122,1.2231720945596491
221,0.42081447963800905,0.19894056428803059,41295.30170302291,1.3120119020662875
221,0.39819004524886875,0.11512363825672538,26187.859982231137,1.1924594005374967
221,0.4298642533936652,0.2218441357130754,48694.73376391913,1.376877519131361
221,0.4343891402714932,0.241476751383295,52400.17610414887,1.4089014040454837
221,0.4253393665158371,0.2044476402236457,44224.68337385604,1.338119688292814
221,0.416289592760181,0.18318211617834945,40978.77683094367,1.310612970274093
221,0.416289592760181,0.1705912561385619,36358.48110758148,1.2737345574600987
221,0.4298642533936652,0.22972161509664996,50349.17531587157,1.3929124835203275
221,0.4072398190045249,0.15844299542048768,35222.70092262452,1.2615327840913568
221,0.38009049773755654,0.07646917031244811,16210.453083972781,1.1148289031869438
221,0.3665158371040724,0.039290581570678065,9190.692446107396,1.0639455230888493
221,0.36199095022624433,0.024219572433304505,5978.718792920492,1.0413006506264813
221,0.43891402714932126,0.24772352555121052,53161.548910771075,1.4162581286093772
221,0.3891402714932127,0.09615637028715494,21513.712478463225,1.154780221595466
221,0.45701357466063347,0.30958952993777045,66120.46056712861,1.534901536401481
221,0.4117647058823529,0.17372600432832122,37504.35557557268,1.281947664782185
221,0.3891402714932127,0.10722947665912738,22978.537868053594,1.1659371512587458
221,0.42081447963800905,0.1997955335675405,43423.70874887503,1.328649261272451
221,0.39819004524886875,0.12377347752771155,28660.479896305904,1.210271494155855
221,0.39819004524886875,0.1180911774581436,24363.797844273566,1.1773438696850584
221,0.416289592760181,0.18727655833486892,39049.70295874479,1.2934146222729213
221,0.42081447963800905,0.19271141442957315,40578.120829402214,1.3066729398064754
221,0.3574660633484163,0.01017715936975379,2584.5001828278973,1.017695319522668
221,0.42081447963800905,0.1875302889842898,40595.71844476577,1.3086110122376076
221,0.4298642533936652,0.2284911538199768,49924.3388832469,1.3874310550414888
221,0.34841628959276016,-0.01378865558328698,-3576.1215449776573,0.975799513972869
221,0.4072398190045249,0.15792952477635291,33161.981958577264,1.2458640753018346
221,0.4117647058823529,0.17281320306223372,35569.06502209705,1.2652719155064853
221,0.4117647058823529,0.17307070086363535,37406.15460949713,1.2794466259689345
221,0.40271493212669685,0.11423846767126093,25361.478525997332,1.188242611567819
221,0.42081447963800905,0.20088793020094395,42898.763369160115,1.3266020715657139
221,0.4072398190045249,0.16096720329254496,36305.06232212111,1.2702676363925878
221,0.4117647058823529,0.17228716213240403,37653.69184695633,1.2823864607669506
221,0.4434389140271493,0.2574899463041411,55713.21142227255,1.4386434105683992
221,0.38461538461538464,0.08898013246414158,20706.868097640374,1.1494442078311937
221,0.4072398190045249,0.1595378587951939,35113.24143674575,1.2611739709472864
221,0.4434389140271493,0.2650927921527963,58040.778590569054,1.4636150726336163
221,0.45248868778280543,0.2973030409888335,64514.510745115724,1.5236001561316876
221,0.4072398190045249,0.1613231430095855,35242.72135448001,1.2624187197169483
221,0.4343891402714932,0.24155857554987906,52446.54014032349,1.4091807055043517
221,0.4343891402714932,0.24040256246511907,52374.70665648437,1.4059040315366982
221,0.4253393665158371,0.2124507949423231,45918.658929386016,1.349945190207141
221,0.36199095022624433,0.027976911156168467,6058.228701288326,1.0419870511618368
221,0.4343891402714932,0.23432652568562415,51460.80319669124,1.4008808327238504
221,0.37104072398190047,0.04853669667116383,10321.354633819294,1.0722546509109958
221,0.4343891402714932,0.24107557444943206,52030.636239073785,1.4046540399573524
221,0.3891402714932127,0.10585827918847443,22204.145490745752,1.1590105839052247
221,0.4117647058823529,0.16439598748613446,34039.794226565966,1.2522291580638443
221,0.39819004524886875,0.12036667717429717,27329.559633688466,1.2009140341371145
221,0.40271493212669685,0.14572609539224818,30953.602205466992,1.2267622517190433
221,0.4298642533936652,0.2276472537136824,49391.67038619984,1.3810898300334202
221,0.4072398190045249,0.15960741605533127,34266.927214480806,1.2537701517578546
221,0.37104072398190047,0.05482365098318849,12709.615457030044,1.0896797102055584
221,0.416289592760181,0.1906578452817508,41197.967955413485,1.3118026282786748
221,0.39819004524886875,0.13755937068280263,29821.877297930914,1.2194679777600341
221,0.416289592760181,0.17960075947232923,39654.46436794485,1.299293922359679
221,0.4072398190045249,0.1517077305086051,33522.028128973194,1.2499859896631738
221,0.3891402714932127,0.10843143172037488,22094.980372728915,1.1602452368407339
221,0.4751131221719457,0.35721945436101277,77533.99091540076,1.6509566907332829
221,0.40271493212669685,0.14588600978456787,30830.70181023358,1.2281682075264924
221,0.4751131221719457,0.36237379043268253,79153.5890372796,1.66419607918997
221,0.43891402714932126,0.24972320657973274,53556.99401683807,1.4208533569020332
221,0.416289592760181,0.19099724027127446,40796.6085091008,1.313624769722805
221,0.4117647058823529,0.1677498882213716,37524.64395927225,1.2818303072409072
221,0.4298642533936652,0.23080667459509707,51611.357172619006,1.4028705203780167
221,0.39819004524886875,0.13109833516202823,27897.81703525175,1.2038722627276666
221,0.42081447963800905,0.19847520263292848,43301.80474892679,1.3292397412617578
221,0.4253393665158371,0.21375043114788014,46151.986321012664,1.3537670571558316
221,0.3755656108597285,0.05757716226752533,12186.476798062567,1.0855655334492933
221,0.3936651583710407,0.11856093297867808,25794.55075547715,1.186898100206537
221,0.497737556561086,0.4302598780432382,93232.02403474847,1.8128168278351904
221,0.3936651583710407,0.11475620575038191,25666.805011037737,1.187066442357099
221,0.4298642533936652,0.22084555517405519,47688.69980304928,1.3691427963121658
221,0.3212669683257919,-0.09939300381219676,-20349.932264690175,0.8681374302812074
221,0.48868778280542985,0.4039926493303857,87440.82710920065,1.7520443878482754
221,0.416289592760181,0.18642580747263443,40144.511788026146,1.3034761384439564
221,0.38009049773755654,0.07755433535021278,17498.985462538105,1.1242673471165394
221,0.3936651583710407,0.11972780493123755,26101.648939529085,1.1893842356488373
221,0.40271493212669685,0.14705692298054948,31264.42227923,1.231370831913845
221,0.4298642533936652,0.22730494704089893,50457.901274806936,1.3899174446299554
221,0.45248868778280543,0.2890870569713826,62189.231878867475,1.4991804882533337
221,0.37104072398190047,0.0466734174504386,9367.20950783894,1.0653307160456096
221,0.4253393665158371,0.21479623402057668,46247.61890738994,1.3554298702058258
221,0.45248868778280543,0.2863938258324977,63364.766359391,1.5149116241530933
221,0.36199095022624433,0.017050482826829614,4409.0307970530885,1.0303894768027198
221,0.3755656108597285,0.061150593392066695,14850.43401404346,1.1050288320068555
221,0.4253393665158371,0.2140159769925694,46602.59414382708,1.3581497012225527
221,0.4796380090497738,0.3781454982750021,82822.04252614058,1.7072885773762716
221,0.4253393665158371,0.21605191107934324,46649.1204134832,1.3583996013486463
221,0.4343891402714932,0.24467873492370554,52669.51163464945,1.411407723949373
221,0.40271493212669685,0.1388776646465297,31188.835498896624,1.231017645435903
221,0.3755656108597285,0.051798756239384604,12053.887649772001,1.0848650529462163
221,0.45248868778280543,0.2951385771927547,63776.678373088325,1.5139048184651809
221,0.39819004524886875,0.1319341170108335,29570.803014437624,1.2188012722059773
221,0.4117647058823529,0.16384586683886118,35296.37520316655,1.2628434450058892
221,0.4434389140271493,0.2600832714773409,56665.535738048486,1.4480655535807063
221,0.4298642533936652,0.23132075279036765,48968.1927652321,1.3789571272715009
221,0.4072398190045249,0.16082771401594995,34410.254209940256,1.2560086087481148
221,0.42081447963800905,0.19484232194373313,41489.2433484418,1.3159231363201656
221,0.40271493212669685,0.14103756133803066,31310.22978505091,1.2352017910401456
221,0.5113122171945701,0.47639059377944476,101873.19258846069,1.9259056930850316
221,0.3755656108597285,0.06374365773318012,13950.47141111538,1.0981488136147857
221,0.4479638009049774,0.28116852927711034,61417.782246703726,1.4901622218231667
221,0.3891402714932127,0.10507326665255469,22358.18825994363,1.1610526794060883
221,0.3936651583710407,0.12293193188206074,26004.371699424257,1.1906015098741374
221,0.416289592760181,0.1892510212028986,41813.966679979,1.3182217265734213
221,0.3891402714932127,0.10702330100448654,23935.986687224748,1.1734262120067664
221,0.39819004524886875,0.1358403518954665,32282.899435298532,1.2401639517247827
221,0.3574660633484163,0.0034948954147648046,-2037.8199407916509,0.9861591806146744
221,0.3755656108597285,0.05853776687891552,12485.047322818542,1.0879034426590157
221,0.45701357466063347,0.3095731079280589,65806.04786843047,1.533284471735739
221,0.4479638009049774,0.2815850975401843,59761.44358909238,1.4740795641218363
221,0.3891402714932127,0.0977848546916368,21395.169267677877,1.1540265495683892
221,0.37104072398190047,0.0425022691134816,9263.673001981166,1.064894515834195
221,0.3891402714932127,0.10586643231993481,22801.255130456404,1.1647114928886177
221,0.4434389140271493,0.2644507554732895,58031.2416826266,1.4608372683994617
221,0.33031674208144796,-0.07238596269959865,-15422.609788159412,0.8980278564095844
221,0.4434389140271493,0.2675595302181372,59213.04282060459,1.469536710488537
221,0.4343891402714932,0.25422260495537313,55476.626977542546,1.4404825140615183
221,0.3936651583710407,0.11753599356355457,26373.44383984879,1.1918049109724134
221,0.4117647058823529,0.18018259154742663,39043.33839233193,1.2949000784660218
221,0.4343891402714932,0.23426266190711328,50573.34412110926,1.3922648231567134
221,0.43891402714932126,0.24668730448605458,53858.14296260812,1.4206780143838444
221,0.38461538461538464,0.08345457496810857,18050.1549103802,1.1290935723640954
221,0.37104072398190047,0.05205889413970718,11606.455590909205,1.081076552077437
221,0.3755656108597285,0.06671618717429068,14911.588124004604,1.1058384128670486
221,0.3891402714932127,0.09757973751555513,18871.659371425158,1.1353766318967535
221,0.40271493212669685,0.13934682848649674,31163.19815408809,1.2313293440909745
221,0.3891402714932127,0.10881953200456396,24066.795829190967,1.173912086432835
221,0.45701357466063347,0.3000103562192531,65065.87368123453,1.5280293471072643
221,0.43891402714932126,0.2553719305196166,56644.72749553638,1.4479539645406314
221,0.4298642533936652,0.23262031200644953,48825.62078949933,1.3796043656103152
221,0.46153846153846156,0.32693080268243624,70563.53968903597,1.5819751175337684
221,0.3891402714932127,0.09630966232677722,22867.72249626467,1.1655702987509886
221,0.38461538461538464,0.09158986548738869,19730.790703859784,1.1409083396866497
221,0.34841628959276016,-0.013980136138378639,-2145.664486818181,0.9854320145696203
221,0.37104072398190047,0.05065214152420999,10224.148632525445,1.0718643047391752
221,0.43891402714932126,0.2573855252745585,55912.14929457741,1.4417568815648698
221,0.35294117647058826,-0.006965864986455319,-625.4132458765616,0.9957344218312515
221,0.42081447963800905,0.2006874788719756,43789.80917753809,1.3340906379666353
221,0.39819004524886875,0.1327683390887193,31064.28911608494,1.228880296913749
221,0.4434389140271493,0.2674230345077501,58312.9670188851,1.4624152131255612
221,0.4343891402714932,0.23380117313764753,49788.976161842234,1.3877435696053255
221,0.4298642533936652,0.22791976923206833,50196.50837509497,1.3900199229447538
221,0.3936651583710407,0.11852822966532386,25243.438415128567,1.1830722249685008
221,0.4343891402714932,0.23085045305409868,49607.98494459797,1.3846328192994546
221,0.3891402714932127,0.10614526450194929,24253.561889358512,1.1758988486322612
221,0.39819004524886875,0.13382459791051482,27310.462134827198,1.1988354098797693
221,0.39819004524886875,0.1365067101175191,30169.383888311335,1.2223390734417476
221,0.3665158371040724,0.04130682249682093,9997.867851798692,1.0698828265172546
221,0.42081447963800905,0.19936172808795197,42961.35043182166,1.3257183334476297
221,0.38009049773755654,0.06868723975227947,15661.963324389702,1.112328275902942
221,0.3574660633484163,-0.0035262180533727865,-190.86852493242327,0.9986953445799435
221,0.3891402714932127,0.10651460927315619,21480.645791795116,1.1547713528876946
221,0.416289592760181,0.18082518790712301,37809.80286759451,1.2848706238420435
221,0.40271493212669685,0.14896796141998678,33708.15424214842,1.250237179945312
221,0.45248868778280543,0.29431437171429686,64289.52964021351,1.5164631271912687
221,0.36199095022624433,0.024717644374457753,5718.291279867614,1.0395627921680841
221,0.35294117647058826,-0.0043915410039573385,-479.12338885881036,0.9967452847267106
221,0.4072398190045249,0.16346865927810894,36637.157058694036,1.275182180445342
221,0.40271493212669685,0.14617517932923035,32397.431250378486,1.2385337439923898
221,0.43891402714932126,0.2571119562902738,54714.201275493215,1.4325952182176611
221,0.4117647058823529,0.1642673754915562,36262.870014978405,1.2711724101814899
221,0.35294117647058826,-0.0043164904579761736,-1563.0120073353053,0.9894207862441778
221,0.38461538461538464,0.09874624359622408,23297.775495723286,1.169020699465902
221,0.4253393665158371,0.21540561352229365,48706.726850924024,1.376752313404489
221,0.4117647058823529,0.16546960762478463,36621.523118169964,1.2743388975960475
221,0.416289592760181,0.17624713765561695,38437.11571117832,1.2895577734067654
221,0.3891402714932127,0.09542758588061812,19024.719856783413,1.1359861689200754
221,0.4253393665158371,0.2186329556495808,45916.1092790837,1.3560764141411
221,0.4298642533936652,0.2256875336368142,48738.74839434668,1.3754262725315944
221,0.3574660633484163,0.014018694141008835,2388.2356114429713,1.016344325861576
221,0.4253393665158371,0.212806501243526,45893.06360247061,1.3507364783705935
221,0.45701357466063347,0.29426136654902174,63173.315380876506,1.5106069783097
221,0.3936651583710407,0.11815916510276585,26088.452150293444,1.1899285434965772
221,0.40271493212669685,0.1455527475255595,33263.737756895585,1.2466142271774776
221,0.4434389140271493,0.26572244173391396,57524.86520598468,1.4558754408974683
221,0.4117647058823529,0.169613813003178,36248.98592476576,1.2712194805784753
221,0.37104072398190047,0.05067968215266043,9954.612689730577,1.0696456992877967
221,0.4343891402714932,0.24504961551953547,52406.77903858424,1.4092425500490382
221,0.3755656108597285,0.06447032636330066,13348.874744237917,1.093999807230153
221,0.4072398190045249,0.15937933171347315,34429.93951332189,1.2549332951664307
221,0.38009049773755654,0.07825398942093993,16960.37118063621,1.1207068009849614
221,0.42081447963800905,0.19374420720525654,42883.91304532794,1.3257566243288017
221,0.4343891402714932,0.2370726217633798,50625.7045370167,1.3952120048277312
221,0.4434389140271493,0.2647727359748758,56578.70579628981,1.4461534732423602
221,0.45701357466063347,0.3126340565879449,66930.5100789572,1.5443701958626337
221,0.3891402714932127,0.10005672910534888,21298.58154530592,1.152880241791696
221,0.4298642533936652,0.22670612120013767,48458.68894372336,1.3734449944957356
221,0.4434389140271493,0.2673242446775032,56745.60510303627,1.446554555161878
221,0.45701357466063347,0.30865057145895175,66672.55805022994,1.5395486302558168
221,0.4298642533936652,0.22464639851710072,47903.262695501224,1.3716807265879072
221,0.4751131221719457,0.3583180211034333,76347.82114533061,1.6507992141762198
221,0.3393665158371041,-0.04394371350662728,-8533.614887125826,0.9429363707697608
221,0.4072398190045249,0.1553474206501186,33420.43334534252,1.2475005278958315
221,0.4343891402714932,0.2387111657628662,51609.75641427026,1.401789401892373
221,0.39819004524886875,0.1286855356381685,29054.579605797233,1.214236740090238
221,0.4072398190045249,0.15537085366937853,34194.33439123909,1.254485911855743
221,0.4298642533936652,0.23397300906731444,51290.49792530618,1.4016964007967112
221,0.4253393665158371,0.22045430421280643,47370.493507131134,1.3680667554677137
221,0.4072398190045249,0.1507458299745343,33294.96184291006,1.2460188806902168
221,0.4253393665158371,0.214168081938794,46945.979463153686,1.3594143318408096
221,0.38461538461538464,0.08391947280976919,18441.165266611948,1.131781648852444
221,0.4660633484162896,0.3290534114982176,70235.62170754587,1.579039186292071
221,0.3936651583710407,0.11063381535868223,24322.197692839323,1.176422672550899
221,0.43891402714932126,0.2523883964632524,55473.40182155011,1.4364680841974184
221,0.46153846153846156,0.32383812590729005,69265.37773817133,1.565581723998601
221,0.4479638009049774,0.28243112081021293,59075.9099044356,1.4704880862949277
221,0.3936651583710407,0.10681817687972682,23101.146149323275,1.1676855049227257
221,0.3891402714932127,0.10507891072780806,23732.51955511659,1.1715333022878056
221,0.31221719457013575,-0.1317410649257673,-28503.295747830467,0.8178907884463864
221,0.40271493212669685,0.14546538094592354,32097.326714073646,1.2366415509419921
221,0.4298642533936652,0.21436879447651483,44388.68710032023,1.344182903453921
221,0.4072398190045249,0.16643230442332002,35897.05944634178,1.2692201652596031
221,0.45248868778280543,0.294326876816233,64911.812330576155,1.5236520940341058
221,0.36199095022624433,0.009244150265022752,3496.041745324116,1.0243108867051371
221,0.38009049773755654,0.07295377286448969,15123.974511962631,1.1071185133869468
221,0.4298642533936652,0.21822248318800005,48021.19853329644,1.3708544618194909
221,0.40271493212669685,0.14635390716619576,30823.295615069852,1.2275221028480552
221,0.416289592760181,0.1722224649474386,38205.82567597862,1.2883903069538623
221,0.4479638009049774,0.28183214515302535,61335.742325177256,1.4904610750803036
221,0.3665158371040724,0.03707879098506812,8720.315837698885,1.0605164578078128
221,0.42081447963800905,0.19836663170086566,42539.18577336549,1.3216998129232456
221,0.45248868778280543,0.28944602879788056,62465.067143422944,1.504591664749987
221,0.4072398190045249,0.1559477657130892,34821.933855953466,1.2593062182339798
221,0.34841628959276016,-0.011277399261744021,-3174.4161691777044,0.9784007361900767
221,0.4253393665158371,0.20016488320660145,42264.579102978634,1.3235024844117862
221,0.4072398190045249,0.15945985040521532,35419.38020200613,1.2638566238811335
221,0.40271493212669685,0.13973118800920137,29440.048809686454,1.2166265777813154
221,0.39819004524886875,0.12786045345412464,28858.28699800568,1.2128227104790796
221,0.4253393665158371,0.2110526418971921,46571.548212992326,1.3577432495582953
221,0.43891402714932126,0.2535075282800891,53974.09634206334,1.421928428739084
221,0.4072398190045249,0.15953260722992174,33708.9276590759,1.2534070884974942
221,0.38461538461538464,0.08222994747712349,17870.520435262697,1.127189126825145
221,0.39819004524886875,0.132307989210273,28815.034667463606,1.2113686960690535
221,0.416289592760181,0.16541382559397189,35651.23633880297,1.2701146559042036
221,0.4072398190045249,0.1601834489636753,34676.13766338475,1.2590650932474081
221,0.416289592760181,0.18991751545771998,39662.111059895054,1.2989720075857811
221,0.4479638009049774,0.28229112343875434,61663.807403096995,1.4943137839011496
221,0.47058823529411764,0.345009158485744,73957.03077412982,1.6169776474146502
221,0.40271493212669685,0.13291960766937302,28120.895379064932,1.2082313880961308
221,0.416289592760181,0.1907272286582746,41597.58016859692,1.315747376294789
221,0.3936651583710407,0.12194578250808459,26629.872055245694,1.1953158740499417
221,0.4343891402714932,0.2406596558421278,52679.52015338605,1.4118474673666035
221,0.3257918552036199,-0.07953670333895022,-16688.490003829265,0.8903261374976645
221,0.37104072398190047,0.043325271483416965,7916.085470475844,1.0549928030878186
221,0.45248868778280543,0.2957861790119417,63619.99256756542,1.511933725944902
221,0.4796380090497738,0.37039915402644075,79483.51528556956,1.6710444384208443
221,0.4841628959276018,0.3912349194606746,83557.61894099931,1.7130552279374234
221,0.46153846153846156,0.3216767506459442,68162.43410515497,1.5564065593378602
221,0.4117647058823529,0.1706336548921773,35757.37302156791,1.2676905279513988
221,0.416289592760181,0.18673009732648913,41485.748249839846,1.3135047752937006
221,0.45248868778280543,0.2977316360934387,66702.1362638027,1.5428638065482632
221,0.39819004524886875,0.12368179131130741,25351.189650864202,1.185345126602246
221,0.4253393665158371,0.2132118028844533,46151.576836438,1.3530861696645493
221,0.45248868778280543,0.2969120201956698,65327.644704746985,1.5293885663288895
221,0.3936651583710407,0.11244859466316301,23568.556090184895,1.1711100655108906
221,0.4434389140271493,0.2597481785003774,53964.3855608195,1.4270152231819775
221,0.3891402714932127,0.09557078803441137,20998.993324975738,1.1516996427968473
221,0.42081447963800905,0.18154196777056958,39178.73283400505,1.2967057310543502
221,0.4072398190045249,0.1584349907042302,35417.2440814303,1.262505008385408
221,0.38009049773755654,0.06216250429334856,14245.52813422294,1.101314426064945
221,0.43891402714932126,0.25411545506376354,54781.433561770944,1.4290178640755624
221,0.3936651583710407,0.11142279520793484,23842.447472854445,1.1725322333053678
221,0.3393665158371041,-0.046789953906818685,-10853.36439762502,0.9275175328690758
221,0.39819004524886875,0.13189540486765577,29015.1985398405,1.212663741578061
221,0.3936651583710407,0.11480521020094352,25014.986425013325,1.182514651194762
221,0.43891402714932126,0.25418354255592274,56331.473104660254,1.444001370408427
221,0.4117647058823529,0.1728135174428136,37019.1225567808,1.2768952171015375
221,0.4343891402714932,0.23198313601902537,50238.30070699592,1.3929162108088535
221,0.5113122171945701,0.47071106686828434,102121.11577450432,1.9244724256057189
221,0.334841628959276,-0.05728337983106208,-11542.489168937704,0.9234693670948854
221,0.416289592760181,0.19555911061365341,42758.6838074509,1.327507056159185
221,0.40271493212669685,0.13830669055695172,29651.67757395662,1.2189148765931805
221,0.3755656108597285,0.06252679720486722,13515.10861786014,1.0949720481624854
221,0.3891402714932127,0.10235608078663208,20857.76948073022,1.1505068791710131
221,0.46153846153846156,0.3161492889024415,68867.94994369967,1.5652930146016526
221,0.3936651583710407,0.11779136170947274,26036.571450977397,1.1893433194853682
221,0.42081447963800905,0.2014019794432524,43000.473267361325,1.3271754397736446
221,0.38461538461538464,0.09036555953460702,20180.347131752198,1.1441634386084352
221,0.4841628959276018,0.38053765227862063,82546.23766705468,1.7057144394906627
221,0.42081447963800905,0.18754014322481125,40911.437702129704,1.3135525158336965
221,0.4298642533936652,0.22703415892936213,49757.662274326074,1.385205186434605
221,0.45701357466063347,0.30102479694065704,65608.5208442051,1.5317979625704745
221,0.38009049773755654,0.07857562136239751,18152.93747554768,1.1294285728751847
221,0.3936651583710407,0.11204169671321479,24915.27255106387,1.1812482308409291
221,0.40271493212669685,0.1462699421392214,33138.679181957166,1.2447898758104246
221,0.416289592760181,0.17861786346736877,38630.21764654649,1.2927562600959561
221,0.4072398190045249,0.15937024191098512,35859.243822208875,1.2681094112970142
221,0.3755656108597285,0.05540253984984943,12249.204468726462,1.0865931012203445
221,0.39819004524886875,0.1324501480484667,27845.835846721544,1.204681136343984
221,0.45701357466063347,0.30774725477439097,66776.13967642441,1.5421982487653203
221,0.4660633484162896,0.33279690364340697,69905.74422696125,1.575504494423946
221,0.48868778280542985,0.4046876985714185,85550.74340996039,1.7322660108661512
221,0.3665158371040724,0.030162152199487285,8280.753621560452,1.0577298122745735
221,0.3665158371040724,0.03166880941387202,7260.88948700828,1.0506456790057213
221,0.4117647058823529,0.173226290280831,36387.73405955461,1.2718141730107173
221,0.38009049773755654,0.07012580694909706,14797.213103479262,1.1047973983547519
221,0.334841628959276,-0.056470570749884735,-11325.916912086084,0.923917420549101
221,0.43891402714932126,0.2542876425421521,55844.95476426008,1.4404530717226047
221,0.43891402714932126,0.2520208076039243,54895.793641547076,1.4318667469952808
221,0.38009049773755654,0.07360908857489525,16853.228740722727,1.1204840528614328
221,0.416289592760181,0.18596477081901389,40965.23462405032,1.3102166846658743
221,0.4253393665158371,0.21087839481248336,45198.33576567851,1.347324980249238
221,0.42081447963800905,0.19462159444594568,41305.26302164225,1.3135434545915197
221,0.3891402714932127,0.10779618003720749,25393.84256905333,1.1842526434047478
221,0.3755656108597285,0.06390908965283973,13328.066723894859,1.0936032864593777
221,0.3755656108597285,0.06081896678051646,11247.05307334405,1.079041868110631
221,0.3755656108597285,0.06532001675233312,13416.910865127706,1.0944532484342964
221,0.39819004524886875,0.1297364022190674,28810.96589125383,1.2128197481348668
221,0.4434389140271493,0.2670915472582961,57214.16759074686,1.452475808730831
221,0.3936651583710407,0.11852192933338819,26502.138705326186,1.1935638024430892
221,0.46153846153846156,0.3268374528860171,70942.28781947214,1.5910723796575963
221,0.3755656108597285,0.05655390210611168,11517.067706589467,1.081173165239356
221,0.3393665158371041,-0.03632960414211233,-8491.527487045074,0.9429730877916981
221,0.40271493212669685,0.14501599992441289,30262.34151207909,1.2218223732872313
221,0.42081447963800905,0.20232360471591623,42217.776426979864,1.320806519593539
221,0.3936651583710407,0.11671144218461063,25573.703553675252,1.1861784425607818
221,0.38461538461538464,0.09523214351862408,20589.42952713333,1.1480689727964983
221,0.48868778280542985,0.4054061384379954,85001.50409570667,1.7376429001242666
221,0.37104072398190047,0.03983998434399587,9408.713915678725,1.0660359555961076
221,0.40271493212669685,0.14600269685116268,29779.78415627866,1.2189265727622711
221,0.4117647058823529,0.1769535579667474,37200.30425209753,1.278444096042653
221,0.38009049773755654,0.08217575154128744,17420.67279636252,1.1243286911406403
221,0.45701357466063347,0.30514212505782984,63649.80095963931,1.5170364721435856
221,0.3891402714932127,0.09750334448204379,21816.55882795192,1.157277163228774
221,0.39819004524886875,0.12479427556122176,27446.78582378912,1.2004189279294262
221,0.3755656108597285,0.06450100108267265,15546.931180962325,1.109711815087278
221,0.4343891402714932,0.23481362494802055,50610.59337371358,1.3946392291548462
221,0.4434389140271493,0.2590942525775493,55089.29705334669,1.4360994867111185
221,0.42081447963800905,0.1979956253925085,41811.297322174236,1.3193040910079077
221,0.4343891402714932,0.24275602623941114,51359.808906388105,1.3985188523348588
221,0.3755656108597285,0.058087019160237605,11358.042632129669,1.0798667859303095
221,0.4072398190045249,0.1584079627661705,35256.9463461312,1.262440425998671
221,0.416289592760181,0.1859789005716972,40811.021251951635,1.30939699708547
221,0.4253393665158371,0.20424659200847195,43320.06456808848,1.3322345009120002
221,0.4253393665158371,0.20083138585160062,42994.94761993816,1.3289492170357922
221,0.39819004524886875,0.1335295355999128,29412.82316738709,1.217351837546899
221,0.3212669683257919,-0.10416560345961896,-23015.42199525406,0.851318065179081
221,0.38461538461538464,0.08574644132229502,18010.67850610677,1.128232512998028
221,0.3574660633484163,0.013503399490212726,3053.815335319743,1.0211477657093748
221,0.37104072398190047,0.04392914284235951,9612.38722450501,1.0672147053751107
221,0.4841628959276018,0.38389292413251636,83862.43116047294,1.7172083090529056
221,0.45248868778280543,0.2903671485557631,61962.96487749751,1.500018187434046
221,0.3755656108597285,0.062099535999224034,13495.50800778099,1.095619549582291
221,0.39819004524886875,0.1327067837380642,29904.077320586934,1.218403258947347
221,0.4253393665158371,0.2178642963740946,48059.39580052086,1.371800361161886
221,0.46153846153846156,0.3219924753170573,68735.94446863624,1.5610343289148725
221,0.416289592760181,0.18645038537899036,41941.25698551348,1.3177688576880586
221,0.39819004524886875,0.13694838010828972,30963.682618027357,1.2281353940715458
221,0.37104072398190047,0.04406774830735032,10819.451463972742,1.076169696917006
221,0.4660633484162896,0.3293156276069071,71058.30517210891,1.5858370001986166
221,0.4072398190045249,0.15169482601227607,32644.483373436793,1.2423266770899255
221,0.38009049773755654,0.07828173006133005,17767.422518397332,1.1261371462497722
221,0.4434389140271493,0.2687338146306906,56909.70335729531,1.4482045242653514
221,0.42081447963800905,0.19748586618405775,44000.47862988668,1.3355327335072353
221,0.416289592760181,0.18764592856776313,40003.72919143534,1.3016455592637868
221,0.47058823529411764,0.35058766580800854,75952.09103173856,1.6390985958187776
221,0.4253393665158371,0.2073874127830613,45130.501070469516,1.3441090817093138
221,0.3891402714932127,0.10531834943310273,23900.486364398806,1.1726747979724899
221,0.45701357466063347,0.3090248750993013,67564.92334911587,1.5489255441256204
221,0.3891402714932127,0.10518994544905781,22759.14272090676,1.1636924539766007
221,0.4072398190045249,0.1571538150012678,35132.8387676573,1.2622098362690866
221,0.4343891402714932,0.2416586249770758,52073.07360706128,1.4045035803249688
221,0.42081447963800905,0.20006410222945664,43093.44307004218,1.32867568510742
221,0.3755656108597285,0.06314912898351183,15650.892750839897,1.1105956196650337
221,0.40271493212669685,0.14581411104026681,32561.342765686713,1.2408318174062791
221,0.40271493212669685,0.14097085078965005,30155.533482664887,1.2214119646246822
221,0.45248868778280543,0.2869854682527716,61675.949457475275,1.494181527434941
221,0.4343891402714932,0.24020461780461738,51722.58439319691,1.4004599448681985
221,0.4298642533936652,0.2273497867127521,49013.72845058476,1.3778863217791844
221,0.47058823529411764,0.34264290965801114,72508.14130331895,1.598403766786043
221,0.4434389140271493,0.2602675506341122,53981.80139755342,1.4252162222382203
221,0.416289592760181,0.18559982339510242,40889.78145177881,1.3084985448099786
221,0.45701357466063347,0.2918036172508304,62768.890642173144,1.5092328937129764
221,0.39819004524886875,0.1341719637035182,28820.41660900249,1.211510511156174
221,0.38009049773755654,0.06937306421173906,15453.728256200295,1.1108393056273118
221,0.4343891402714932,0.2264702728526877,50199.978520903736,1.3928581827892803
221,0.4796380090497738,0.3776203481918705,79005.89788984055,1.6683150760569796
221,0.4117647058823529,0.16736612663198397,34377.431438241605,1.256674053878804
221,0.37104072398190047,0.05013936727475319,11510.525458202119,1.0806471986245363
221,0.38009049773755654,0.08079936345247807,18242.121946045067,1.1297790203821767
221,0.4117647058823529,0.1751240174868428,38747.06625513285,1.2909001881385027
221,0.46153846153846156,0.32533641551002346,70430.91591230762,1.5794675382790924
221,0.39819004524886875,0.13578091528071082,31885.958975286398,1.2356602427343295
221,0.38009049773755654,0.07887081693050225,17789.953777285475,1.1267292514126919
221,0.39819004524886875,0.142154916901013,30271.924298966318,1.2244456574449658
221,0.3936651583710407,0.12257600831758335,25143.06422690311,1.1826764301783586
221,0.4253393665158371,0.2175716900777557,47120.72409020176,1.3630097196419537
221,0.42081447963800905,0.19990297203496743,44092.659389820445,1.3336477626151084
221,0.4072398190045249,0.15378728347012857,34507.08532447462,1.2577037587066169
221,0.4298642533936652,0.22090028175760168,46030.10410863202,1.3541156029124546
221,0.4253393665158371,0.2120844660552681,44618.7256734225,1.3403026753704117
221,0.37104072398190047,0.04219163616543871,9626.984497070775,1.067356627723107
221,0.3665158371040724,0.042713727697744765,9945.065061588853,1.0695407862172843
221,0.37104072398190047,0.055500990618151044,12481.176694329499,1.0876346357836677
221,0.40271493212669685,0.13831870880503094,31128.865069900392,1.2300911361735345
221,0.3393665158371041,-0.053183367351429665,-11167.252992979385,0.925645689529978
221,0.38461538461538464,0.09637583363979571,21805.10572760887,1.1579017797927704
221,0.47058823529411764,0.34109190098726405,76148.01549880145,1.6381705594349485
221,0.4479638009049774,0.2732890464374501,59348.30088633886,1.4731450502619303
221,0.4298642533936652,0.23125990619128656,51347.3608887477,1.3997296377070376
221,0.46153846153846156,0.30621080136629975,66947.36424739465,1.5480603652253662
221,0.3665158371040724,0.03725595425849176,6223.727097775043,1.0429070276205528
221,0.3755656108597285,0.05590132775655541,12131.503370550028,1.085354820868468
221,0.3891402714932127,0.09699153189798153,20346.735722258258,1.1463557942628417
221,0.45248868778280543,0.29868117906351344,63536.10266271392,1.5129989370259902
221,0.42081447963800905,0.20048100834722743,42817.492941348115,1.3246062184637186
221,0.42081447963800905,0.19953841683513832,43617.48507301694,1.332713129426483
221,0.4343891402714932,0.24028276706842164,52320.78640507183,1.407410882871618
221,0.4298642533936652,0.22841998597827906,49336.33301173589,1.3827011576525525
221,0.42081447963800905,0.20005470383395027,41246.877578301115,1.3109080942225841
221,0.4072398190045249,0.15334160319243656,31952.039365318065,1.2371511976385425
221,0.4253393665158371,0.21336871331868293,44597.232898316535,1.3402677637593923
221,0.4751131221719457,0.3627860288919579,78498.98414509567,1.6623208023080158
221,0.38009049773755654,0.07917727977554057,16726.366528591734,1.1182152949658015
221,0.4298642533936652,0.21834150629329116,47219.14033412085,1.363958583782067
221,0.38461538461538464,0.08436928338498072,18392.72250008289,1.1314253768039495
221,0.37104072398190047,0.05060487200392524,10804.681558325266,1.0754535130945353
221,0.3936651583710407,0.12379778656490358,27653.468869239005,1.2029250929731263
221,0.3574660633484163,0.010025317746349282,2429.0617906713524,1.0166417993586399
221,0.4253393665158371,0.21294507485272227,45009.644868175455,1.3460357775076661
221,0.4072398190045249,0.16284875603423113,33620.70164724243,1.2496352638868133
221,0.3936651583710407,0.12188173327445276,26375.59017420282,1.1925681414623115
221,0.39819004524886875,0.13334363237786098,30128.074521329952,1.2213482783026426
221,0.416289592760181,0.18739677903227805,39438.0749767825,1.2966919938954447
221,0.4117647058823529,0.1728588753342536,37347.609525572,1.2786145596149179
221,0.46153846153846156,0.307251796319255,67934.19527695641,1.5577951048040024
221,0.4434389140271493,0.26434139041629556,57474.594099045426,1.457057820955218
221,0.4751131221719457,0.3587374337799347,76661.86140374052,1.6464699792580426
221,0.3574660633484163,0.010219018823711727,2036.7563636617124,1.01389396695339
221,0.4117647058823529,0.1657737142675017,34299.16957722286,1.2560189783293223
221,0.43891402714932126,0.2523970336630091,54967.469672042935,1.4343723335879992
221,0.4253393665158371,0.21264376131771862,46112.40038954649,1.3560054201014942
221,0.3755656108597285,0.05897633809578246,12138.432794215294,1.0855328663736716
221,0.38461538461538464,0.09382226291361834,21163.7057526539,1.1526750532401584
221,0.4253393665158371,0.20122024590476903,44485.56290379629,1.3438242672179614
221,0.4298642533936652,0.22015303231846461,48923.41482412189,1.3780557004669471
221,0.40271493212669685,0.14629317143579945,32116.140565742273,1.2364669434694033
221,0.45248868778280543,0.2999049653357999,67198.53920433219,1.5487789304891535
221,0.3936651583710407,0.10676275413679545,24144.780259188465,1.1763972655678845
221,0.416289592760181,0.17782119880365455,38603.6729955338,1.2912141090221398
221,0.45701357466063347,0.30035461278806247,63895.86380070281,1.5154526531193027
221,0.39819004524886875,0.13196796778642128,27899.960369280197,1.2046199063274579
221,0.416289592760181,0.17388446406762395,38570.48390002133,1.2912648919128429
221,0.4072398190045249,0.15674583319631474,33050.83012076007,1.2450629104364077
221,0.3936651583710407,0.12779772771721318,27651.24927311054,1.202983918064631
221,0.34841628959276016,-0.015721558660372847,-3111.37628410474,0.9789070623698518
221,0.43891402714932126,0.24502184444034128,52997.41788614512,1.4143036342310222
221,0.39819004524886875,0.1252205823370984,27078.327951004227,1.197847568414488
221,0.36199095022624433,0.02444177588546584,4705.970971136221,1.0323227496564358
221,0.43891402714932126,0.2582538593625396,56623.327865411324,1.449179598730893
221,0.4117647058823529,0.172818661233224,36278.6114799779,1.2708359020292639
221,0.48868778280542985,0.3983056879328283,83531.31899216812,1.7214259333410928
221,0.4479638009049774,0.2796661095802862,60867.25856146466,1.48380666427734
221,0.4479638009049774,0.2718429268570558,57379.68415579727,1.4571874272793135
221,0.4298642533936652,0.20161010745320604,45662.24367075231,1.3538805519997739
221,0.4479638009049774,0.2837276610310181,61774.6265584379,1.494798563312421
221,0.5248868778280543,0.5046393598285998,109773.8650468209,2.0153902048391665
221,0.4072398190045249,0.16106354880692395,34448.16407313134,1.2568782264293954
221,0.3891402714932127,0.10533534777704007,22833.235726502953,1.163934990149114
221,0.4072398190045249,0.15549040806446532,33134.572830999336,1.2468011569850646
221,0.46153846153846156,0.3124441373278968,67100.75744587259,1.547833270312348
221,0.3665158371040724,0.031014601034003497,6216.867812850122,1.0431081811934635
221,0.36199095022624433,0.02697469648501229,5838.306408393637,1.040408564998154
221,0.38009049773755654,0.07787101814903812,15741.992694005177,1.1117161929089296
221,0.4479638009049774,0.28202519403985626,59942.36595987031,1.476046550599637
221,0.4343891402714932,0.2402765185825256,49762.151406234465,1.3841557781167781
221,0.40271493212669685,0.14875143357649698,33006.867094778834,1.2443050886389082
221,0.45701357466063347,0.30941433968025583,64052.34801948673,1.5203769867552557
221,0.4479638009049774,0.2798391368136191,58168.59398696379,1.4658410708586143
221,0.4343891402714932,0.24048058771406905,50952.11427527061,1.3955267401647231
221,0.39819004524886875,0.12513691795010745,25817.164074065073,1.1889418372382519
221,0.4434389140271493,0.26781796064180613,57876.06363278846,1.4573698729911388
221,0.43891402714932126,0.2560662900516115,56460.514922401635,1.4464396184442556
221,0.39819004524886875,0.12909380756750025,27809.876116187894,1.2042388553562569
221,0.38461538461538464,0.0916727835932373,20551.62705738537,1.147677948620049
221,0.4253393665158371,0.21368656372539274,45618.138819564585,1.3489378413343032
221,0.42081447963800905,0.20639708804339604,45147.94374077907,1.3487936495499875
221,0.416289592760181,0.1892679453140994,42098.49591270451,1.3204703578011852
221,0.2986425339366516,-0.16371276100346369,-34636.100934667964,0.7821552070216672
221,0.4072398190045249,0.15169147566738356,33669.39827930437,1.2497293960189304
221,0.3936651583710407,0.11919450729080586,25519.1257274311,1.185231191343961
221,0.416289592760181,0.1815922549815366,38067.72721394031,1.2858749477022622
221,0.39819004524886875,0.13339072769658059,28586.340085547396,1.2092041352579843
221,0.4117647058823529,0.16880824477374914,37416.41446790054,1.2804469681401867
221,0.416289592760181,0.19358728968649055,42073.00992002251,1.3211964425133462
221,0.4072398190045249,0.15986121239599269,34370.00627079347,1.2553505257715825
221,0.40271493212669685,0.14116735836441544,33115.34787871578,1.2469375787736188
221,0.46153846153846156,0.31524815715005794,68122.24481709741,1.556860979319621
221,0.42081447963800905,0.20182929549960846,43086.85202217047,1.3273994670355647
221,0.38461538461538464,0.08330113256191744,17798.413156590042,1.1271624467171817
221,0.4253393665158371,0.21322370730727727,45257.27087317758,1.3468756810617624
221,0.38009049773755654,0.057702638826984655,12119.12303936498,1.086321171131295
221,0.3891402714932127,0.09775519303570793,21696.92339824776,1.1562215243977256
221,0.3891402714932127,0.10573903300549882,23729.588724750523,1.1714477043838114
221,0.4434389140271493,0.26757002525063306,58287.55211321633,1.4620314824878036
221,0.4072398190045249,0.1653637760260898,36212.051671845664,1.2710788430791244
221,0.4434389140271493,0.2603124290028657,54835.65055707238,1.4336929706704993
221,0.4298642533936652,0.2300581328535987,50703.09656814536,1.3929992775881606
221,0.43891402714932126,0.24803901107163934,52509.870881824645,1.4099393820569328
221,0.4479638009049774,0.2762632249997013,59818.21949177193,1.4809837560227888
221,0.3891402714932127,0.10478111372056197,23444.862872392034,1.1692160917302938
221,0.4479638009049774,0.2819685669537236,61424.88559247651,1.4913840560049854
221,0.3891402714932127,0.10600347738135607,22812.33970129397,1.1639876336981696
221,0.42081447963800905,0.198978256465904,43306.35737346578,1.3275697737411325
221,0.4298642533936652,0.22111462615782443,47563.94464678353,1.3672615213441297
221,0.3891402714932127,0.10687658168352138,23411.062142247698,1.1695406233977255
221,0.3936651583710407,0.10986035483935015,24564.72461251963,1.1787064620489396
221,0.40271493212669685,0.14922847393509944,33213.23173500327,1.2466026095321143
221,0.3891402714932127,0.10085894929978388,22316.658243332255,1.1611580602543945
221,0.4479638009049774,0.2820410434688697,62949.34533806924,1.5066202068576493
221,0.38461538461538464,0.09289558108744345,20176.193584800756,1.1442715961942311
221,0.416289592760181,0.1787697833295675,39691.48717551616,1.300478289293568
221,0.4072398190045249,0.14829498147222778,31974.47063963067,1.2375962273937458
221,0.38461538461538464,0.08555674965046602,18486.375931230577,1.132239439342364
221,0.40271493212669685,0.15149280941040993,33249.822841981164,1.247552141896948
221,0.46153846153846156,0.3256865369503591,68216.71776713792,1.5574091634667144
221,0.40271493212669685,0.14559263276722795,31315.533832638146,1.2302842787098263
221,0.4343891402714932,0.2407773733934997,52625.83643975809,1.411713484140248
221,0.3936651583710407,0.12484234615846189,26372.2547625575,1.1925194045591805
221,0.38461538461538464,0.09061974341761411,20477.341690349007,1.1464526138807616
221,0.4298642533936652,0.22082764451201253,47624.646200654905,1.3668202750049439
221,0.43891402714932126,0.25821359116096226,55688.708109235864,1.4391180389527878
221,0.416289592760181,0.18471428183707667,39351.93551403178,1.2962608795316988
221,0.38461538461538464,0.08405662604452767,18198.984567806277,1.1300421197857036
221,0.416289592760181,0.18672846295186327,39069.11486801154,1.292758359139384
221,0.5158371040723982,0.4758922254915973,101931.98392468212,1.9254438004937922
221,0.45248868778280543,0.28896311373064,62068.359981507165,1.497176612467143
221,0.38009049773755654,0.07245022529141518,15953.15908906241,1.113096817736843
221,0.4751131221719457,0.3589372033564099,77301.81740869576,1.6495821038122682
221,0.4434389140271493,0.26119740361357596,56661.7162961718,1.4484828715147515
221,0.38009049773755654,0.06953946965073436,17119.899504654066,1.1226195622799306
221,0.4434389140271493,0.26835516547098254,57769.64910440413,1.4563918380396867
221,0.4117647058823529,0.17274288187666326,36877.14487286548,1.2749461410260077
221,0.4117647058823529,0.17282974289140496,37492.43486315209,1.2799642553558832
221,0.4117647058823529,0.16771700925903382,37087.89987461222,1.278237400074513
221,0.4253393665158371,0.21410716950527114,44606.01491475968,1.3401156787586812
221,0.3755656108597285,0.06390592082103803,14502.123616829282,1.102879882120636
221,0.3891402714932127,0.0996812665186273,21053.90183039413,1.15204192808787
221,0.4072398190045249,0.15533317862373514,33593.00556122821,1.250842905941595
221,0.39819004524886875,0.12561145536550924,27232.208058935656,1.1991223053156979
221,0.40271493212669685,0.14641772380679519,31752.62403572615,1.2343692846892205
221,0.43891402714932126,0.25963150558458853,56382.31145031427,1.4456129651583063
221,0.39819004524886875,0.13084426477046707,26842.452671034036,1.1952119398660166
221,0.416289592760181,0.17849385336887813,38386.444516965814,1.2885867468891508
221,0.42081447963800905,0.20812494880235058,45077.991921203764,1.3474361537338508
221,0.38461538461538464,0.08894945940597229,18687.60557289353,1.1338375629556368
221,0.3936651583710407,0.11482917818812752,24235.38621554804,1.1758093631636175
221,0.40271493212669685,0.14491579299916746,31785.057755014273,1.2341365770662158
221,0.3936651583710407,0.11098409683747693,25826.66346372164,1.188274853742419
221,0.4841628959276018,0.38395418996186503,84248.6999794094,1.728283602663845
221,0.45248868778280543,0.29492042199763613,63532.57952207877,1.5123246673142126
221,0.36199095022624433,0.02329277070814502,5543.598911304816,1.0382630475883212
221,0.37104072398190047,0.054010112763563614,11395.256513499618,1.079948482142007
221,0.3891402714932127,0.1066111396775667,23280.960792716607,1.1687663439028784
221,0.47058823529411764,0.34966212547252845,76522.58511527893,1.6392094835372433
221,0.4072398190045249,0.15168921409647132,32042.314008698308,1.2381777611866507
221,0.4253393665158371,0.213177850815431,47375.672355109986,1.3676179254757392
221,0.4117647058823529,0.17569594533898622,37751.22695546546,1.2842017452353813
221,0.3665158371040724,0.037711067578318325,8903.396224154283,1.0618287036452805
221,0.43891402714932126,0.2529808923396782,55619.364552176645,1.43676891435111
221,0.37104072398190047,0.05563778639042042,11494.068103517999,1.080796907491325
221,0.3936651583710407,0.12361245745683275,26810.40364515312,1.1960727989331619
221,0.4253393665158371,0.19965985308827383,42120.37849515736,1.3245734427289249
221,0.36199095022624433,0.020025886332330274,3539.4274139422296,1.0245719311523636
221,0.37104072398190047,0.044530442869414814,9216.388079199332,1.0643012338435516
221,0.3936651583710407,0.11834495184667576,26570.96890199332,1.1926542547090329
221,0.40271493212669685,0.14089979038533829,30269.77037463531,1.2222647830705555
221,0.3665158371040724,0.043146761703245676,8336.694082295748,1.0581922489405908
221,0.3936651583710407,0.11463902551562467,25491.34036937776,1.1867627411007338
221,0.4751131221719457,0.366055155481387,78625.6853943057,1.6652601224940289
221,0.40271493212669685,0.14513871620136956,32422.000885162903,1.241115595023143
221,0.3891402714932127,0.10277571007363151,22620.678661911785,1.1645054389649758
221,0.4479638009049774,0.2736520564054132,58774.25438221199,1.4672782963503708
221,0.4117647058823529,0.17285833192680847,35322.18622763339,1.2641377050573481
221,0.4660633484162896,0.32192960403219545,70048.46551421881,1.577086714713741
221,0.3755656108597285,0.06123921956156616,13354.340098891655,1.0947912028100375
221,0.3891402714932127,0.10383310528464554,22419.257934201836,1.1611766007638469
221,0.4298642533936652,0.23205758739766055,51129.699373002484,1.400332605262379
221,0.4072398190045249,0.16491581548755826,35608.18008065233,1.2668564805366087
221,0.39819004524886875,0.12453134991146493,27603.338170486873,1.202295543721705
221,0.3755656108597285,0.05854614530441055,13109.784453765242,1.092842690619456
221,0.38461538461538464,0.0857448056685169,17234.090829836085,1.1233151441667233
221,0.39819004524886875,0.1324708283168041,29034.991737983528,1.2120221531407656
221,0.40271493212669685,0.1511232760355723,33789.55986013438,1.2517037282059882
221,0.416289592760181,0.18634371665884394,37964.292287678414,1.2843897223402783
221,0.3212669683257919,-0.10329420572085254,-20806.718306151757,0.8645399547959718
221,0.416289592760181,0.1647778825368138,35040.02090036397,1.263571230192195
221,0.4072398190045249,0.16011110041236018,36745.213123847694,1.2748474057595758
221,0.4253393665158371,0.21680738825032103,47310.271897053295,1.363573118719907
221,0.47058823529411764,0.3494632348270219,75597.03491680417,1.6281426259399043
221,0.3438914027149321,-0.03041257820647439,-4976.246849922909,0.9664983085650198
221,0.3891402714932127,0.10436694138200886,22724.924304597916,1.1640181844859439
221,0.4434389140271493,0.26095593195736744,56113.352755466345,1.4421291770069478
221,0.42081447963800905,0.2003514696854825,43870.06639416632,1.3350231875895358
221,0.4343891402714932,0.24379196125790537,53772.054880915995,1.4216594365084478
221,0.4072398190045249,0.15247393581943222,31954.346910205604,1.2370223541926693
221,0.45701357466063347,0.3027738826553006,66262.70861660436,1.5394887588884014
221,0.47058823529411764,0.3398369230259995,72111.56036382422,1.5955740179253146
221,0.37104072398190047,0.04200816765144083,9146.412585676948,1.0639164260972795
221,0.42081447963800905,0.20028936618100157,43199.08180204431,1.3284436014293013
221,0.3936651583710407,0.11859295383893434,23721.68441001593,1.1714874241875461
221,0.4117647058823529,0.17238794999022689,36920.01252338096,1.2753184115821445
221,0.42081447963800905,0.19416884687573827,42590.91689610865,1.3259284378059053
221,0.39819004524886875,0.13127463495422442,28898.092483459226,1.2108071242639467
221,0.4751131221719457,0.358830534701095,76433.37674273095,1.6401726712727862
221,0.4072398190045249,0.15164043139416208,34496.76669876497,1.2574399774028504
221,0.4117647058823529,0.1754687426107753,38650.34917091289,1.290705748904312
221,0.38009049773755654,0.06750827316301683,13398.156938612712,1.0962379649884786
221,0.4343891402714932,0.24413280284951988,51448.64739194054,1.4022476545524247
221,0.4117647058823529,0.1776410189097215,37335.4665506014,1.2802800673724264
221,0.40271493212669685,0.15053580469833394,32920.26401660571,1.2450289340876983
221,0.4343891402714932,0.2369679052283808,51007.24581861873,1.3996443097520115
221,0.4343891402714932,0.23484240753715452,50037.904908455945,1.388705780012023
221,0.4298642533936652,0.22812292533971554,49043.80039867898,1.379287830926208
221,0.3936651583710407,0.12316039043157985,26271.874274002075,1.1920076560375972
221,0.4117647058823529,0.1654956751183078,35592.653648905216,1.266757879013653
221,0.3936651583710407,0.1103342951474417,21707.579658454757,1.1563707754195296
221,0.3755656108597285,0.0639891276867294,14638.575616480834,1.1030785007242774
221,0.416289592760181,0.18562547694198164,38602.98015125336,1.290078544523685
221,0.42081447963800905,0.19991235904393218,41918.191392519446,1.3162334326266105
221,0.43891402714932126,0.25472672441611616,55021.33467986317,1.4307219435510086
221,0.42081447963800905,0.2038034338536302,42624.24269146648,1.324515648109776
221,0.3393665158371041,-0.057154457882345217,-12485.01581304508,0.9167046695253582
221,0.35294117647058826,-0.015696493356783296,-1973.2454459888722,0.9865254085371871
221,0.4072398190045249,0.14230753729398715,29907.44484697822,1.220485439159175
221,0.38461538461538464,0.08813205254380642,19999.8941849502,1.143864713763667
221,0.3438914027149321,-0.031096176023682524,-5427.867106464204,0.9635193937055941
221,0.4298642533936652,0.23202743445389928,50591.4578947454,1.393791690091836
221,0.4434389140271493,0.26745584012925105,58448.264384145565,1.4618595757670907
221,0.35294117647058826,-0.008198169498420792,-69.35859279320084,0.999526500503571
221,0.4072398190045249,0.1629570062398132,35084.10062135028,1.2619407921785752
221,0.416289592760181,0.17709448686581641,39459.95985071514,1.299378216212815
221,0.4343891402714932,0.24270658387149466,53423.881557465094,1.418306853771144
221,0.38009049773755654,0.07845456411382327,16624.429612463602,1.118509551445561
221,0.4343891402714932,0.23920893495199466,51996.32490479622,1.4046502713656044
221,0.416289592760181,0.18062172520813413,39733.049348702465,1.2998438088675153
221,0.34841628959276016,-0.017909266050902477,-4308.761762446225,0.9710029915475621
221,0.3936651583710407,0.10184377668035333,22235.677911868275,1.1612767272251312
221,0.4796380090497738,0.3680506793298407,79208.4540981504,1.6728357796850004
221,0.4072398190045249,0.1536654312447102,33396.8068574752,1.2479345548670218
221,0.4343891402714932,0.23945944956532958,51774.43216285705,1.4022985326694541
221,0.3936651583710407,0.11990322460972645,26303.891899273796,1.1917297800296924
221,0.416289592760181,0.18612584950046518,38586.46961555345,1.2890983835166112
221,0.3891402714932127,0.10976783180214407,23710.745530625587,1.1718204351948402
221,0.45248868778280543,0.2865719591109623,60466.60181559611,1.4845134840449792
221,0.45701357466063347,0.31008994000756024,67641.66266170671,1.5560132799063704
221,0.416289592760181,0.18871684117126986,40154.86306749817,1.3032649184544194
221,0.3755656108597285,0.05954624719470317,13002.840047440419,1.0917213963021133
221,0.38461538461538464,0.09081482345689713,19888.029428639435,1.1416177974960706
221,0.4343891402714932,0.23574906579327393,52509.785254694856,1.4089261908833428
221,0.3936651583710407,0.11861761896490033,26448.701444360846,1.192962748928371
221,0.4072398190045249,0.16236774141843918,34354.0353080396,1.2565747309454012
221,0.46153846153846156,0.3192172827228539,69314.27042222812,1.56609347057239
221,0.4253393665158371,0.21763396204599755,47785.00457877777,1.3679280673234162
221,0.38461538461538464,0.09683917622653965,20849.58165420129,1.1501802150884224
221,0.3755656108597285,0.06332743392169306,12703.189547378885,1.0888482276316154
221,0.4343891402714932,0.22691118793428425,49001.62187585066,1.3830522248041168
221,0.40271493212669685,0.14522880953729086,31572.27664583786,1.2318695562097723
221,0.4072398190045249,0.13820237420094925,30545.72949645341,1.2274853731109285
221,0.42081447963800905,0.19530943665193565,42707.16454261821,1.3277094331955217
221,0.4117647058823529,0.1788128220050683,39101.94905083287,1.2956150268600208
221,0.4253393665158371,0.19057558946592684,43126.59514967052,1.3326782766584204
221,0.45248868778280543,0.29010270451161646,61853.29103777372,1.502827075294155
221,0.42081447963800905,0.19945487531193862,42543.8383835328,1.3232814084857902
221,0.4343891402714932,0.2373378849382823,49422.231777545814,1.382858521676407
221,0.4298642533936652,0.22783435669817317,49524.12363937871,1.3836110811610864
221,0.39819004524886875,0.11689940465134356,25268.13581271422,1.185234573811298
221,0.42081447963800905,0.20562428253561588,43188.99587770287,1.3293308135526611
221,0.38461538461538464,0.09162618324839704,19575.154682759105,1.1399386148539181
221,0.4117647058823529,0.1749762639079021,37819.252063927896,1.2842902555688145
221,0.4072398190045249,0.15776753108293282,34493.49175367017,1.257216094795506
221,0.3755656108597285,0.05831820438192434,11732.741758797554,1.0818730408091735
221,0.43891402714932126,0.25786903955232565,55204.31097764158,1.4339816058150967
221,0.46153846153846156,0.322263291457386,69197.75407399144,1.571059600868684
221,0.4434389140271493,0.2715294844758915,59435.45477255049,1.4733420210060664
221,0.3936651583710407,0.11774622739720107,26530.79566818007,1.1932682632889522
221,0.42081447963800905,0.19912433790922252,40827.84599478069,1.3107752462835107
221,0.4072398190045249,0.15730597284619058,34461.94895077697,1.2552111450386367
221,0.4298642533936652,0.2280811669493228,48425.73997825367,1.3743288727746845
221,0.4298642533936652,0.2318426600822956,50528.98788139527,1.3935484369852118
221,0.4434389140271493,0.2628582897697265,54932.09990666552,1.433514825030655
221,0.43891402714932126,0.26020494174721526,55602.244237185914,1.440407493320517
221,0.38461538461538464,0.09071032077594753,20481.877181346994,1.1471876399127
221,0.3891402714932127,0.09529394280673106,21461.655312209823,1.154622433901717
221,0.37104072398190047,0.049618478182966226,10941.383887377586,1.0764776957603939
221,0.4479638009049774,0.28202126027532326,60064.21089671552,1.4800239879970851
221,0.4751131221719457,0.3632728065180514,79501.14355621723,1.6723679938590295
221,0.4117647058823529,0.17240239190307144,37810.46197096319,1.2838958030570888
221,0.416289592760181,0.1858115161739483,41226.552062367045,1.3101692081055638
221,0.40271493212669685,0.13756566750747162,28708.659321748506,1.2100156656326515
221,0.4434389140271493,0.2679033263472581,58548.67288750975,1.463311321308204
221,0.4343891402714932,0.24188444184602748,51676.929207211135,1.4049910855538776
221,0.40271493212669685,0.1518000198576699,32132.37726408525,1.237686944488488
221,0.4434389140271493,0.2680707456905417,58277.82607720666,1.4606674681798304
221,0.416289592760181,0.17336111988580746,36472.30253038785,1.2737390776846207
221,0.40271493212669685,0.13694371250893814,29893.14559349254,1.2199487997983307
221,0.4343891402714932,0.2287029006943895,50095.721871867674,1.3923191277900082
221,0.4298642533936652,0.22619971462166782,48696.750571031545,1.3755571765017192
221,0.3755656108597285,0.0650344473398632,15159.546034351748,1.106909405325755
221,0.46153846153846156,0.32468060288795053,71888.64134689527,1.5920005688724237
221,0.39819004524886875,0.12805602897592105,27402.89457356114,1.2004580153060203
221,0.38009049773755654,0.08411537931492225,17585.435300264515,1.1258119777683528
221,0.4796380090497738,0.37685448750142414,81882.99541932033,1.6969568148178586
221,0.4298642533936652,0.22946597557548074,48517.27251720483,1.3743525727865697
221,0.42081447963800905,0.1990255178438562,44838.609003253325,1.3458064573647222
221,0.4434389140271493,0.272216395693478,58677.26758863563,1.4679081445595181
221,0.4298642533936652,0.23038874466919268,49557.99826384336,1.38367554744616
221,0.42081447963800905,0.19302228278374226,42964.44564420395,1.3281765101727343
221,0.502262443438914,0.44430439726841253,96884.11038520797,1.858811336607253
221,0.3665158371040724,0.03442978835534928,8107.100692979529,1.0563151617755313
221,0.42081447963800905,0.20009279568385557,42179.162115680774,1.3188944032140149
221,0.3755656108597285,0.06430445562842507,15235.92129159905,1.1076887606176318
221,0.3936651583710407,0.11827855716788863,27670.3034209572,1.2023626197782793
221,0.416289592760181,0.18651369360380057,39151.77041187831,1.2949865145049562
221,0.3891402714932127,0.10504543423141643,22131.354350446163,1.1592563669797737
221,0.40271493212669685,0.15158654041770583,33005.93920642083,1.2450381848134002
221,0.334841628959276,-0.0522533238822798,-11550.330670548086,0.9231548857554822
221,0.46153846153846156,0.3006447569455092,64645.26579865099,1.5276666633530847
221,0.38009049773755654,0.07855362763374893,17148.52226772758,1.122541164087123
221,0.38009049773755654,0.07482582458468412,15213.562877373883,1.1087133553050155
221,0.40271493212669685,0.15166434568231732,31551.603567666818,1.234338811682136
221,0.38461538461538464,0.0844122984827341,19652.476756053213,1.1411549087706345
221,0.38009049773755654,0.07544046948164027,15267.254442848165,1.1088006934974135
221,0.3755656108597285,0.06504234560562819,15120.215533731394,1.1067959461822239
221,0.4298642533936652,0.22733936549113354,50019.83617646361,1.3868316320521814
221,0.40271493212669685,0.13789655991303781,29963.58334234533,1.2208918843188332
221,0.4343891402714932,0.22619394311408694,47396.98378088625,1.3649478376548463
221,0.4479638009049774,0.2815727126395409,60282.878867659965,1.480219193948819
221,0.416289592760181,0.18697810432873987,41602.56674933067,1.3170855244404884
221,0.416289592760181,0.18082077883816988,39650.29227648665,1.3000552456700496
221,0.37104072398190047,0.05190798378438177,11256.534726624523,1.078971828529411
221,0.416289592760181,0.1857290949764177,40797.18055142056,1.3079100264813686
221,0.42081447963800905,0.19138957377787238,39390.273979804224,1.2973968621511283
221,0.4343891402714932,0.2426346217713162,52078.03008170727,1.4049186823967497
221,0.416289592760181,0.18580336855836235,40779.622787234875,1.3105287768880283
221,0.4343891402714932,0.22765165452295874,48468.84553652175,1.3775681602487837
221,0.4434389140271493,0.27210429732509667,58223.50303351756,1.4637464217183191
221,0.4298642533936652,0.226560863203643,47410.16712778315,1.3623010752587397
221,0.37104072398190047,0.03157483692084201,5556.274213383955,1.038703560326768
221,0.4479638009049774,0.2774991751333718,60697.33542090556,1.4843461743492565
221,0.4751131221719457,0.3683388158483394,78842.26147633759,1.667084130909838
221,0.4660633484162896,0.3357032632002264,71680.80386884618,1.5886876959250025
221,0.40271493212669685,0.14639835842049898,31284.933283401217,1.2300970550164896
221,0.37104072398190047,0.046758627441083944,9565.905573257984,1.0668566916431301
221,0.4479638009049774,0.27802372995969304,60198.66446579652,1.482324714527602
221,0.4072398190045249,0.15890096522700095,32673.167670203307,1.2413866961637061
221,0.4072398190045249,0.15937140050616874,33850.96569434888,1.2512909837137882
221,0.38461538461538464,0.09644033519153457,21367.866124700235,1.1545242215570768
221,0.45248868778280543,0.2882075521670506,63142.468350556825,1.5100578456518134
221,0.36199095022624433,0.022786676110119995,5464.366354286757,1.0378136913146445
221,0.43891402714932126,0.2367101829815874,53057.77138597931,1.4176706451401166
221,0.38461538461538464,0.091490400610221,19220.48538494319,1.136805684404909
221,0.4253393665158371,0.2188137303329622,47558.5706715407,1.3671437139477598
221,0.416289592760181,0.16682622918381143,35201.569627566176,1.2649541143215268
221,0.4117647058823529,0.17255183864619925,35849.74183548245,1.2673299465740666
221,0.39819004524886875,0.13566382169430066,29818.361932011387,1.219452017863024
221,0.40271493212669685,0.14446338939676373,29547.47276846766,1.2196273763291483
221,0.4117647058823529,0.17077928924307192,37670.38484625,1.283989827068063
221,0.502262443438914,0.4430508936284264,95832.49760420338,1.8474026710639564
221,0.38461538461538464,0.09155665312222754,18500.34004514356,1.1317622839508525
221,0.4072398190045249,0.1423658103719144,31824.53564260916,1.2367776226396505
221,0.45248868778280543,0.29645998542333146,63236.99109373025,1.510246963263183
221,0.3574660633484163,0.015570476978944061,4089.921333674042,1.0282963605826405
221,0.3936651583710407,0.11492681337428277,26395.469406541924,1.1921765311041332
221,0.4434389140271493,0.2645873116331635,58394.19913801776,1.4665142806377884
221,0.35294117647058826,-0.003166665851556463,-1463.2219758636456,0.9900696316658228
221,0.42081447963800905,0.182344981033813,38885.70972132789,1.295861718954693
221,0.4434389140271493,0.266984983323925,56715.71836362919,1.4460017480576266
221,0.43891402714932126,0.25964030730936877,56446.41716228194,1.446453001079541
221,0.3755656108597285,0.056371863747169224,12970.50230308285,1.0915504460784877
221,0.4343891402714932,0.23673452575284204,51595.17707172985,1.4026997933125693
221,0.37104072398190047,0.05332130754040351,11629.318096424839,1.0814810696068131
221,0.4343891402714932,0.2452289106198249,52014.48907905046,1.4056035603045167
221,0.4343891402714932,0.23649115187463496,51105.59621512835,1.3990517475049804
221,0.3665158371040724,0.0227252327249085,5776.1065621799335,1.0401647762835613
221,0.37104072398190047,0.043808797265345034,11102.2467584319,1.0780735611082137
221,0.4072398190045249,0.15678713772991706,34451.65810397667,1.2579052172138352
221,0.3393665158371041,-0.049099775648499634,-10634.256842175728,0.9289859609163441
221,0.3891402714932127,0.10378025997596835,24017.157262228015,1.1740942206625735
221,0.4479638009049774,0.280576239196222,61295.594806273046,1.4880771368723587
221,0.4479638009049774,0.2870100555077081,63094.212758327194,1.5105658149968215
221,0.4343891402714932,0.24502004025772217,53405.1532277635,1.4184157297345559
221,0.39819004524886875,0.13322968745075314,29522.237332945995,1.2165264941760152
221,0.35294117647058826,-0.002623458646520265,-713.7311771071709,0.9951423610959014
221,0.4479638009049774,0.2810404955462254,60753.37971245036,1.484766287991954
221,0.3891402714932127,0.10209802731596147,22081.655771303987,1.1600893131913481
221,0.4343891402714932,0.2405995033904374,50704.017815963096,1.3940711496798395
221,0.4343891402714932,0.24796663987819426,53274.35623689802,1.4203723593183528
221,0.36199095022624433,0.010639411285857266,2108.359397656517,1.014479402183899
221,0.4253393665158371,0.21403081631423646,46142.70776159462,1.356223848863532
221,0.4072398190045249,0.16171091378868832,35508.867663115176,1.2650743115063297
221,0.3891402714932127,0.10434501272496402,22424.913639331746,1.1608313680451692
221,0.43891402714932126,0.24870477779041117,54833.809939172446,1.4332373918849277
221,0.40271493212669685,0.1443499863821612,29755.686476148257,1.2182944523112038
221,0.38461538461538464,0.09192790750319009,19953.416981455015,1.1426443631068932
221,0.39819004524886875,0.13197440011075218,29481.143606700618,1.2164420016622592
221,0.3755656108597285,0.06468349793195603,13678.57318543101,1.0965806972102676
221,0.4343891402714932,0.23380118900307764,49505.2232693518,1.3833030354983764
221,0.3755656108597285,0.05132641227179887,12615.735303855097,1.089118446468557
221,0.497737556561086,0.42136978197455466,89919.48720072058,1.7875563009073234
221,0.40271493212669685,0.14649950678919416,32216.562932711553,1.2384941443760338
221,0.39819004524886875,0.1275730981064512,28447.976234841226,1.2097252557034568
221,0.40271493212669685,0.14731363414341217,31947.077161505644,1.235844846014786
221,0.416289592760181,0.1844547466517397,39680.88507436531,1.30213742646519
221,0.4660633484162896,0.3347240691777989,71845.77221575184,1.5955192905589424
221,0.33031674208144796,-0.0712628291368706,-13758.887080136252,0.9088950717540242
221,0.45701357466063347,0.3066533412722057,67342.84821272052,1.550359411987664
221,0.3891402714932127,0.10856007743474926,24650.04000410183,1.179155343357616
221,0.38009049773755654,0.07763374487867723,16785.936086539732,1.1194386492494426
221,0.3438914027149321,-0.029183702325093087,-4785.261545263526,0.9677035159212014
221,0.4434389140271493,0.2723392901015896,58043.85110077463,1.4621869983228284
221,0.37104072398190047,0.050492262473427384,10963.049739525599,1.0766349924915029
221,0.4117647058823529,0.17699450175916417,37662.14276672187,1.2817324846156557
221,0.4072398190045249,0.1615772893451641,36861.561213090295,1.2754809954994424
221,0.4072398190045249,0.16185707414039507,34646.13869658611,1.2587404851355146
221,0.4072398190045249,0.16084099019866427,36511.69161088027,1.2722838962054905
221,0.4117647058823529,0.1734893806636124,35565.396517348796,1.2664029687955787
221,0.38461538461538464,0.09205833971691896,20914.239655277517,1.1497235770330108
221,0.4117647058823529,0.17262490286862062,36305.76039693042,1.2710512620185892
221,0.42081447963800905,0.198170902714152,43003.370005113335,1.327860649445364
221,0.4434389140271493,0.2629827294798901,55994.76780891241,1.4442626485749288
221,0.38461538461538464,0.09085234072809535,19726.793247231304,1.1403311172974193
221,0.4479638009049774,0.28148057777119156,60035.18114476069,1.478092291535267
221,0.46153846153846156,0.32109795859604134,70798.1313780532,1.5804007502671007
221,0.49321266968325794,0.41550908665268266,88230.48083571182,1.7647666629291137
221,0.40271493212669685,0.1412425914198505,32897.68149824811,1.2446936063024279
221,0.3167420814479638,-0.11069965168624062,-23789.7769329098,0.8468773281266326
221,0.38009049773755654,0.08059285327897694,17323.097212033772,1.1233220514184497
221,0.4253393665158371,0.19861142421073347,43282.80408427959,1.3325344136713837
221,0.3936651583710407,0.1278313078717792,28167.257673051485,1.208060888255189
221,0.3574660633484163,0.0073434291099516375,2094.964925061201,1.0144093599607333
221,0.4072398190045249,0.15335648040244257,32482.700537944558,1.241335422885286
221,0.4434389140271493,0.25374800197366837,53630.470297096625,1.421758169760398
221,0.38461538461538464,0.0879638650602841,18368.28185479955,1.1319661570377222
221,0.4660633484162896,0.3299627929909373,68951.52924943062,1.5634521733990507
221,0.4117647058823529,0.17367998197789736,37301.36979680412,1.2792591416594956
221,0.3574660633484163,0.011641564391933796,2573.851425230806,1.0176446058050646
221,0.3665158371040724,0.03778749791831133,9046.710238964102,1.0629089214521465
221,0.43891402714932126,0.25478420445463823,54660.02436693039,1.4299472077858568
221,0.34841628959276016,-0.014104618990150974,-1850.1234456670923,0.9873773595713284
221,0.38009049773755654,0.08411546869610236,19292.111135435916,1.1383179204426217
221,0.37104072398190047,0.04407333419594462,8544.10494057056,1.0594871595257018
221,0.36199095022624433,0.0294043855884904,7115.405506152221,1.0494684232748657
221,0.45701357466063347,0.2968033395016008,64951.608047680405,1.5269685638678916
221,0.40271493212669685,0.1357383540476963,29182.85522843241,1.215743744661124
221,0.4072398190045249,0.15277330295014752,33429.565378793646,1.2498948349975423
221,0.38009049773755654,0.0759375150564454,16694.939160042934,1.1180886593194872
221,0.3755656108597285,0.06419210001180894,14719.047995719351,1.1039194365980365
221,0.416289592760181,0.1864093272593105,39830.75634172623,1.300552949432907
221,0.4117647058823529,0.16044797460566584,35000.78162980103,1.2632968925392207
221,0.40271493212669685,0.1501998128054173,34463.98255382573,1.25751852635063
221,0.43891402714932126,0.2577044990484564,55242.50728961167,1.435063364867168
221,0.3936651583710407,0.10463065334549083,22789.002775991587,1.165214749951386
221,0.3936651583710407,0.12195545367051601,27070.741026360425,1.1981128389192826
221,0.43891402714932126,0.2452824207168252,54278.53718694529,1.4261576559611857
221,0.4253393665158371,0.20572089393696122,45989.294446570784,1.353775934668335
221,0.45701357466063347,0.30813873124970903,66114.96164632466,1.5337332623251503
221,0.4434389140271493,0.26011082108715455,56280.23223033761,1.4445059931784014
221,0.38009049773755654,0.06389185603823079,14356.28948013339,1.1016332433274265
221,0.4117647058823529,0.17188349816549775,38278.09390806246,1.287234472077674
221,0.4796380090497738,0.36721509260683194,78668.4967342534,1.6620675045950764
221,0.4343891402714932,0.2368544394707038,50263.485999696044,1.3905945146924736
221,0.416289592760181,0.18539878436551496,39027.49542425928,1.2934682900764796
221,0.4796380090497738,0.3715680417035812,78585.06416374541,1.663116020214434
221,0.3936651583710407,0.11817555496208944,24139.079627977768,1.1740614455341274
221,0.3936651583710407,0.11808685294750088,26398.52069116829,1.192125929690608
221,0.4253393665158371,0.20345215945506032,44035.83042391382,1.3348977113613634
221,0.4298642533936652,0.22807665954165657,48351.768740168816,1.375091375314542
221,0.39819004524886875,0.13356591027029638,28382.245722364973,1.206944443287656
221,0.3755656108597285,0.06824516153168149,14407.931423897375,1.101794666431298
221,0.43891402714932126,0.2481861469262629,52579.30100742538,1.4129705203664222
221,0.416289592760181,0.18606706745264243,40737.16668461467,1.3073890345534642
221,0.416289592760181,0.189105586801608,42499.6791544508,1.3239771848417605
221,0.3891402714932127,0.09688153034808032,19786.72164175219,1.1423753220802235
221,0.3936651583710407,0.11847121821495757,23761.1053420287,1.172625501280875
221,0.4117647058823529,0.17213136536318685,38273.96456089792,1.2870397783254264
221,0.38461538461538464,0.08356180616496364,17272.084752219867,1.1233079783610986
221,0.42081447963800905,0.19966267610660413,45101.740356189955,1.344967954303861
221,0.4298642533936652,0.23132176464000181,49597.34024566316,1.384825462240769
221,0.416289592760181,0.1870461296828535,40943.437181362766,1.3108711128991908
221,0.42081447963800905,0.19326655224518177,41067.536793318424,1.3126169317386243
221,0.3438914027149321,-0.03204914589262668,-6384.459661267134,0.9569904917742305
221,0.34841628959276016,-0.01980428086107306,-2904.3382920771937,0.9803349794320372
221,0.4434389140271493,0.27432268561291157,60090.28755646561,1.4832588100496364
221,0.416289592760181,0.19092355684340026,42481.43759664098,1.3227489415405624
221,0.38009049773755654,0.07838606376355946,16471.459720625713,1.1164896601077219
221,0.42081447963800905,0.19960582621709136,43107.42312281786,1.3273665251293576
221,0.4253393665158371,0.20521072434171875,45789.490876829994,1.3534477626086006
221,0.416289592760181,0.18634028271431766,39799.57555191653,1.2985390311637648
221,0.4751131221719457,0.3622132182689674,77955.10038115524,1.6517508396737144
221,0.36199095022624433,0.02381671629932317,5586.003067706644,1.0385714088023157
221,0.40271493212669685,0.13993723993538254,30404.235124400584,1.2239920046996393
221,0.47058823529411764,0.3498418953621614,76061.25267909307,1.632416793941352
221,0.416289592760181,0.18080645074061927,40596.025760835204,1.3065920426359563
221,0.3936651583710407,0.11709975583633006,24334.298275020876,1.175158881510568
221,0.3891402714932127,0.10547604470924687,20947.199145520273,1.1504018257869002
221,0.4117647058823529,0.16255739116860918,35376.80240767847,1.2665075177406502
221,0.40271493212669685,0.13941216979499416,29723.763991533015,1.218733537207248
221,0.4072398190045249,0.15117972214800013,33319.06650983506,1.2460205511647817
221,0.3574660633484163,0.009717690648267687,3666.1596931263994,1.0251868561263395
221,0.31221719457013575,-0.1279922371786279,-28302.68756334841,0.8193825702376795
221,0.43891402714932126,0.2584312720343361,55600.29616270379,1.4381399688365355
221,0.4117647058823529,0.17222128918508975,36530.71015076111,1.2748663579916129
221,0.38461538461538464,0.09100925959414127,20213.73420453776,1.1461005601256584
221,0.3891402714932127,0.10419980082848579,21716.705753645416,1.15515553518711
221,0.3891402714932127,0.10431118395763372,23510.0833024931,1.1697529414622747
221,0.42081447963800905,0.19885097485914793,41593.864251600644,1.3176877156979463
221,0.34841628959276016,-0.026141109750618292,-4214.470104150403,0.9714973713548809
221,0.42081447963800905,0.20253833799360652,44540.0471167963,1.340988532081661
221,0.4072398190045249,0.16073560755569177,34487.07801302904,1.256859573050636
221,0.40271493212669685,0.13762715440713053,30494.86579279342,1.2264889015221119
221,0.4660633484162896,0.33331306092664725,71594.77222049964,1.5922696953517348
221,0.4479638009049774,0.2715995338300269,59685.834798968106,1.4777834047053784
221,0.43891402714932126,0.2535049798049591,55525.632417348956,1.4360757966011053
221,0.45701357466063347,0.30872245992032593,65182.60683515777,1.5271963367890944
221,0.35294117647058826,-0.01581168562778568,-3305.7836467861107,0.9774477381869209
221,0.4298642533936652,0.22700889482996564,50786.99673626509,1.3954340132868437
221,0.4253393665158371,0.20604653841002663,42616.01842881882,1.3256706728424343
221,0.38009049773755654,0.07752292155876589,17091.394070796487,1.121397417107982
221,0.416289592760181,0.18352813122914463,39838.36857277813,1.3010168234671828
221,0.3438914027149321,-0.023660569498007676,-5090.855644711086,0.9655679465930066
221,0.4072398190045249,0.15988446321765057,35587.21292625302,1.2661441265741837
221,0.42081447963800905,0.19910638315872628,43240.307153757705,1.3277164642492663
221,0.4434389140271493,0.2669943944620033,56022.5677291202,1.4404312425966168
221,0.4253393665158371,0.21409196214789303,45306.971519892206,1.346379287925272
221,0.3665158371040724,0.036847727302942404,8279.384444138272,1.0573893571754727
221,0.416289592760181,0.19211394828895464,39173.41004913782,1.2965023128961803
221,0.42081447963800905,0.1999948552859313,42898.7972434009,1.3263280720579589
221,0.42081447963800905,0.18710553927017817,39168.25153449993,1.2976710781267031
221,0.4072398190045249,0.16325166645636502,33197.63262500569,1.2474867719387812
221,0.4298642533936652,0.22666507005732528,50170.31805522088,1.389501952573586
221,0.4479638009049774,0.29290374287926924,63283.76377540527,1.5165564409393353
221,0.4072398190045249,0.15766953165269496,34878.88978524158,1.2598424259810987
221,0.39819004524886875,0.13680498145549397,30005.27053091814,1.221135301994998
221,0.3665158371040724,0.03642406975602211,9541.09719744417,1.066530548435906
221,0.4343891402714932,0.24583646244421156,51441.735225147146,1.4059697846930026
221,0.3891402714932127,0.09284428736539892,19888.723135605065,1.1433779765369176
221,0.40271493212669685,0.15081182992000927,32846.39198794148,1.2441894401557252
221,0.42081447963800905,0.20304825420747857,43967.66375233001,1.3348362514229544
221,0.43891402714932126,0.25386298635376114,55060.51155926658,1.4311547423570925
221,0.4343891402714932,0.24047992244030494,51713.78875260094,1.401554260864208
221,0.4434389140271493,0.2638388446927419,56806.49090973655,1.44791065993421
221,0.4253393665158371,0.2124890051524627,45467.75774006638,1.351977977865306
221,0.46153846153846156,0.32186184654007993,69993.54727293344,1.573585782306127
221,0.4796380090497738,0.37764227121859917,82032.81561833696,1.7006760057571277
221,0.4253393665158371,0.20662741351974478,44279.41035222636,1.3382077690014924
221,0.4072398190045249,0.16228838668246748,35038.700554203824,1.261404289163815
221,0.4434389140271493,0.261021260679046,57303.75013339511,1.4538270519366647
221,0.3755656108597285,0.05175337261618346,11267.947453297456,1.0797760564991812
221,0.42081447963800905,0.2020452497279708,43405.87143139176,1.3310190941000273
221,0.4343891402714932,0.23978443614805856,52708.64788748861,1.4105645042399795
221,0.416289592760181,0.1790222758085272,38152.190484114486,1.2872633456612588
221,0.4117647058823529,0.16391878799466178,34400.86162201623,1.255314679888726
221,0.4479638009049774,0.28009161578389097,61413.28514714133,1.4897221373838063
221,0.36199095022624433,0.021232007795994146,3813.384732052281,1.026166636587275
221,0.3438914027149321,-0.02653325487425803,-3082.9804401552847,0.9790677124142333
221,0.4253393665158371,0.21086958058339628,45368.973502087654,1.3471066802334792
221,0.4343891402714932,0.2359234998940059,50427.458615881864,1.3934366401693183
221,0.4434389140271493,0.26774262294603784,58714.40625793858,1.4666160306945752
221,0.39819004524886875,0.13555875448542384,29271.969912797,1.2155322452470567
221,0.39819004524886875,0.13164357261059312,30467.64715486495,1.2236835649286397
221,0.45248868778280543,0.29456939483534705,64424.73215632692,1.5171343790821359
221,0.3891402714932127,0.10195266930198342,21705.79573087919,1.1562674928912544
221,0.4072398190045249,0.15994635612663202,35363.2912127416,1.2626633888931365
221,0.3665158371040724,0.025104524611977548,5383.16113241526,1.0376002271168054
221,0.4660633484162896,0.3290588419166337,70067.29510873357,1.575212039579374
221,0.4343891402714932,0.24500563357682298,53076.94087680747,1.4195864722846405
221,0.40271493212669685,0.14471994720843948,31219.74289276886,1.230109174280638
221,0.4434389140271493,0.2681134768717032,56983.23645767566,1.449804857643412
221,0.3755656108597285,0.06982089648324995,15545.821642242061,1.1104248309729294
221,0.4117647058823529,0.1729322699915997,36914.353164865344,1.2761193717993156
221,0.45248868778280543,0.2976729580259334,63862.845723432285,1.5152252446035193
221,0.45248868778280543,0.28792861187550045,62538.60165157876,1.5055681198135122
221,0.45248868778280543,0.28540066096472916,62299.72089634061,1.5030325205698818
221,0.39819004524886875,0.12867394283146713,26501.20008904652,1.1945734311427025
221,0.39819004524886875,0.12865086554501207,29820.25655796022,1.2196290264038834
221,0.38461538461538464,0.0838167879430944,18258.558062321776,1.130692699466338
221,0.4434389140271493,0.2712748781509817,59539.95765237704,1.4743714857085497
221,0.4298642533936652,0.22809384756862056,49083.73034275758,1.37994493121114
221,0.39819004524886875,0.13240372260307054,28244.894433753063,1.2065379928812696
221,0.4253393665158371,0.21597291429223076,46325.66943692859,1.3559284847576312
221,0.43891402714932126,0.23431753696135474,50515.8756433963,1.3978188582866455
221,0.3936651583710407,0.12509543552545677,27311.436577951292,1.2001910449278221
221,0.4343891402714932,0.24194936768927014,52744.14271259497,1.4138734195005547
221,0.42081447963800905,0.19938696110660625,41832.02024972235,1.318631202123962
221,0.38461538461538464,0.09109087156271889,19341.000987942596,1.1380195013208099
221,0.3936651583710407,0.11208351853842172,23381.777675126577,1.1688046685088025
221,0.3755656108597285,0.06529491909926333,16283.341182707001,1.115513737048736
221,0.46153846153846156,0.3235345298108848,70309.5697694289,1.5743118316333329
221,0.4660633484162896,0.327676075084277,69989.29595236733,1.5774038647670199
221,0.39819004524886875,0.13693048714771958,30691.376668469926,1.2266239636081733
221,0.3755656108597285,0.057567719320432593,12825.801385742863,1.0901737084622327
221,0.4479638009049774,0.285278672858275,61108.25987330337,1.4883744344977796
221,0.43891402714932126,0.24057141514559527,51646.994856111014,1.405142312169095
221,0.4072398190045249,0.1631470924684671,36392.60967991886,1.2727154977899926
221,0.3936651583710407,0.11973873352032317,25095.61107175859,1.1817132487197446
221,0.34841628959276016,-0.018156923490135087,-2319.9586140283823,0.9842325069392399
221,0.38009049773755654,0.07837448971317118,17482.632040813165,1.1252622671415662
221,0.4343891402714932,0.24063228690410235,52555.232228831985,1.4099322766997437
221,0.43891402714932126,0.2537680956473243,54257.335440071955,1.4241841556249615
221,0.416289592760181,0.1857399118412259,39322.18099439537,1.2961491545885877
221,0.34841628959276016,-0.025980336154977603,-5285.685348323965,0.9643418419640091
221,0.37104072398190047,0.043078031692955265,10154.9475025334,1.0711736967793903
221,0.43891402714932126,0.24800841593218118,54175.50490810559,1.4273149783291343
221,0.43891402714932126,0.2546152928167383,55977.684475695656,1.440667629898551
221,0.39819004524886875,0.13186654254186495,27740.661212599065,1.2020942422846028
221,0.3574660633484163,0.0015204434955862613,-1742.0135019408153,0.9880969840081114
221,0.36199095022624433,0.02062532863452526,6264.31137617419,1.0435106626718886
221,0.4072398190045249,0.15391096228504997,33577.294143406325,1.2491072993033259
221,0.4298642533936652,0.221702133001728,46875.441383426136,1.3600785820833035
221,0.4479638009049774,0.2819427046608407,62203.69695990601,1.4986937707047676
221,0.36199095022624433,0.018223492893235937,2489.2596848265484,1.0170655619271083
221,0.3936651583710407,0.1168853184658967,24987.214653384206,1.1832302876303578
221,0.3936651583710407,0.11067434424926943,24855.982687881467,1.1824800352256883
221,0.45701357466063347,0.3084574562774966,66019.10096350005,1.5344252569449381
221,0.3936651583710407,0.11111917392800855,22851.801807642893,1.1655725530244831
221,0.4796380090497738,0.37557759985364936,80722.51876385415,1.6825482583578135
221,0.4434389140271493,0.275728567491331,60177.80340423486,1.4826753350442121
221,0.40271493212669685,0.13711550349710377,29266.679814025352,1.2169119736780738
221,0.37104072398190047,0.05729798650164427,12234.719516033658,1.0865208568139526
221,0.37104072398190047,0.05510846230928171,12577.041845471647,1.0889688540367284
221,0.3936651583710407,0.10104242706949179,22704.242899548317,1.1655562075476877
221,0.39819004524886875,0.13088623196485372,30737.962476544322,1.2263271454668452
221,0.3665158371040724,0.03854846359252921,7634.79822845757,1.0529735107268077
221,0.40271493212669685,0.1468972454340989,34034.069434685705,1.2533672331673413
221,0.3891402714932127,0.10864145978840742,22589.80073448534,1.1628757116645572
221,0.4479638009049774,0.26881457765036004,57115.44833776131,1.4538033336642107
221,0.40271493212669685,0.13809664784289202,30054.435636579205,1.2211532501531353
221,0.416289592760181,0.19185464757913648,40888.27627330582,1.3106066012966437
221,0.40271493212669685,0.1393423926126286,29013.790197812927,1.213759618602564
221,0.3891402714932127,0.10508114098853587,20760.587748519643,1.1491304302501486
221,0.38461538461538464,0.09591243023810346,19678.172989996936,1.1421270832225676
221,0.4253393665158371,0.21929530395366575,47613.94345663733,1.3676731025805184
221,0.38461538461538464,0.08557109556478538,17865.196460654028,1.1274580945607895
221,0.4072398190045249,0.1587401751680208,34558.01225046103,1.2560704383896586
221,0.39819004524886875,0.133159301816625,29193.365762035766,1.2134664953215992
221,0.4434389140271493,0.2597856547411706,55633.20245249361,1.4395866564916797
221,0.39819004524886875,0.12610180433997525,25965.135465500367,1.1899736038309248
221,0.4117647058823529,0.17674361748043366,38865.77377675134,1.2948881806894392
221,0.39819004524886875,0.1291131020604747,28809.75995510411,1.2124856198069542
221,0.4253393665158371,0.20754093179422817,42651.57173315359,1.3246273516797906
221,0.3936651583710407,0.11994518043447616,24867.021988827702,1.1803756535930392
221,0.43891402714932126,0.24489000322046947,52926.318517955515,1.4135568014254927
221,0.4072398190045249,0.15796610719820264,36601.12691148222,1.2723255620298413
221,0.4298642533936652,0.22070396670605746,47914.41532985615,1.3699489318407712
221,0.48868778280542985,0.403162905919897,86886.66855721685,1.7488165350958507
221,0.45701357466063347,0.3067628227260681,66074.60019179436,1.5344547749038846
221,0.3891402714932127,0.10364180217276443,23558.424670746685,1.1691956713363831
221,0.48868778280542985,0.4028635874842016,86190.27782391677,1.7417875699664607
221,0.35294117647058826,-0.011583601486544484,-2835.963188854561,0.9807244250726405
221,0.4117647058823529,0.17379404926609016,37813.235130504654,1.2833533388704155
221,0.39819004524886875,0.12936627690356603,28498.116977307538,1.2087168006144047
221,0.38461538461538464,0.07835456714190171,16223.814138374535,1.1165401558785961
221,0.38009049773755654,0.06612785283407778,15413.173864593899,1.1095721772570457
221,0.40271493212669685,0.1405157866641339,31224.5263687838,1.232431404474358
221,0.4072398190045249,0.14748366300913907,30652.349703350672,1.2270205623874864
221,0.4298642533936652,0.23307103234565416,50812.069111759454,1.39521343400694
221,0.4117647058823529,0.1734826885256016,36601.29227489438,1.2731743488373473
221,0.39819004524886875,0.12460414361334289,27741.518160875028,1.203795358172424
221,0.4434389140271493,0.261235323670018,56164.45821444945,1.4448827393283108
221,0.4253393665158371,0.21275292723183375,46482.42525982483,1.3584442741375438
221,0.4253393665158371,0.2122188768050581,46515.496578664985,1.356391686580062
221,0.4117647058823529,0.15820057543855612,35142.200615540445,1.263080481607793
221,0.35294117647058826,-0.003682627530243604,233.12466631761822,1.0015897895444186
221,0.3755656108597285,0.06590638141187903,14701.446086425438,1.104014640487054
221,0.43891402714932126,0.24633463964974783,54691.87630690637,1.4295317700297228
221,0.4117647058823529,0.16360157029993863,36330.449893335695,1.27226430295782
221,0.4434389140271493,0.26901955568471814,55804.86489007313,1.4414931398179798
221,0.4796380090497738,0.3764378514676059,81618.48070908434,1.6910571066751863
221,0.40271493212669685,0.14462144436685717,31764.9829318048,1.2356314941124102
221,0.39819004524886875,0.13289350740338535,29165.15080568386,1.2141418111429454
221,0.39819004524886875,0.12618217079597738,27492.542540116974,1.2005169491049161
221,0.38461538461538464,0.0764483461350306,16906.087710930573,1.1208146734142697
221,0.416289592760181,0.1719416654710196,36698.17631415262,1.2785707780466466
221,0.39819004524886875,0.1306643703079965,28767.2659527994,1.21056289535914
221,0.3574660633484163,0.01456640895168408,2644.9557361287934,1.0182140576170982
221,0.4117647058823529,0.1739252814552142,38925.72341167445,1.292044582736364
221,0.4072398190045249,0.1602741068360002,36214.47855025823,1.2697632786565056
221,0.4072398190045249,0.1550690191060123,32774.30830529228,1.24298474501552
221,0.4253393665158371,0.21261393295433578,47953.4556728731,1.3690518399854568
221,0.43891402714932126,0.24325858292595937,53566.829802657165,1.4245112886039482
221,0.34841628959276016,-0.02453093541016134,-5217.672970865191,0.9648597379786563
221,0.38461538461538464,0.09498530750108447,21397.698211735235,1.153866162738524
221,0.43891402714932126,0.25477503483499114,56674.59500232221,1.4473505410445044
221,0.45248868778280543,0.2877617516573419,61696.454999755035,1.495928395699358
221,0.42081447963800905,0.20316264940220924,43461.965920778704,1.3306239824400738
221,0.4660633484162896,0.33565536870511287,72730.43778258334,1.6005513940572742
221,0.3891402714932127,0.10266708459219434,21884.531096374667,1.1577637894686186
221,0.4072398190045249,0.1563775787559607,33437.8437753481,1.2477584142495164
221,0.3393665158371041,-0.043014804708344484,-8554.371848756897,0.9430071973197086
221,0.4343891402714932,0.24021596708774814,53593.0873527846,1.4184950695209324
221,0.3755656108597285,0.06369697786638845,13587.752395174055,1.0955987098316344
221,0.45248868778280543,0.2952868014522482,64508.17632231141,1.519019928332933
221,0.3891402714932127,0.10989296307737917,24981.714085598513,1.1827772590397423
221,0.4479638009049774,0.2733370392612979,59419.500548983226,1.4736414825153616
221,0.39819004524886875,0.12878069263137182,27105.2631720613,1.1977412757236952
221,0.4434389140271493,0.26659991087582807,58084.444855966794,1.4652960670069621
221,0.43891402714932126,0.24528053973743738,52473.54886196211,1.4109247484506398
221,0.3212669683257919,-0.10599711620609838,-22133.864607870393,0.8566058765912425
221,0.43891402714932126,0.23321335023057466,51320.38513046655,1.4041943919520368
221,0.416289592760181,0.1839345594244155,39344.42945128599,1.2970002231426283
221,0.43891402714932126,0.25466264415563544,55586.34539449305,1.4371383548172854
221,0.4253393665158371,0.21338354106328053,46502.77054719085,1.3601586670425734
221,0.36199095022624433,0.02107021822816235,4259.732031423229,1.029581217230642
221,0.45248868778280543,0.28166548386735357,61295.45632945918,1.4936037905652346
221,0.43891402714932126,0.25423640695892,54987.425589099665,1.4331070765258744
221,0.3891402714932127,0.10448475707907638,22508.447294527636,1.1638167590351851
221,0.42081447963800905,0.19357578178539564,43210.77319857293,1.3293920470985796
221,0.4343891402714932,0.2415228101319978,52567.46150121504,1.4097845000743072
221,0.36199095022624433,0.020541313053376545,2418.930968442488,1.0166514219033576
221,0.49321266968325794,0.4150987922197987,90100.3660855821,1.778012402586035
221,0.46153846153846156,0.32469360199808767,68014.52319278926,1.5535611812657057
221,0.416289592760181,0.18150131543131348,40946.28843652568,1.3092628691897987
221,0.3665158371040724,0.03643428461628243,8126.963281734419,1.0563185629715814
221,0.4253393665158371,0.20985820316462267,46190.79576737364,1.3568254406716311
221,0.416289592760181,0.18666249522244055,40559.00508994573,1.30580280376263
221,0.4117647058823529,0.1765530608239497,38737.207558638285,1.293411182826869
221,0.4253393665158371,0.21203139350468372,43039.30013975616,1.3293132268702799
221,0.45248868778280543,0.2881973048892987,60594.45679842669,1.4846479335688638
221,0.45701357466063347,0.30710962922361196,65169.68339823773,1.5291389978191587
221,0.39819004524886875,0.1354959263427593,29473.155960629745,1.2155219216791269
221,0.4660633484162896,0.33692606520711166,73652.03855665441,1.610301658172107
221,0.3891402714932127,0.09867305971345701,22641.14150530474,1.1637104008719579
221,0.3936651583710407,0.1174222544441685,24387.792315144285,1.1779292049862902
221,0.4253393665158371,0.2165732701210013,46421.357923903655,1.3586661422949216
221,0.3438914027149321,-0.040358358855965934,-8141.169582136012,0.9453631410345227
221,0.38461538461538464,0.09080665489336694,19999.053332799143,1.1441034606526892
221,0.45701357466063347,0.301666324021058,64301.67779867079,1.520691265271997
221,0.416289592760181,0.1836449428441796,40274.71116769203,1.3049369933764852
221,0.4298642533936652,0.22930363457278463,49662.77286900519,1.3845788557795657
221,0.3665158371040724,0.0344254710679107,8170.475238110352,1.0568309159011084
221,0.3257918552036199,-0.10041440983188786,-21268.594587407977,0.8611659332277135
221,0.4479638009049774,0.28490500089819903,60675.65682220817,1.4845265616047396
221,0.4343891402714932,0.22836024048493492,49132.30092839969,1.3815734737824903
221,0.39819004524886875,0.12481264379695564,26114.685721277478,1.1906429188393866
221,0.4253393665158371,0.2145775440537006,44138.71358886726,1.3388194963384603
221,0.334841628959276,-0.06062738380224225,-12668.068536682513,0.9155144438307193
221,0.40271493212669685,0.1450914794861135,31484.20110269031,1.2316925915575765
221,0.37104072398190047,0.051742492719503125,12338.650691161762,1.0866218341827132
221,0.4479638009049774,0.2615925996292987,56922.86617630921,1.4549400940069734
221,0.4072398190045249,0.1440312915330579,29873.317758426605,1.220904479911226
221,0.3755656108597285,0.06039016577765019,12915.018797497874,1.0907065436290255
221,0.38461538461538464,0.09377018015294807,21410.693421486038,1.1544296139568564
221,0.416289592760181,0.18021985872182344,39067.00807962024,1.295589835390251
221,0.38009049773755654,0.0817129048850929,17647.02304666967,1.1259917464727511
221,0.38009049773755654,0.07875374767490145,15804.32671732381,1.1119947259432286
221,0.4751131221719457,0.3557578763154929,75999.47328229905,1.639794408104622
221,0.37104072398190047,0.05212638383859697,12125.096793889545,1.084864185686942
221,0.4117647058823529,0.1652931072953453,34856.578715273434,1.2596431105488037
221,0.3936651583710407,0.11743705893660375,25280.82603638692,1.1856913006399334
221,0.4072398190045249,0.16360930833713305,36387.718622922795,1.2731683354803522
221,0.4343891402714932,0.23907709301864194,51800.415717057724,1.4033103926449262
221,0.39819004524886875,0.13145876996456307,27463.553966475374,1.2021015214541717
221,0.4479638009049774,0.2816424804120888,60997.82268485617,1.4871749137168921
221,0.4479638009049774,0.2811210027075954,61002.89358924206,1.4847713470449562
221,0.3665158371040724,0.04449056975492642,9207.737371088806,1.064422998384417
221,0.38461538461538464,0.09956273407338302,20623.63934880033,1.1489586666139373
221,0.4117647058823529,0.17258681975752171,36066.3711718321,1.2683895836788717
221,0.38461538461538464,0.0957099986250459,20657.801035717173,1.1486532482724021
221,0.4253393665158371,0.20292790972292513,43961.60762510696,1.3365020419036078
221,0.3438914027149321,-0.03350839297411805,-6272.211234102218,0.9579290592582066
221,0.37104072398190047,0.05233171236088758,11714.037579349859,1.0825221692499387
221,0.46153846153846156,0.32172090566149003,68842.18442213975,1.5647658172405294
221,0.4841628959276018,0.3891099269685777,84033.64539633934,1.7162996801268586
221,0.3891402714932127,0.10444163584175706,23355.207504906,1.1685320478751158
221,0.40271493212669685,0.1357340383829274,28159.523961392777,1.2075534036839828
221,0.416289592760181,0.18196035454011122,38134.03381517567,1.2865312241400375
221,0.4117647058823529,0.17311724354896188,37422.39689797614,1.2802797540676374
221,0.47058823529411764,0.34999353675781125,74353.95246701133,1.615584931333617
221,0.36199095022624433,0.011709180596403128,3077.9402449515555,1.021166792641337
221,0.46153846153846156,0.3176603856225813,69975.23806388368,1.5783982166140484
221,0.45701357466063347,0.31231083883398086,67539.15154958586,1.5509772156168145
221,0.39819004524886875,0.13544795973097734,29224.094169896394,1.2145910449712107
221,0.3665158371040724,0.04388329295080934,8216.032848835774,1.0574406029718018
221,0.37104072398190047,0.04698308246296123,10192.17195149255,1.0711542793872837
221,0.4343891402714932,0.23823982052301154,51145.73344813956,1.4019100962013489
221,0.4072398190045249,0.16091238854886747,35325.6323345109,1.2626047193515693
221,0.39819004524886875,0.1222185597357497,27237.956939195836,1.198860723345653
221,0.4072398190045249,0.15235202546117552,33170.57175720381,1.246926652573044
221,0.38009049773755654,0.06997905886475694,14845.759907339016,1.1052964132985512
221,0.4253393665158371,0.1994976577380328,44247.62900718154,1.3408224701811695
221,0.4343891402714932,0.22716286272523606,49275.01129639892,1.3869364938857027
221,0.4343891402714932,0.23308791414743152,50656.8699347765,1.39356992486253
221,0.45248868778280543,0.2952264077327715,65088.68060330075,1.5277076082085768
221,0.4343891402714932,0.24119755668742587,52675.643752039294,1.408982473149097
221,0.3891402714932127,0.1038331406474091,21578.145602895704,1.1544529799262233
221,0.4298642533936652,0.21795989305592647,46698.63563769679,1.3611873340240852
221,0.38461538461538464,0.09219615159793647,19997.813097332728,1.1431398994164255
221,0.3936651583710407,0.10547230678919378,23795.3386366947,1.1728740891673703
221,0.38009049773755654,0.08048789059326049,16337.92762531413,1.1164975292954353
221,0.3936651583710407,0.11352121937285885,22978.658413751167,1.1654893573994893
221,0.42081447963800905,0.19287665222477984,41916.47318546529,1.3183681022216645
221,0.4253393665158371,0.2160305338822985,47712.48903571013,1.368849279478845
221,0.4117647058823529,0.16650133026101743,36328.86786690208,1.2719932127334448
221,0.3755656108597285,0.06153839171296646,12601.341281081814,1.0887768532868072
221,0.4434389140271493,0.27866957289823424,58627.35188234082,1.4712858608407404
221,0.4072398190045249,0.15973919497591071,35379.950261083024,1.2637789489970055
221,0.416289592760181,0.18602499351582918,42481.36014425536,1.3203524264192268
221,0.40271493212669685,0.1434614348987137,31129.07050571451,1.23056955745057
221,0.4343891402714932,0.2378955698051606,53288.388603876265,1.4202674940614335
221,0.3755656108597285,0.0644670067548515,13181.244137368456,1.092476776525556
221,0.38009049773755654,0.08218130578532701,17793.453079111798,1.1267627612980289
221,0.4117647058823529,0.16279208882025967,34351.13037951181,1.256581567672253
221,0.42081447963800905,0.19431611962582931,42471.26912351694,1.3282194090775474
221,0.43891402714932126,0.2535074586446676,55248.108823450864,1.434105613287346
221,0.416289592760181,0.1816149651071461,39871.25004868624,1.3018787424150864
221,0.3936651583710407,0.11878588067593955,26296.024809030914,1.1916645742736574
221,0.3936651583710407,0.12008357140382697,26284.023244344935,1.19162608710744
221,0.39819004524886875,0.14049784327227183,30532.016720424355,1.2261365346462088
221,0.4343891402714932,0.24186652789615243,52144.81380059142,1.4049525077149114
221,0.4253393665158371,0.21274804491996357,44989.89143162391,1.3423294870054625
221,0.35294117647058826,-0.004852427657401088,-400.7432310333761,0.9972574309405983
221,0.37104072398190047,0.05642735241118574,11524.927691882425,1.0810095463534335
221,0.4796380090497738,0.3608879365986252,76098.69393071362,1.6405256598348377
221,0.38009049773755654,0.07784704726390616,16374.75132425873,1.116578799764681
221,0.42081447963800905,0.1997683587066992,43038.752624786255,1.3267668492970008
221,0.4072398190045249,0.14442079668950059,31012.751174496316,1.2294633765236092
221,0.38009049773755654,0.07213033386973473,16212.65191663312,1.1148800076829062
221,0.45248868778280543,0.2873432854131837,61903.60910607818,1.4976950340142214
221,0.38461538461538464,0.09132510396437973,19602.035050545957,1.1402106480889453
221,0.37104072398190047,0.05147862686852542,12282.981183375665,1.0860101376613525
221,0.43891402714932126,0.24681216598721298,53054.61634097002,1.4146891087558513
221,0.43891402714932126,0.24501278056388537,51720.55529644621,1.4042228440784688
221,0.4117647058823529,0.16065007150218014,34052.136705598365,1.2546884408116852
221,0.416289592760181,0.18814156620847503,40796.086020882794,1.3091854494575001
221,0.40271493212669685,0.15025645386523023,31813.110632424075,1.2352770462254739
221,0.4298642533936652,0.2270316535017334,48646.206857226,1.374773562485922
221,0.43891402714932126,0.2542069777810601,54625.11067447584,1.4289217536905827
221,0.3665158371040724,0.04160220566802937,6932.591107707583,1.0480990925494584
221,0.3212669683257919,-0.09857285327092388,-19688.251427513536,0.8716120536128671
221,0.36199095022624433,0.016718424298924024,4004.9290502534295,1.0275671775381576
221,0.4298642533936652,0.2277731051298551,47822.226738770616,1.3701545777685946
221,0.40271493212669685,0.14607739322291025,31459.683161751782,1.2319055006390989
221,0.3936651583710407,0.11539714600056333,24731.847940945525,1.1791241149428633
221,0.3936651583710407,0.11800732161501774,25357.6133625265,1.183240030360319
221,0.4117647058823529,0.17352245298866875,39760.915077982565,1.299163193486912
221,0.4343891402714932,0.24181267511197496,52958.343844846015,1.4137522829297358
221,0.4343891402714932,0.23409726080433274,50774.26104808477,1.3958025461435093
221,0.45248868778280543,0.2870669800658063,62314.13888521666,1.501423512016125
221,0.45248868778280543,0.2943685453822818,64718.636363022866,1.522799342639602
221,0.4343891402714932,0.2398626069397704,51069.98970125674,1.3970108284511562
221,0.4072398190045249,0.1600350270196055,35030.47011683137,1.2613548822469574
221,0.4072398190045249,0.15371704986286813,32989.41647912261,1.2451967021718
221,0.4253393665158371,0.21338273770716065,46438.150117889265,1.3558735587140116
221,0.3936651583710407,0.1220252820761511,24723.601822736095,1.1796532286341153
221,0.3574660633484163,0.008134066072115932,2165.103734882752,1.014848707116005
221,0.43891402714932126,0.2491510955866685,54096.76440788833,1.4237239264406345
221,0.37104072398190047,0.04821310386230719,11719.334731204242,1.0826680897564125
221,0.42081447963800905,0.20377043810939602,45501.72675721483,1.351070505921903
221,0.39819004524886875,0.13117627529805517,29538.471513146666,1.215736919101888
221,0.3936651583710407,0.12003620600858904,25654.748201572358,1.1871909909127627
221,0.4479638009049774,0.2804488353043588,61572.010323437244,1.489401634322926
221,0.4253393665158371,0.21364539928532766,43586.31237393692,1.3311180743908668
221,0.4841628959276018,0.3821277645479111,82493.76459868196,1.7059474572851046
221,0.3438914027149321,-0.03177151348062471,-6146.299712134811,0.958901331509349
221,0.38009049773755654,0.06510005539178325,15180.81409481816,1.1085559879597158
221,0.39819004524886875,0.13080909473717323,28324.56858938226,1.2077214637145148
221,0.38009049773755654,0.07496746473212199,17086.901962659438,1.1219935945842527
221,0.4072398190045249,0.16255577858741166,35741.97823906,1.2677329010623166
221,0.3936651583710407,0.11832077481938448,24457.060431434034,1.1767396877929677
221,0.39819004524886875,0.12432451288424572,26450.64543193466,1.1955619383914957
221,0.3665158371040724,0.014459553624715007,3307.711316642943,1.0230249984548043
221,0.4343891402714932,0.23367091226953318,50411.22639917192,1.3930809391353938
221,0.4298642533936652,0.23095065245778215,51113.25279685609,1.3989975965106347
221,0.4751131221719457,0.36520830066435706,78439.57782961435,1.6574332529709703
221,0.38461538461538464,0.09759414279643916,20082.660766346147,1.1443043660318257
221,0.416289592760181,0.17950920360716202,39813.81066289896,1.3001644944426698
221,0.4343891402714932,0.23610730373851646,50697.97514090662,1.3946381727597037
221,0.416289592760181,0.17985855950886417,40027.15929258673,1.3026698460478217
221,0.36199095022624433,0.023721725116398293,5956.705176517976,1.0411868550496386
221,0.40271493212669685,0.13954387807267407,32430.17404894386,1.2402388964479472
221,0.4298642533936652,0.2275116283260823,47982.86834495695,1.3688529244753123
221,0.4072398190045249,0.15894664660379412,34044.16929981635,1.2530266099917706
221,0.40271493212669685,0.14550069426141513,30441.726636127718,1.2238933061891915
221,0.4434389140271493,0.2675783032320399,57444.16941338733,1.4534191973713744
221,0.38009049773755654,0.07365023397523891,16147.147128151866,1.1149362447638582
221,0.47058823529411764,0.35469014270218985,76619.25077041623,1.6424633485599403
221,0.45248868778280543,0.29929342382350915,65799.8027862916,1.5367283708259878
221,0.4117647058823529,0.17117398517648177,35473.270052910266,1.2627425071263192
221,0.3936651583710407,0.11883412774482613,24885.872681013476,1.1797138481615324
221,0.4343891402714932,0.24268750418631035,52094.317228766,1.4073729388597471
221,0.4072398190045249,0.1524681752802611,33514.271892795194,1.2481564558300877
221,0.4660633484162896,0.32271006431281524,69687.64589267137,1.5726589071455297
221,0.39819004524886875,0.1321542074345456,29263.889535284958,1.2151009058339506
221,0.3665158371040724,0.0373691006079875,7476.420210281794,1.0518750096537264
221,0.3891402714932127,0.10399607502961905,23489.653452308696,1.1692657787270355
221,0.4298642533936652,0.22352792425685233,46622.19012944841,1.3591337387346685
221,0.4343891402714932,0.23972468499064295,51862.20851269136,1.4012668598359805
221,0.4298642533936652,0.20372530278986148,44095.490899554454,1.3396279769027772
221,0.416289592760181,0.18576865955858868,41652.129257639455,1.3158067455623152
221,0.37104072398190047,0.04534553988423223,10755.176032635563,1.0751802669196817
221,0.4298642533936652,0.21772780726548718,48464.813450044836,1.3758785682356296
221,0.40271493212669685,0.13879381240989552,29894.81542222642,1.2201952358718708
221,0.3891402714932127,0.10121895440766811,23928.192590092534,1.1732774454923787
221,0.46153846153846156,0.3206696181385629,69661.07730677795,1.5728507860716843
221,0.4253393665158371,0.2071290758526556,45524.14700306977,1.3497349200170767
221,0.4253393665158371,0.21374151246872575,46374.84465232493,1.3561629802667152
221,0.42081447963800905,0.20231281787263428,43529.65600891132,1.3320119695375292
221,0.37104072398190047,0.05129244085591814,12686.633096445501,1.089192466298255
221,0.4117647058823529,0.17628561198488812,38315.06709941142,1.2885730956093193
221,0.3755656108597285,0.06848574962027904,14797.099761011092,1.1048639400569238
221,0.3574660633484163,0.009564018866579928,3523.1751997914707,1.024200096683198
221,0.4072398190045249,0.15404220363031096,34917.04367480795,1.261303764472024
221,0.38461538461538464,0.084360072360035,18251.26343277523,1.130640310492594
221,0.4253393665158371,0.2131914176689168,45809.829768438765,1.3509350770430686
221,0.39819004524886875,0.12285794397585302,25885.230665891715,1.1893927307179248
221,0.4072398190045249,0.16153601811342605,35818.03182586185,1.267088654236159
221,0.4117647058823529,0.1736187540229029,38051.39638175085,1.2850280537336476
221,0.3665158371040724,0.03286322628502209,8560.221991805523,1.059815813750753
221,0.4751131221719457,0.36409507169972893,77936.00004253536,1.6572736474319663
221,0.4117647058823529,0.17621794471691418,36557.28480906551,1.2741704194772319
221,0.39819004524886875,0.12946478733391675,27783.939285724584,1.2037610337544158
221,0.42081447963800905,0.1886894041198119,41162.52488250251,1.313280498498916
221,0.37104072398190047,0.04227518889371598,9502.929431626539,1.0662735066879336
221,0.416289592760181,0.1806927768737943,39054.391328516314,1.2939594436900925
221,0.4298642533936652,0.2233992181698655,47387.87171566306,1.365354518625227
221,0.38009049773755654,0.07874463719864713,18267.164029922347,1.1302585334150095
221,0.39819004524886875,0.13167166631589614,27471.953002956092,1.2014073146741333
221,0.3891402714932127,0.10751045589307719,23814.125174339788,1.1715418810102793
221,0.45248868778280543,0.2919272591269525,63282.89822009936,1.5072310489909309
221,0.4343891402714932,0.23892206444473024,52135.99343496487,1.4068587511581687
221,0.416289592760181,0.18737522020601263,41129.1813217013,1.3104225593501788
221,0.4343891402714932,0.23810838664929104,50368.157902250954,1.3971254154050319
221,0.4479638009049774,0.27990828377951005,59951.807912938566,1.4760672853025512
221,0.4117647058823529,0.17771252005143506,37034.476574655724,1.278496189234632
221,0.4117647058823529,0.17441480528702008,38422.63975916385,1.2885046703321168
221,0.38009049773755654,0.07044635858170005,14535.58363104178,1.102937596016625
221,0.45701357466063347,0.3002667261340773,63112.10489835291,1.509785153727608
221,0.39819004524886875,0.13069656850066452,27217.123993685127,1.1976640323351972
221,0.4343891402714932,0.235941757448688,50363.05832292401,1.3924295739608186
221,0.36199095022624433,0.015674192439431526,1820.7712921531336,1.0125187872531516
221,0.4841628959276018,0.3795263323884613,82883.10540551403,1.7096773427723413
221,0.39819004524886875,0.1312355759785167,30284.162976429994,1.2223751660944524
221,0.42081447963800905,0.20845874369167203,44509.516773839976,1.343127570584092
221,0.43891402714932126,0.25418649582175756,55842.48195739933,1.4397020181632678
221,0.3891402714932127,0.10474628716525203,23489.21364144628,1.1706914860028972
221,0.45248868778280543,0.297074567790613,65068.3825493554,1.5261628146970596
221,0.39819004524886875,0.1354496573121037,30532.934141355472,1.2253293503111022
221,0.4796380090497738,0.3773395769701799,79315.73176620496,1.674250763794557
221,0.4253393665158371,0.20758360584891097,43914.06605569873,1.3353282281778822
221,0.45248868778280543,0.2817777321559626,59958.426172181644,1.4813426152353955
221,0.416289592760181,0.18551492728325586,39723.3689751319,1.2977642595402414
221,0.39819004524886875,0.13258591229213715,28656.174105066413,1.2102603628578033
221,0.43891402714932126,0.2605101176382587,58174.76766764793,1.4644180871132402
221,0.3891402714932127,0.10571802455232103,23088.13108306347,1.1661121943971984
221,0.39819004524886875,0.124278379772258,26567.584448124177,1.1942211498350814
221,0.416289592760181,0.18740946485238666,41611.99501187583,1.316334694923014
221,0.4298642533936652,0.2279421536186545,48491.49450533457,1.373788658242456
221,0.4434389140271493,0.2680597042973277,58947.277226396356,1.4671730452193492
221,0.40271493212669685,0.14631653136483327,31134.411008429837,1.2287635302926903
221,0.3574660633484163,0.010058010574017664,2630.0459415167606,1.0180090062411293
221,0.39819004524886875,0.1282396571834411,28475.522177703817,1.2092833825323537
221,0.416289592760181,0.18096058903911613,39614.76637333658,1.2998837558773577
221,0.4343891402714932,0.2360554835639613,50917.93288360571,1.399619837446659
221,0.42081447963800905,0.20110862288882186,43735.56965952595,1.332478043074489
221,0.4434389140271493,0.26434294293373445,57751.590703359754,1.4575219097501217
221,0.3574660633484163,0.013124892701811594,3832.4091607073797,1.026824468724953
221,0.4072398190045249,0.16296550514034136,35888.96834308635,1.2673725477681532
221,0.43891402714932126,0.25462435828243063,55272.96474043059,1.4347248749142132
221,0.38461538461538464,0.08124878830062944,17280.65446044541,1.123955702259664
221,0.4796380090497738,0.37211777425749815,80785.09195341513,1.6895887468012663
221,0.416289592760181,0.18724402926418568,40845.345129338544,1.30789125746722
221,0.3755656108597285,0.06416356843753723,15954.370258772076,1.113458872810755
221,0.35294117647058826,-0.01015720086793112,-1506.962281246143,0.9897616854882308
221,0.45248868778280543,0.3120743832585784,66146.34338211954,1.5450618194366275
221,0.4253393665158371,0.2026559150224823,42147.450959787915,1.3221145723760275
221,0.35294117647058826,-0.015746473214528916,-3633.0277910498153,0.9753443105940025
221,0.416289592760181,0.19225600163285206,41006.37199889978,1.3119608032733079
221,0.4660633484162896,0.3126853603878515,66435.54219524504,1.5462986931378964
221,0.38461538461538464,0.08697065519636353,17931.421663348323,1.1287524322135265
221,0.3755656108597285,0.06537793529721853,14030.705580667222,1.0988418895151042
221,0.4117647058823529,0.17309946131655046,39334.426647076965,1.2956116200516752
221,0.3936651583710407,0.1221481693744625,26740.79618493483,1.1955054260385736
221,0.4072398190045249,0.15670860142803048,33904.47372509091,1.2508499778483488
221,0.4253393665158371,0.20479471773823626,43278.16005182921,1.3309083466035685
221,0.4660633484162896,0.3266734476571027,71925.32533190676,1.5940523811752034
221,0.43891402714932126,0.2501260038700572,53912.84323467765,1.4233386411750446
221,0.4434389140271493,0.2723846826775978,57388.179602227465,1.4539285241723097
221,0.3891402714932127,0.10505401492455817,22013.40711776653,1.158446320498418
221,0.42081447963800905,0.19917021228623388,43548.250774649656,1.3302484076095946
221,0.4072398190045249,0.14971134859918533,31623.356222509035,1.233958057733643
221,0.39819004524886875,0.13692326906185792,29198.17479067033,1.2141775158782495
221,0.502262443438914,0.43772370321576826,91449.45979957009,1.8048187105368156
221,0.3755656108597285,0.06498562895525578,14368.985705331506,1.101270559412585
221,0.39819004524886875,0.13386069439840098,28701.25297658118,1.2105544898556566
221,0.3665158371040724,0.03303043577861858,7581.563728452011,1.05295332100242
221,0.4253393665158371,0.21795093913518396,47818.16726395716,1.3703757382952706
221,0.4253393665158371,0.2153787237626351,45743.415094714124,1.351888067015646
221,0.4298642533936652,0.22657797599524082,49162.49099402115,1.3779542491722478
221,0.37104072398190047,0.05126348236389227,11736.372143851222,1.0824673114170291
221,0.39819004524886875,0.13623896355980808,29105.78901053558,1.2145427086426865
221,0.38461538461538464,0.09533497860961028,22243.885048975753,1.1611695953265804
221,0.40271493212669685,0.14485624673672262,32183.613944950812,1.2367520726295884
221,0.4751131221719457,0.3634493900274356,79294.28676108096,1.6666906927635035
221,0.42081447963800905,0.20288518972158373,43717.616153121664,1.3335506436085622
221,0.416289592760181,0.19120115829416562,40647.87793136742,1.3078858970802503
221,0.40271493212669685,0.15090546954644316,33951.01340160737,1.2530677898270457
221,0.4253393665158371,0.2049350127319366,43110.15809927891,1.329292685655704
221,0.4072398190045249,0.15082817705301788,31418.416965705565,1.2331311994850704
221,0.4298642533936652,0.2377304570115939,52699.168153198545,1.4164683593767782
221,0.38461538461538464,0.09208665953233464,21280.246346591317,1.1524863902063573
221,0.4343891402714932,0.23840185429392555,50909.837714209534,1.3988219190066518
221,0.4072398190045249,0.15307515679338196,34076.32430546393,1.2530746506020087
221,0.4117647058823529,0.1676489012754993,35068.90037291145,1.2623338940223972
221,0.3393665158371041,-0.04549674831535048,-8089.697428907457,0.9456337039796602
221,0.3665158371040724,0.03761827528911732,7577.0056179728645,1.0525177169867888
221,0.4117647058823529,0.17388494865868473,38662.07855323779,1.2902544014102189
221,0.416289592760181,0.18882849452784856,39914.86209231531,1.3026767226124687
221,0.4072398190045249,0.15398790267828416,34308.784925939006,1.255200725024497
221,0.3891402714932127,0.08943453170345164,21118.31399638847,1.153577881424487
221,0.39819004524886875,0.12588512321020373,28073.993935100196,1.2065808142973329
221,0.4253393665158371,0.2148758817796744,45742.5980398321,1.3512456314037717
221,0.4751131221719457,0.36159374304909797,79476.4031489854,1.677805909914022
221,0.3936651583710407,0.10973787336977732,25213.157377111933,1.1831270563055767
221,0.39819004524886875,0.135534960569912,28385.894651834922,1.2094889848328736
221,0.39819004524886875,0.13195235044395057,27393.9966862011,1.199773989662265
221,0.38009049773755654,0.07868160171936316,18104.198463883033,1.1285774761274558
221,0.4298642533936652,0.21911378275209256,47526.35847501457,1.3659200028368383
221,0.3665158371040724,0.03312720171696132,7614.904450457208,1.0530476543495932
221,0.4253393665158371,0.21042009680171145,46213.43453137733,1.357658739256704
221,0.4298642533936652,0.22166879365342262,48513.72930780372,1.3763050519870428
221,0.4253393665158371,0.2033187126771095,41495.595250380466,1.3173259098534467
221,0.4072398190045249,0.15114879482332783,33932.995129414936,1.2531081304314702
221,0.4117647058823529,0.16807673436921408,36776.72355390764,1.275116204584503
221,0.3574660633484163,0.012198024913405511,2298.0239086314414,1.0157407504305636
221,0.45701357466063347,0.3125149471251248,65737.9705061771,1.534556139563143
221,0.3755656108597285,0.0596401875116158,13534.648689205515,1.095449124619659
221,0.40271493212669685,0.12735431338602768,27129.76601106341,1.1989637214494973
221,0.45248868778280543,0.2896226396693942,61797.996943247424,1.4965384187713515
221,0.38461538461538464,0.0748899890626134,15702.292031654984,1.1115929736481052
221,0.38461538461538464,0.09173999375280116,19106.304739908148,1.1363457489027267
221,0.46153846153846156,0.3230488343892791,70286.51890325693,1.5748658523965269
221,0.4479638009049774,0.27308705271432565,58925.064224929025,1.4686640337930514
221,0.416289592760181,0.17799075327580957,37927.913711970075,1.2863962878277952
221,0.4117647058823529,0.1741806720981023,37584.70692745943,1.2832344787833312
221,0.3574660633484163,0.010671186068769182,2890.6891920619582,1.0197413964749413
221,0.3891402714932127,0.10625458504501151,23308.495635309577,1.1682888013064203
221,0.4751131221719457,0.368548914671431,78773.41536544272,1.6675411870300727
221,0.40271493212669685,0.13825366660946978,29576.53004796847,1.2162692268605542
221,0.4072398190045249,0.15275079220882026,34385.23890701096,1.2551547371415248
221,0.38009049773755654,0.06399113958743012,14858.26544975544,1.106244890679452
221,0.3891402714932127,0.10413103465113643,23374.02363327844,1.168556840935384
221,0.4253393665158371,0.21416883130868705,47151.04544195073,1.362671380916438
221,0.42081447963800905,0.1848545281528417,39578.655132381464,1.3009936486182603
221,0.38461538461538464,0.08020950895405247,17326.629935599427,1.1253333307143492
221,0.416289592760181,0.16946783223494213,36230.707465462285,1.2715065861372357
221,0.43891402714932126,0.25542698684106624,57673.95882103136,1.4559615390841865
221,0.416289592760181,0.18144364509145972,39100.94080557334,1.2940102527006894
221,0.3936651583710407,0.11917543639518836,26010.945533475613,1.1884817636445935
221,0.4253393665158371,0.2178105503492322,47391.0476568959,1.364610757762096
221,0.4343891402714932,0.24087736021135253,51554.38309700355,1.4006560129637167
221,0.37104072398190047,0.049575512281202834,11262.477349502407,1.0786943399131177
221,0.42081447963800905,0.20039421857454204,42488.139147683,1.3237926083963614
221,0.45701357466063347,0.29972918480410893,65222.78995561015,1.5295791923546358
221,0.40271493212669685,0.14817099438994916,31109.126088844263,1.2286785662068342
221,0.39819004524886875,0.13465918333944368,29699.098319944445,1.218313770033481
221,0.4434389140271493,0.27382406233344564,57026.74224986889,1.4518231405293396
221,0.3257918552036199,-0.08642382723920224,-18634.095616373488,0.8778660120212145
221,0.40271493212669685,0.13878103549967757,29151.036258317232,1.21405335137305
221,0.38461538461538464,0.08359533277655817,18845.09425619752,1.1348491067732585
221,0.40271493212669685,0.14532801910906487,30873.530710982464,1.2265936347923407
221,0.4072398190045249,0.1471939677827739,31758.864840411443,1.2351230964979314
221,0.4298642533936652,0.22406934836845885,47060.81369189006,1.3620819397515211
221,0.42081447963800905,0.19697033960827237,43272.12547993784,1.3293174805696417
221,0.4298642533936652,0.22535098502425993,48936.404794038375,1.3801542747903421
221,0.4479638009049774,0.281999137512563,60344.856362209,1.4798895562019554
221,0.416289592760181,0.18818262966809052,39981.2291429075,1.3014572559250646
221,0.4298642533936652,0.22849306698011446,51613.95589154617,1.4043719468704468
221,0.4751131221719457,0.36788960692032285,80351.14819329605,1.680235271212956
221,0.42081447963800905,0.19293524151699812,43054.08821823843,1.3274356335669093
221,0.3936651583710407,0.11788048911022939,26094.09085595735,1.1894189989200101
221,0.4343891402714932,0.24050770248124897,51571.57734143342,1.3995993319522908
221,0.4660633484162896,0.32828533200158005,71054.31697191743,1.5870053388916463
221,0.3665158371040724,0.03600028070145921,8481.611884739508,1.0587442666920732
221,0.37104072398190047,0.050297912494280915,11342.181224224925,1.0794583142991654
221,0.4298642533936652,0.21755705132084321,47635.008706923036,1.3694311059291893
221,0.4253393665158371,0.1998876537080981,43037.74770642556,1.3293110503143555
221,0.4253393665158371,0.2226882517027629,48920.43632634783,1.382755873687078
221,0.38461538461538464,0.08167771801883204,17678.65661855243,1.1263928020434704
221,0.4072398190045249,0.15881596729417105,34211.1955164805,1.253653307062317
221,0.4117647058823529,0.17418521651167482,38828.86881424819,1.2914805772104214
221,0.4253393665158371,0.2141296707387633,46326.80247332676,1.3545114004379466
221,0.4072398190045249,0.15794945221492,33658.93791139977,1.2487445965686086
221,0.39819004524886875,0.12786309769625362,28255.084839958952,1.2071288306904773
221,0.36199095022624433,0.023392489132459424,5608.772496496425,1.0387352733724131
221,0.43891402714932126,0.247356744289338,54235.16768405203,1.4254452198454475
221,0.4072398190045249,0.15897408169594815,33822.103481207494,1.2509974262782215
221,0.45248868778280543,0.29274674566248093,62843.54851937758,1.5064837661035295
221,0.37104072398190047,0.02824999980851921,6181.963870603059,1.0434859982129008
221,0.4841628959276018,0.3895658351446633,82642.59073441607,1.70233913392814
221,0.4343891402714932,0.24046973658830345,54341.48093975037,1.4279740686512006
221,0.38009049773755654,0.08205452882151106,18012.207622373153,1.1283542844544658
221,0.39819004524886875,0.12692604836172253,25265.61213362519,1.184425154016706
221,0.4253393665158371,0.21255598671966938,44887.61574141764,1.3456627747628076
221,0.4343891402714932,0.21998280962754055,49029.40168284621,1.3820277171915667
221,0.4117647058823529,0.170468109137957,37037.457452839204,1.2790360963407568
221,0.38009049773755654,0.07437281321107607,16036.148299578535,1.1148716285520361
221,0.4117647058823529,0.1669947130941001,35402.79925967645,1.2642092900407704
221,0.38461538461538464,0.09334118404416893,20362.500212474617,1.1464889541620629
221,0.42081447963800905,0.20010946863373377,42263.96358366085,1.320589916760513
221,0.4796380090497738,0.3755659888116551,80240.84520320993,1.6747635621456363
221,0.4660633484162896,0.3244058721087216,68537.91152764935,1.56640673157336
221,0.34841628959276016,-0.013907496405192715,-1558.0859618884228,0.9893912621861111
221,0.3755656108597285,0.06349193662261896,14017.639758601195,1.099255803455866
221,0.4434389140271493,0.262880414993492,56601.92405280795,1.4480039526834525
221,0.47058823529411764,0.3408316535322143,74423.09213348232,1.6222724468840137
221,0.3665158371040724,0.03049938352282658,8019.274516193272,1.0558088055351735
221,0.45701357466063347,0.30269891825798506,65391.38450837879,1.5305163651001625
221,0.416289592760181,0.18603454134928737,39958.03173822459,1.301507754506963
221,0.45248868778280543,0.2945066744529911,63851.32226296833,1.5135291600802137
221,0.3936651583710407,0.11842745768438996,25349.80820271966,1.183288682985245
221,0.47058823529411764,0.33904011109383475,74162.24605081316,1.615908303029173
221,0.4072398190045249,0.16521902400068275,35269.47863562621,1.2632779734259691
221,0.4660633484162896,0.32342371414461185,69474.8712009819,1.5717743246147697
221,0.4072398190045249,0.15344217445824418,33738.82430444358,1.2504236131470239
221,0.40271493212669685,0.14541447428256107,32065.836218094148,1.2366624833858373
221,0.38009049773755654,0.08409287329318664,17835.116640683937,1.1274621458015535
221,0.39819004524886875,0.12483188545484554,27507.77927414845,1.2003996746096437
221,0.4343891402714932,0.2331255244540312,50071.235663046406,1.3874614955028128
221,0.43891402714932126,0.254481295479858,55360.43819982712,1.4355094906833776
221,0.38009049773755654,0.0767611007827344,15604.251241735556,1.1108877861299928
221,0.40271493212669685,0.14127317754251403,29359.521465815877,1.2156875649705905
221,0.4072398190045249,0.16028586404592174,34766.1516500945,1.2589710323613283
221,0.45701357466063347,0.3081961225326548,67912.06179543777,1.5513244450141985
221,0.39819004524886875,0.1344397390153942,27348.456304546882,1.2002460277682165
221,0.45701357466063347,0.31078317394830574,67538.1371473617,1.5495664302468137
221,0.36199095022624433,0.02321637383430575,6557.746371832408,1.0455335133764379
221,0.4479638009049774,0.27561218840707236,59636.129506300626,1.4773172878843535
221,0.3755656108597285,0.06008281802426808,12412.229036668548,1.087192448577851
221,0.4117647058823529,0.17423057821790391,37358.93043605653,1.2803312104918363
221,0.4072398190045249,0.16366732610745482,35065.18780942757,1.2617579124065421
221,0.3936651583710407,0.1204913456161716,22707.923717971993,1.1641344801895726
221,0.3755656108597285,0.07303445525155654,16016.84089774859,1.1141458866635405
221,0.4841628959276018,0.3816194696877824,83475.3407130796,1.7136308960847713
221,0.38009049773755654,0.07815615048834766,18253.214333204232,1.13020473251435
221,0.40271493212669685,0.13409831951854942,30314.131142369217,1.2244329780626768
221,0.40271493212669685,0.13883527990654618,30307.79017117988,1.2223815916609875
221,0.4479638009049774,0.2816367870705009,58667.272817865785,1.4668919536634075
221,0.4434389140271493,0.2683900121909781,56289.47831528011,1.4434377842994
221,0.3755656108597285,0.06354140320956175,14319.500649616462,1.1016006966655605
221,0.416289592760181,0.17525442043700948,40774.565212924885,1.3098909820412719
221,0.3891402714932127,0.0990002154178808,21953.824499538878,1.1585475138802304
221,0.3891402714932127,0.10562122363236376,23621.224015566084,1.1704722826533385
221,0.3936651583710407,0.12063713970943328,27408.783931109083,1.2015142454224603
221,0.3665158371040724,0.03935015187025404,10081.344277820554,1.0705776009601102
221,0.38461538461538464,0.09094817633497794,20630.637471748585,1.147803467511055
221,0.37104072398190047,0.05180484011102295,12264.460818949487,1.0863843346347983
221,0.4434389140271493,0.27469542314917145,60053.08420762874,1.4808542580262587
221,0.39819004524886875,0.14069780585370786,31501.82145652296,1.2339052232378236
221,0.46153846153846156,0.31271790928402765,68630.34028444262,1.5635580065603198
221,0.37104072398190047,0.050742677521784144,10913.060844515445,1.0766953561661432
221,0.4479638009049774,0.28034513933639205,59002.363982993,1.4695499989362923
221,0.3891402714932127,0.10040264589447676,22720.4221687661,1.1645583975786737
221,0.4072398190045249,0.14722282505581888,32220.55162538487,1.2383843844030122
221,0.36199095022624433,0.025409988736370712,5236.805315430996,1.0360933338707228
221,0.40271493212669685,0.14553537721537105,31907.679861780973,1.2358149500653233
221,0.42081447963800905,0.20036498783999795,42245.75039572464,1.3206503806677963
221,0.4298642533936652,0.23230869249998415,49609.365167388736,1.3866104482329198
221,0.4253393665158371,0.21261889673625883,44925.65006538616,1.3430352825907756
221,0.43891402714932126,0.22047400471905773,47675.10271873439,1.3748061201755444
221,0.37104072398190047,0.050090671076441655,9039.517256461973,1.0631948862699125
221,0.3891402714932127,0.10126970537568998,22462.79489124216,1.1619199701628977
221,0.39819004524886875,0.1314441236666479,27747.894876995146,1.202164058791606
221,0.38009049773755654,0.07788380320999011,16976.917346619928,1.1204299411999443
221,0.416289592760181,0.18589705495437478,39165.97686433176,1.2938884403956235
221,0.4660633484162896,0.330550613724203,72054.21620516441,1.59463499849567
221,0.37104072398190047,0.04930703227683221,10739.734555731797,1.0755026416983102
221,0.40271493212669685,0.15058577385539862,31838.868907022355,1.2363755878782787
221,0.4298642533936652,0.22543152286069917,48175.68238818244,1.3716521638577044
221,0.3665158371040724,0.036589282887414545,6146.886502338945,1.0423976411825326
221,0.42081447963800905,0.20356586883647262,43163.15035294958,1.3285566392614476
221,0.5067873303167421,0.45828051910431855,99177.86732784961,1.8831304709081975
221,0.43891402714932126,0.24824603524164165,53661.539653659354,1.4215989116629284
221,0.42081447963800905,0.18609969034327953,41899.504420328914,1.3210719139250076
221,0.39819004524886875,0.13139617825244496,27132.693744452074,1.1984672138140076
221,0.39819004524886875,0.12440310491415013,27443.364647669136,1.201305596252439
221,0.3891402714932127,0.10884563785606641,23596.56224458074,1.1715703759494267
221,0.45248868778280543,0.29472594627540033,64998.08163876855,1.5227859058110942
221,0.45248868778280543,0.28093674600435453,60475.855057298264,1.4859508106090697
221,0.3755656108597285,0.06648638761475,15106.586151169124,1.1068336285652702
221,0.3891402714932127,0.10423527907595885,23232.198064043212,1.1678623876849688
221,0.39819004524886875,0.1324866949882446,29004.315732519066,1.212883114042551
221,0.3755656108597285,0.06697194461325962,15461.107765135057,1.109480619506369
221,0.3665158371040724,0.03979989150999072,8969.331357826244,1.0627653689769199
221,0.3665158371040724,0.03465253400751654,7924.694757937925,1.0556315134610663
221,0.40271493212669685,0.14759560549264586,31742.053884795016,1.2345539464917812
221,0.42081447963800905,0.19188372747075527,41111.170707933394,1.3116664562840858
221,0.3665158371040724,0.034961674415875124,7963.43914030228,1.0555872905113068
221,0.4298642533936652,0.22515216488087852,49724.37572003469,1.3871631908329038
221,0.3891402714932127,0.09763411776414485,22686.073174900623,1.164022161609711
221,0.40271493212669685,0.1366067591843096,29105.362025785573,1.2142354641430542
221,0.38461538461538464,0.09210493186095953,18578.984481539675,1.1329434950790058
221,0.38009049773755654,0.07787825378977684,16101.627778359049,1.1135954449534569
221,0.48868778280542985,0.39696411488868116,86120.46096877591,1.7456615081103146
221,0.416289592760181,0.18042001685253964,38411.00915985415,1.2896910232228496
221,0.4072398190045249,0.15544221341779524,31827.500180938685,1.2374693032744222
221,0.39819004524886875,0.12185821087335116,27162.393733423025,1.198770575066547
221,0.33031674208144796,-0.06999896609191182,-16043.78004635881,0.8948272265806011
221,0.4253393665158371,0.21393588883109063,46405.80651232325,1.355830688407565
221,0.4072398190045249,0.15823491236633155,34254.69839941538,1.2543682408868504
221,0.3755656108597285,0.06810806262685061,16745.71595987819,1.1198499254070282
221,0.43891402714932126,0.24405409861051872,53110.03373672299,1.4204055797320987
221,0.5113122171945701,0.469163013606982,100469.04638666143,1.911426076436879
221,0.4841628959276018,0.37906698423494867,81954.38556177018,1.697376522680135
221,0.4660633484162896,0.3405294018138358,73256.52145711149,1.6104538930543024
221,0.45248868778280543,0.2985151515398773,65414.39238238003,1.5297144736843313
221,0.3936651583710407,0.12602452346348592,27154.480662569113,1.1988398733283467
221,0.4479638009049774,0.27341973378739926,58983.02986397829,1.4684713737806216
221,0.45701357466063347,0.3095423852930903,66160.87402479915,1.5369593397433237
221,0.416289592760181,0.18591387119028943,40984.34797812937,1.3102261853589423
221,0.42081447963800905,0.196198917849401,43671.06395975186,1.3359503913071045
221,0.4117647058823529,0.17522557180749465,35644.6335335593,1.266137670277836
221,0.4298642533936652,0.23044609993939008,49665.23021814434,1.3894371502336247
221,0.3936651583710407,0.10923265733277156,24276.788485830642,1.177774522172058
221,0.416289592760181,0.189119181041854,40368.029257331524,1.3032746657824843
221,0.4117647058823529,0.17316273748113872,37067.60564730534,1.2765503850297235
221,0.38461538461538464,0.0773583959805664,17823.594880275792,1.1277117769416352
221,0.4298642533936652,0.22675697261348898,49369.0690644265,1.3809163957292818
221,0.4072398190045249,0.14816885050063092,32287.938980343126,1.241407313414388
221,0.3755656108597285,0.051812039602099264,12264.453634955797,1.086623422856978
221,0.4253393665158371,0.21312390865961367,46755.22554834254,1.358387902757688
221,0.38461538461538464,0.08452447026127644,17518.23449014905,1.1251787919083962
221,0.43891402714932126,0.2543812032577706,54065.89013122524,1.4219241339154967
221,0.43891402714932126,0.2567505600885473,56276.66477102712,1.4448996786042927
221,0.4343891402714932,0.23337557312266713,50838.19425612715,1.394729745844488
221,0.4660633484162896,0.33852689103968775,74647.69467980956,1.6204432749020083
221,0.3574660633484163,-0.004751828471210534,253.56781369947362,1.0017353410547565
221,0.48868778280542985,0.40176801013049906,87120.3994259111,1.7503865688540128
221,0.4343891402714932,0.2283143909818161,48818.819163386994,1.3788565363259968
221,0.416289592760181,0.17142309547682988,35808.20289336184,1.2681593989608193
221,0.4660633484162896,0.33540202984312206,72179.10053518784,1.5947267713872937
221,0.4117647058823529,0.16672117197689973,36459.96573405073,1.2725550140408444
221,0.4253393665158371,0.2078073186149034,44204.98712572644,1.338733476743805
221,0.4117647058823529,0.17244990068179644,38342.04141337752,1.2876478938784937
221,0.3393665158371041,-0.043441616826059154,-7917.733939344733,0.946929206941102
221,0.34841628959276016,-0.014277373441289723,-3454.908728326189,0.9766056608773619
221,0.4479638009049774,0.27860847842085634,59794.686957714446,1.4765143592677987
221,0.40271493212669685,0.14078214445230455,30417.242026611377,1.2253801267081426
221,0.40271493212669685,0.1337251381975122,29760.494707231825,1.2205900454013845
221,0.4253393665158371,0.21051279771698025,46416.67616170213,1.3568544628443298
221,0.38009049773755654,0.07801414460157216,15828.221149012863,1.1128183813152053
221,0.43891402714932126,0.2501835062934274,54034.807085903056,1.4242656311972632
221,0.38461538461538464,0.09478876012158173,22514.293850148017,1.1617207810712091
221,0.3891402714932127,0.10836724342080925,22415.512794705173,1.1635423740581778
221,0.4343891402714932,0.24016125759846146,52249.55164958953,1.4064874056867882
221,0.36199095022624433,0.0242283761981898,3309.620761287888,1.0227932015296755
221,0.3574660633484163,0.018061342031938203,4184.588045984341,1.0289473657590305
221,0.3936651583710407,0.12470758894481711,27595.455964261608,1.2024606255251897
221,0.38461538461538464,0.08383666456353692,16912.463658417917,1.1207272313169943
221,0.4434389140271493,0.25666401981724885,54937.94566828275,1.434475733575523
221,0.34841628959276016,-0.02536875722974719,-5622.045987915798,0.9619834987204129
221,0.42081447963800905,0.19474627932579086,41303.27156848181,1.3128185928798786
221,0.40271493212669685,0.14785474895470388,32630.870745470318,1.2411117083868919
221,0.4072398190045249,0.15862341240631556,35926.462335300705,1.2684172423990867
221,0.39819004524886875,0.13299663616819932,28737.110787229693,1.210693040170396
221,0.4796380090497738,0.37726779531474475,81982.46533704814,1.6983042439179525
221,0.3755656108597285,0.06461569866433324,14014.218275887772,1.0990773189070673
221,0.37104072398190047,0.04479719955700929,11226.614837163055,1.0793929528725772
221,0.38009049773755654,0.07995975161744752,17293.17393350184,1.1230701893212403
221,0.4343891402714932,0.21678571220898898,46146.384357424686,1.3578208990765732
221,0.4072398190045249,0.15909485142596963,32986.27940166596,1.2436885572373277
221,0.4479638009049774,0.2741293442119624,60538.8491570128,1.4847119721557647
221,0.4751131221719457,0.3610234524488316,78699.25122636839,1.6664565819931976
221,0.3936651583710407,0.1118787387487833,24963.716112913953,1.1819933671568594
221,0.45701357466063347,0.3004582438399365,64629.576386236586,1.5243709339793403
221,0.4434389140271493,0.2704434603091135,58327.40336094904,1.4649607888236371
221,0.45248868778280543,0.29539396760310577,62841.244576980534,1.5044765138850642
221,0.48868778280542985,0.4031516582155919,86859.79902371397,1.7451302779959252
221,0.4479638009049774,0.2750527832617013,58182.01885897518,1.4633190179664817
221,0.40271493212669685,0.14455618049084507,31710.32672727175,1.2335198323102892
221,0.4298642533936652,0.21785135699149713,47664.42280852437,1.3702693756442539
221,0.42081447963800905,0.1990199269814495,42743.36293503132,1.3236389289445798
221,0.40271493212669685,0.1375042180772865,30120.174401331118,1.2210550466195478
221,0.3665158371040724,0.0291973092397337,6358.132091327665,1.0440420454764747
221,0.40271493212669685,0.14306196115407074,31614.205350682107,1.2335956985844427
221,0.3936651583710407,0.1197248855544748,26422.767822248104,1.1927500485575475
221,0.4343891402714932,0.24082505140617164,52388.04157800348,1.4060321097743442
221,0.4479638009049774,0.27672083376489226,59862.51736419492,1.4785556059824994
221,0.4072398190045249,0.162139483646025,35697.83574576178,1.2672959212058454
221,0.4117647058823529,0.16521280064204538,35600.87884140904,1.2659749582160948
221,0.334841628959276,-0.058537345777850545,-10860.461362582922,0.9279969133203227
221,0.3936651583710407,0.11391850573574465,24518.79495376326,1.1775063618364887
221,0.4343891402714932,0.24576691331127584,53970.33010089998,1.4262535134122343
221,0.3936651583710407,0.11996045098815758,26294.97073148121,1.1916696748079
221,0.4117647058823529,0.16031230457008513,34714.467291500434,1.2603144704615632
221,0.4253393665158371,0.2158639932391005,45717.69016405788,1.3521232811634072
221,0.35294117647058826,-0.013656247301963253,-4793.476849596723,0.9676199057869748
221,0.40271493212669685,0.14954628930453584,33083.058043689285,1.2458234968948958
221,0.4072398190045249,0.15394265324038908,33755.36065419823,1.250255259224519
221,0.4117647058823529,0.15925575588972699,34416.05688993496,1.2576079557404911
221,0.3755656108597285,0.05996769811250859,13797.458107706883,1.0977944714263088
221,0.4253393665158371,0.21357733429329923,45624.31955569672,1.3497132876444784
221,0.35294117647058826,2.2044617986972906e-05,814.9715344978861,1.005578223392313
221,0.45701357466063347,0.30245784896473926,65312.62735137478,1.529242586113428
221,0.3936651583710407,0.1177575580134923,24528.401783165024,1.1777830403596616
221,0.4253393665158371,0.20300908282003774,44214.214068644316,1.338655929923765
221,0.4117647058823529,0.15900114603070534,35902.33394979117,1.2689929589155033
221,0.3438914027149321,-0.038581471907344594,-8558.048573407545,0.9427717415976642
221,0.416289592760181,0.18358683093157988,38081.14692745689,1.2870390032211871
221,0.37104072398190047,0.05137028197456704,13159.657999253388,1.0924339690625924
221,0.4298642533936652,0.22354346867762792,49045.311608678036,1.3802598048952293
221,0.36199095022624433,0.0161491458106224,2926.896096919314,1.020076704047761
221,0.3936651583710407,0.11737772162129985,25193.792130471073,1.184125388169217
221,0.38461538461538464,0.09491247002267461,20889.487048430317,1.1501663381732559
221,0.416289592760181,0.1802401649064104,38787.297808787036,1.2939118788275976
221,0.42081447963800905,0.1943795520303779,42055.308200960004,1.3194515194140974
221,0.416289592760181,0.18642264229037908,40424.90603762799,1.3042414841412893
221,0.37104072398190047,0.05922191245482735,12533.992013431634,1.0885478063740803
221,0.3936651583710407,0.1257372090086436,27885.923238191113,1.204910282676065
221,0.4117647058823529,0.17673447830518432,38671.729013482225,1.290536910955105
221,0.4253393665158371,0.21260425301721847,47344.921822230644,1.3640674192594424
221,0.4660633484162896,0.3360889290208563,72087.63861125386,1.593660805166877
221,0.38461538461538464,0.0906572085080667,18755.234560527788,1.1338004821002396
221,0.38009049773755654,0.08096174698904104,18102.155604461735,1.1295271562293032
221,0.39819004524886875,0.13703987640616846,27561.65027418665,1.201800291240508
221,0.4434389140271493,0.2630605764993992,56595.8573733936,1.4477688203151784
221,0.3936651583710407,0.11459934580955318,26313.635766973457,1.1924882820034366
221,0.37104072398190047,0.05761747784496487,11966.548981118634,1.084178908072293
221,0.45248868778280543,0.2971975943897695,63086.62777048291,1.5073387606688151
221,0.39819004524886875,0.1300628629413981,27095.505785596004,1.1973885545610587
221,0.3574660633484163,0.009255075667595912,2675.6960082999503,1.0183269294902346
221,0.4298642533936652,0.22062993117540947,47862.710950665816,1.3697833820600314
221,0.4298642533936652,0.2161897661249838,46617.51502552636,1.360181343306684
221,0.4072398190045249,0.15436048000858793,33998.95975443565,1.253601812107444
221,0.36199095022624433,0.024058751540922855,4051.143657807819,1.028021915888215
221,0.4343891402714932,0.2339824421074873,48622.02138745532,1.3764092395371188
221,0.39819004524886875,0.13613744816678766,32193.35871232543,1.2377765526704598
221,0.46153846153846156,0.31574417953730133,67157.75049227047,1.549397403335853
221,0.3891402714932127,0.10565207456721676,22609.775694687705,1.162754369612845
221,0.4072398190045249,0.15178820575309984,33496.571548009066,1.249701607393749
221,0.3755656108597285,0.06378440577463633,14701.396311841954,1.1040260985001584
221,0.3574660633484163,0.013506719471529609,1709.878823828989,1.0117050706496686
221,0.40271493212669685,0.14637920304348173,31423.02548669199,1.2321312754735703
221,0.4434389140271493,0.2605559213406759,56291.44618923514,1.4457365389712158
221,0.4479638009049774,0.2802765572244122,59883.49034247172,1.4752437577975124
221,0.3438914027149321,-0.027545213685586087,-6527.213330272189,0.9561886846749571
221,0.45248868778280543,0.2969338011162762,63917.80260482755,1.5154956437719358
221,0.3936651583710407,0.10411565200312219,21067.65665532857,1.1527564018903333
221,0.3936651583710407,0.11324856498882163,22863.39257742616,1.165725855002445
221,0.3438914027149321,-0.031095263702091796,-6184.053821537839,0.9583038997208067
221,0.39819004524886875,0.12357136530631506,26442.213813797476,1.1935347901996665
221,0.416289592760181,0.1867234898603864,41447.73260945519,1.3141806846869004
221,0.4434389140271493,0.2661730743369019,58924.40204886078,1.471830792202246
221,0.4117647058823529,0.1780329463159167,37787.85269731142,1.2834258524964293
221,0.39819004524886875,0.13398804769900663,28404.233601053325,1.2079787535054007
221,0.38461538461538464,0.08574980405664548,17937.080173848022,1.1279261705766064
221,0.4072398190045249,0.15231751768265323,33777.76406012787,1.2513930979769288
221,0.416289592760181,0.17592952188114677,38006.14230287116,1.2855678241672504
221,0.42081447963800905,0.19091232372689543,40383.98431930723,1.3042084255764108
221,0.40271493212669685,0.14513989213919526,29996.30252494156,1.2200412921780104
221,0.4253393665158371,0.22083462069812507,45710.97540623664,1.3526187162563286
221,0.39819004524886875,0.12820245425421053,28609.77638329584,1.2100262108486923
221,0.38461538461538464,0.09168012075978559,20458.083443031854,1.1471534117746973
221,0.38461538461538464,0.09377284161502987,20366.97928943511,1.1457431749777434
221,0.37104072398190047,0.054873074802720724,11674.693760598504,1.0820435355925266
221,0.4072398190045249,0.1509054084599119,31947.26325328848,1.2366921061371832
221,0.3393665158371041,-0.04275479653163576,-8175.790771390925,0.9447890009829484
221,0.46153846153846156,0.31014008752605826,66029.46137052047,1.5367153559785338
221,0.48868778280542985,0.40333730272483176,87728.59437762309,1.7562267084283787
221,0.4343891402714932,0.24400782451668473,52128.455131550385,1.40578972349866
221,0.40271493212669685,0.14800592741704008,31303.31196408034,1.2312652092122822
221,0.38009049773755654,0.07809462532912352,16462.68719371841,1.1169040098928575
221,0.45248868778280543,0.288810223202911,62784.21195308278,1.5054035014030596
221,0.3891402714932127,0.11481144970171031,23286.080788764204,1.169478080727428
221,0.416289592760181,0.17978434708757093,38880.11964736007,1.2923185910426465
221,0.4343891402714932,0.2350344398087097,50863.02541412269,1.3963523555545063
221,0.39819004524886875,0.13492373864174614,29350.458490744222,1.2173954278909782
221,0.4072398190045249,0.15349794408681294,34841.99243250407,1.2605754594036973
221,0.4434389140271493,0.2664518150967058,56871.24631421479,1.450938515521702
221,0.42081447963800905,0.20169054237668513,44735.841263858456,1.3425498048850626
221,0.4343891402714932,0.24564224888134348,52128.98129540387,1.4085897861197638
221,0.3755656108597285,0.06656150321840879,14588.232353460493,1.1031772781296707
221,0.42081447963800905,0.20003188952148537,44265.302558679316,1.3375728042533113
221,0.45248868778280543,0.299019468074064,63702.99146864229,1.5144205195264815
221,0.4117647058823529,0.1736184687484705,37619.94857684114,1.282525525773045
221,0.39819004524886875,0.13361317412187637,29077.337710342836,1.2135699690114723
221,0.4117647058823529,0.16364888310733317,36005.462537554,1.2705385066705561
221,0.3891402714932127,0.09683516703442972,21573.974122152278,1.1554306945772852
221,0.46153846153846156,0.31266372051114427,67668.80134390772,1.5570227388725504
221,0.3936651583710407,0.1164690182601287,24262.025698001024,1.1762147913995369
221,0.38461538461538464,0.09205820862615931,18963.950409375888,1.1348837203275621
221,0.4072398190045249,0.15675977611089503,35038.13817155725,1.2609733216347734
221,0.43891402714932126,0.2543983727404191,55753.05725821994,1.4377515128094678
221,0.3438914027149321,-0.030410340055605042,-5601.9509623023205,0.9624950129483315
221,0.4072398190045249,0.15982073411012818,34292.9097193816,1.2547293458685886
221,0.4117647058823529,0.16725058854271874,36067.01504589207,1.2698588416102221
221,0.416289592760181,0.1744055671472755,38138.3346043476,1.28798426108572
221,0.39819004524886875,0.1229832541742602,27071.85908587093,1.1993753053629153
221,0.47058823529411764,0.3520420502902798,76333.9910428114,1.6414641075065692
221,0.43891402714932126,0.25519443754962545,54848.762833067856,1.431271825092857
221,0.3665158371040724,0.03038450231256492,7637.888270440053,1.0532566750268169
221,0.47058823529411764,0.342712303763526,73374.58955919399,1.6088432121435912
221,0.3574660633484163,0.01637007736430071,4439.0956501387645,1.0307234503117548
221,0.38009049773755654,0.07840075967173846,17650.788751972214,1.1253763222152744
221,0.4072398190045249,0.15992753410514884,34716.64973595456,1.2585845003687908
221,0.47058823529411764,0.33346601695493827,72264.82533670927,1.6004045898899684
221,0.416289592760181,0.18616898498801807,41171.26553038697,1.310914629986194
221,0.3891402714932127,0.10477951448264111,24840.07366097599,1.1788736296573854
221,0.416289592760181,0.18315626373556812,37937.08617413376,1.2859418636277853
221,0.4434389140271493,0.268145938270436,57048.561413118194,1.4502240182493262
221,0.3665158371040724,0.041780771210101916,9179.487504829129,1.0639204608627297
221,0.4434389140271493,0.27091743530176504,57789.97460647896,1.457178761464114
221,0.3891402714932127,0.0985199287601396,20700.84811554452,1.1495016599408316
221,0.39819004524886875,0.12970367435854535,27758.214610865623,1.2018989277091408
221,0.4072398190045249,0.15149432989546774,32213.71074562104,1.2392974733271642
221,0.38461538461538464,0.0911369656948902,20267.626700928206,1.1450324907590352
221,0.4117647058823529,0.1728984305919091,36470.07665132141,1.2721370938437142
221,0.45248868778280543,0.28597239610059966,61504.2457957273,1.4946931915207233
221,0.39819004524886875,0.12820107849311407,28519.055513289484,1.2096799051811449
221,0.42081447963800905,0.19954210928833738,43457.41357874339,1.3316546714825916
221,0.43891402714932126,0.23918234961637297,52228.4049318975,1.4137725220117185
221,0.3891402714932127,0.10143024051211617,23779.479633182542,1.1735303270340438
221,0.4117647058823529,0.16472336564875387,36206.77432270969,1.2715408776253523
221,0.4072398190045249,0.16024296194210352,35312.70934685515,1.2631487501743337
221,0.45701357466063347,0.3148379168909222,67261.22193232164,1.5501484141921857
221,0.4253393665158371,0.20366856745957973,43885.07286612999,1.336169624082432
221,0.4298642533936652,0.22734894095515942,50175.946900594594,1.3877610099826188
221,0.42081447963800905,0.2037614953430585,46171.54210067682,1.3544061740776383
221,0.43891402714932126,0.26018619771892443,58023.18668776814,1.4620886539321685
221,0.45248868778280543,0.2971450379220559,63335.24434863927,1.5114302953955414
221,0.38009049773755654,0.07215472598509287,15969.621983130857,1.1135048308754132
221,0.38009049773755654,0.07126906610551777,14390.028893323586,1.1016695209227636
221,0.4253393665158371,0.21036052190620108,45052.902579697155,1.3451134315320998
221,0.4434389140271493,0.26286291032638437,57104.59364856558,1.4498071824027543
221,0.38009049773755654,0.0804969802717212,17873.44020374372,1.127417648663757
221,0.4298642533936652,0.22925390227746667,50079.58776715696,1.3884942423362312
221,0.416289592760181,0.18960825923023913,41243.11466580103,1.312467131730838
221,0.4072398190045249,0.1621344780864911,36243.54962835669,1.270329198630462
221,0.40271493212669685,0.14754477031477042,32280.864437483488,1.239533386553236
221,0.4253393665158371,0.20804123625921256,44900.53392973222,1.3445304451248172
221,0.42081447963800905,0.1997988922831182,42379.83536205201,1.321892626118558
221,0.40271493212669685,0.1467745381296453,30694.721452380378,1.2262629122586128
221,0.4343891402714932,0.23962874814095877,53391.578496658156,1.418297705490373
221,0.36199095022624433,0.027007804155997253,5838.227765887794,1.0405506277140275
221,0.4298642533936652,0.22739310072140198,48300.36316990948,1.3718163095987448
221,0.45701357466063347,0.30897585747120054,66965.67800990888,1.5453200723554796
221,0.4253393665158371,0.20949463570583957,46272.42752051139,1.3565941056005666
221,0.43891402714932126,0.25411586131381764,53206.537285117636,1.4169050677240558
221,0.416289592760181,0.1838442813163171,41253.75149268281,1.3141907472793306
221,0.4298642533936652,0.22946690139259035,49588.87704315422,1.3849852299568048
221,0.4072398190045249,0.15864832029630574,34198.26836441634,1.256012918140995
221,0.4660633484162896,0.33472603004656,72981.4613496413,1.6023773787552689
221,0.46153846153846156,0.32152359347974047,69709.09897074867,1.5693673495151355
221,0.40271493212669685,0.14647828287949036,31913.75049397382,1.2347179204787544
221,0.3891402714932127,0.1128370579436937,23569.79647237679,1.1716668387263216
221,0.4660633484162896,0.3356163098097901,71084.20724674992,1.5832127738794946
221,0.43891402714932126,0.24916931243636053,53597.46056462858,1.4205935529785632
221,0.4072398190045249,0.1645764049830598,35499.33884341654,1.2660070473960616
221,0.39819004524886875,0.1326338402204012,27341.976341287704,1.1994510602516872
221,0.4117647058823529,0.1725418436340691,36169.79238438469,1.2702124497192049
221,0.4343891402714932,0.2425474991944094,52640.6890251622,1.4134827633165337
221,0.334841628959276,-0.06204844947168548,-12918.973087517234,0.9143304782195639
221,0.4117647058823529,0.1737575052940185,36322.41897155952,1.2704824195264093
221,0.3936651583710407,0.11832168302522543,25579.037351118845,1.185451566751603
221,0.45248868778280543,0.28782470112260705,62703.163952268405,1.503411718902589
221,0.35294117647058826,-0.001129049732179548,1283.0878403911574,1.0087527836178565
221,0.4253393665158371,0.21425242099500508,46401.2696868684,1.3559836900660538
221,0.4298642533936652,0.21194662299114692,46128.41753361012,1.355492941038761
221,0.37104072398190047,0.0514318249430243,11414.726610214972,1.0799132857381466
221,0.4117647058823529,0.17335192203591498,38159.85964241513,1.2861396101341653
221,0.497737556561086,0.43298357774266694,93157.2246383567,1.8230583660550643
221,0.4298642533936652,0.2300141393705762,49363.84529878573,1.3828235786764402
221,0.3936651583710407,0.11437867019478991,24576.557149736356,1.1785427473647658
221,0.3665158371040724,0.03500124267106681,7865.90455550876,1.0548657727944404
221,0.3891402714932127,0.10569675267365723,24401.884661841752,1.1767286706769475
221,0.4841628959276018,0.39667395220314333,84545.02544579905,1.7272860042715372
221,0.39819004524886875,0.13252206747305567,28504.21083179331,1.2080402933042307
221,0.49321266968325794,0.4199479313130986,89112.3157463496,1.780242092426437
221,0.3574660633484163,0.012947950319735451,3244.9785378811266,1.0224042825015982
221,0.38009049773755654,0.07800415449452833,16436.736349389204,1.1168919385311897
221,0.3755656108597285,0.0634835335661741,14842.044873152154,1.1043891549141966
221,0.334841628959276,-0.05805163354688785,-11894.593326933846,0.921053388262615
221,0.45701357466063347,0.3090820376385717,67421.97558232944,1.549424199598956
221,0.4072398190045249,0.14577375006758875,31974.533824557293,1.2374674818457148
221,0.38009049773755654,0.08468925192553536,19744.080567550867,1.142463741200891
221,0.45248868778280543,0.29354984522962513,62380.55775754903,1.498069218651954
221,0.4253393665158371,0.2080149960165085,45317.05770904232,1.3483397710441656
221,0.46153846153846156,0.3269056327853191,69014.53252879495,1.5676593228294322
221,0.38009049773755654,0.07147096088602255,14817.428482800045,1.1044951604216382
221,0.39819004524886875,0.12937299649104148,28410.962793486146,1.2079741812767375
221,0.4434389140271493,0.2671496308840346,56387.05705998683,1.4447471583540903
221,0.39819004524886875,0.1387903874254215,30575.706702992724,1.2252468140743344
221,0.4343891402714932,0.23435633045351162,50717.61489367482,1.3951237733452153
221,0.40271493212669685,0.14296067565643159,31373.858051897856,1.2338831493515263
221,0.40271493212669685,0.14843554030822595,32473.88838790552,1.24057377654987
221,0.35294117647058826,-0.003728383423471178,1155.61165563935,1.0078947086319923
221,0.4253393665158371,0.20791714957827845,44116.84758501941,1.3406703355623806
221,0.4117647058823529,0.1735208896982733,38147.24825465841,1.2860622324639568
221,0.4434389140271493,0.26843855703963415,57127.19122735405,1.451217078124524
221,0.416289592760181,0.18860615636402686,40782.97842975467,1.309478626294837
221,0.3891402714932127,0.11180093431613665,25052.227462248105,1.18268150734539
221,0.43891402714932126,0.2538078243543311,54960.84363933102,1.430226255896285
221,0.4298642533936652,0.22411629669964533,50135.97701116061,1.3910749555904194
221,0.38009049773755654,0.0775657730362532,16136.897230461731,1.1140792105679702
221,0.47058823529411764,0.3497846925845111,75300.57468395753,1.6272002476493568
221,0.3755656108597285,0.05860904320219616,14707.034271460027,1.1042008554500253
221,0.36199095022624433,0.02710681624891758,6151.418694875971,1.043250576303975
221,0.416289592760181,0.1724935093104689,37749.13169534146,1.2848213974288545
221,0.37104072398190047,0.039858397711318785,6744.645424820405,1.0473219208555218
221,0.4434389140271493,0.26712426822795604,58436.79106511763,1.465513508076007
221,0.42081447963800905,0.1906953148426613,41449.64997702999,1.3146156490187426
221,0.40271493212669685,0.1414101354751891,30783.838413158523,1.2274706824355839
221,0.3438914027149321,-0.030475646003746346,-6731.288212195816,0.9548097371948444
221,0.40271493212669685,0.14557992104898612,33270.47849325404,1.2467219571673356
221,0.45701357466063347,0.3055540053359178,66239.26346662821,1.5343323047965183
221,0.3438914027149321,-0.026395967117313974,-5135.5311196894645,0.9653082156506481
221,0.4434389140271493,0.2582660369344531,56344.13321400777,1.4464404646234887
221,0.4479638009049774,0.281771237527878,59940.40744753809,1.4787883655896787
221,0.4117647058823529,0.16573131685895914,36039.645945723845,1.270081914714379
221,0.4253393665158371,0.21580417950767541,46221.70791512966,1.3546998017852934
221,0.3891402714932127,0.10444496713915104,22915.302321700256,1.1652085995625718
221,0.4117647058823529,0.16613566494018717,36002.59008027542,1.2695688766532895
221,0.4253393665158371,0.21750763054569855,46824.92007670447,1.3595561935158151
221,0.38461538461538464,0.09025028978342939,19217.304507694666,1.1383850690165904
221,0.416289592760181,0.18788841732583636,42366.4292855847,1.3231512561081287
221,0.4117647058823529,0.17085081566064364,36256.73487501112,1.2707413277124073
221,0.45701357466063347,0.30017416266582597,65154.536740407966,1.5285635731232288
221,0.40271493212669685,0.14737355007195163,30799.465284878017,1.2260287338879707
221,0.4343891402714932,0.23303592317618832,48375.70914149493,1.374784279050281
221,0.4253393665158371,0.21184859478285484,47028.05355081846,1.3642715528298872
221,0.4434389140271493,0.26219919514021894,58258.23880470749,1.4632292513186265
221,0.4253393665158371,0.2078896276492559,45557.66420619014,1.350331381837675
221,0.40271493212669685,0.14916699724853505,32788.01294433817,1.242848466785674
221,0.3891402714932127,0.09874665855313962,21989.448131045283,1.1582568631108499
221,0.3755656108597285,0.06625796384912469,15577.638596354722,1.110701990656114
221,0.4298642533936652,0.2325790500325712,50102.23947044775,1.39029072599649
221,0.43891402714932126,0.2669874032857232,56635.7997857094,1.453115319290855
221,0.38009049773755654,0.0768628423688383,16659.587467880247,1.11814814481011
221,0.3936651583710407,0.12466036521493695,27499.834677901756,1.2017053737648966
221,0.38009049773755654,0.08674608707368962,19682.14148980438,1.141503565732445
221,0.4298642533936652,0.22391121531766556,48679.217537440345,1.379513511087795
221,0.4479638009049774,0.2816258931959018,60708.339234412095,1.4827844188574004
221,0.4298642533936652,0.2232450804118423,47941.665123211074,1.369549330121571
221,0.37104072398190047,0.04727137468138616,10546.232297144103,1.0738469982369634
221,0.42081447963800905,0.19946274200274985,41504.109090246275,1.3136440253880575
221,0.4253393665158371,0.21741806102543276,48494.5065497862,1.3758581527485634
221,0.42081447963800905,0.19798735405608744,44370.0637838658,1.3397731068747203
221,0.37104072398190047,0.05055937071101896,9600.873253242375,1.0669530197361734
221,0.4253393665158371,0.19825439725253863,40653.07285784759,1.3104710663401753
221,0.4117647058823529,0.1724781702139334,37308.936921886314,1.279663720109939
221,0.3891402714932127,0.10499503238089784,22147.219102897343,1.1596968306971842
221,0.3755656108597285,0.07510490009549974,16389.317354331146,1.1172498284754628
221,0.4072398190045249,0.15177574928183926,33666.17885351752,1.2493950260342375
221,0.4117647058823529,0.1734387438409803,36717.446555407296,1.2748119067457344
221,0.4298642533936652,0.20794749038018034,46345.716566918025,1.3598751975487113
221,0.39819004524886875,0.1312039654088814,30013.713550961606,1.2211622481467028
221,0.3936651583710407,0.11324183484782348,25609.93417083673,1.1862892128942064
221,0.45248868778280543,0.29650483694880453,64797.81910268332,1.5237800423261934
221,0.45248868778280543,0.29606847458024993,63920.453672319854,1.5165368028490183
221,0.4796380090497738,0.35893632048606633,78283.7810365166,1.6590494684491863
221,0.4253393665158371,0.21624574659932003,46199.74187317479,1.3549339058567593
221,0.3574660633484163,0.01217830081453397,2564.421766747855,1.01755359644805
221,0.43891402714932126,0.2432143280614663,51371.04166645969,1.4030607751437143
221,0.40271493212669685,0.14074295832427872,29815.339181946172,1.218657317531068
221,0.4253393665158371,0.21375248734735944,46738.06021450684,1.3575199649023353
221,0.4343891402714932,0.24050902028936874,52298.46151931999,1.4065849699819688
221,0.45248868778280543,0.29580856441278003,64131.848044758,1.5185936189441323
221,0.4343891402714932,0.24130454222234565,50648.41092304359,1.3935559682634444
221,0.36199095022624433,0.024466412008563816,5242.794247679907,1.0361884598789206
221,0.4072398190045249,0.14551764075921125,30872.958411141364,1.2287149782230666
221,0.43891402714932126,0.2581618738029145,54761.185998232395,1.4327544486273758
221,0.3755656108597285,0.06443071330068632,15199.452648356099,1.107292579414052
221,0.4072398190045249,0.1540036809264966,32257.5968895228,1.2380910645173455
221,0.4343891402714932,0.2364511654193611,49993.70986846948,1.3910466042791119
221,0.3891402714932127,0.10464623320644596,21327.83073156022,1.1529874695920428
221,0.45248868778280543,0.2974021290076564,64331.731686911386,1.5183765156514095
221,0.4072398190045249,0.1663847302098335,35408.87151686339,1.2652628506638566
221,0.42081447963800905,0.20162230490966868,45092.69769029763,1.3457801352998084
221,0.3891402714932127,0.10356374102601555,23817.72264937115,1.172055408505887
221,0.46153846153846156,0.3170577318809447,67533.17638919457,1.5543792750062448
221,0.4479638009049774,0.2725527425046744,57399.679850583445,1.4573064432628788
221,0.3665158371040724,0.03696400814919267,7821.938789154695,1.0542462003552722
221,0.35294117647058826,-0.0021768320219969824,-416.23711733452365,0.9971785524437213
221,0.416289592760181,0.18657609802103914,40947.412170280906,1.309714776668154
221,0.3891402714932127,0.09263487948221721,21784.45222649409,1.1579151371853063
221,0.42081447963800905,0.20382441938031182,45995.90926452399,1.3534734487601023
221,0.38009049773755654,0.08052954531216111,18453.115697425408,1.1311034773945499
221,0.42081447963800905,0.20244909181001045,41405.48355554562,1.3141404016116787
221,0.4117647058823529,0.16221408162635853,35122.05544254037,1.2634233426864365
221,0.4072398190045249,0.16350735623263274,34667.9024609153,1.2609069955426553
221,0.42081447963800905,0.19084038495115735,43550.964000484855,1.334590054606203
221,0.3755656108597285,0.06264645949896258,14501.660354480631,1.1026246112937057
221,0.4072398190045249,0.16333006100474545,35354.10871352037,1.2651565724458793
221,0.42081447963800905,0.20255483077470376,41973.59070586311,1.3198464257944726
221,0.3891402714932127,0.10906399158295979,25193.730916598506,1.1833368465757805
221,0.40271493212669685,0.1421049316709511,30133.87690055686,1.2224314445776259
221,0.3936651583710407,0.12614797409540032,28240.879121281898,1.20776632822324
221,0.4117647058823529,0.1735874114451853,38612.57557264074,1.2909573548698674
221,0.39819004524886875,0.13432016960256188,29989.543804191406,1.2214309431635433
221,0.3665158371040724,0.03613947134507143,7418.542998989224,1.051524644757098
221,0.4479638009049774,0.2791951567709065,61448.981529237746,1.4915894250727388
221,0.39819004524886875,0.13229329138612173,29991.284463103493,1.2204204625299513
221,0.3393665158371041,-0.0440919633514594,-9441.11682998338,0.9367889306595901
221,0.3936651583710407,0.11938523273295695,25697.33329062086,1.1875882565802467
221,0.39819004524886875,0.12722875463077227,29571.824140011515,1.2174506765607012
221,0.3936651583710407,0.11839822804650674,26108.331725999633,1.1892790315482833
221,0.3574660633484163,0.01006184118334717,2282.3247730378916,1.015612479675109
221,0.42081447963800905,0.19144922155506006,40974.57311234354,1.3107540694875652
221,0.4253393665158371,0.2176276485065083,47662.30295683161,1.3677404856921516
221,0.416289592760181,0.1730987349074409,37747.33931924054,1.284780448253404
221,0.4072398190045249,0.15915544542854182,32514.726108414576,1.2398152585801094
221,0.46153846153846156,0.3274095240761747,73164.42337318821,1.6068102743184693
221,0.38461538461538464,0.09607650399811575,20316.03585093274,1.1465161291078754
221,0.38009049773755654,0.07921274754460779,18057.64988848027,1.128705539881453
221,0.416289592760181,0.18926701105742097,40406.06765860373,1.3068683734652664
221,0.4072398190045249,0.15034887723098717,31862.578855786618,1.2361194875466381
221,0.3936651583710407,0.11922756402123416,26060.57507580232,1.189306606513152
221,0.4072398190045249,0.15262417641090098,32811.28938906535,1.2424126593950442
221,0.4434389140271493,0.255154382129273,56857.12349675867,1.4535225235392844
221,0.4253393665158371,0.1975178147509355,42419.758352388184,1.324372014184499
221,0.4434389140271493,0.2675417579928325,58050.71169573744,1.459138647997221
221,0.4117647058823529,0.17051632662441882,37264.80294317687,1.280961091882445
221,0.3665158371040724,0.02855908313264906,4670.772821545567,1.0323634680673153
221,0.416289592760181,0.18713292635937845,39428.977460665956,1.2966804459968049
221,0.38009049773755654,0.0682120349449264,14142.935064804986,1.0998588501335689
221,0.4117647058823529,0.170563045275964,37253.01870731911,1.2808538728940582
221,0.37104072398190047,0.0475787584460999,9136.690124771436,1.0637969046309688
221,0.4298642533936652,0.23009572640253986,48986.04365501608,1.3798072232875684
221,0.4343891402714932,0.23498507645529298,50209.59966973402,1.3928909546274513
221,0.4660633484162896,0.33479145887435835,73236.99131953903,1.6042264178191838
221,0.3936651583710407,0.11915009803434838,25262.238666810284,1.1829252430457886
221,0.46153846153846156,0.3229037710292274,69926.89800487658,1.5732487235252897
221,0.4072398190045249,0.1622782763896587,34288.0734010403,1.2566854837161054
221,0.40271493212669685,0.14581616565333974,32087.74404371501,1.2355079160133413
221,0.40271493212669685,0.15463369114849435,32869.26765389872,1.2448121734010953
221,0.4117647058823529,0.16829014923010974,35819.76392575701,1.2667540853596146
221,0.40271493212669685,0.13612439312232066,30137.44792812296,1.221584086251887
221,0.416289592760181,0.1820805579990347,38628.209184171355,1.2923849233604403
221,0.40271493212669685,0.1379702044966751,31016.455306837524,1.228835777657998
221,0.4298642533936652,0.2229668286982831,46930.988088655504,1.3633966971893168
221,0.4660633484162896,0.3306241600527734,70613.75817541976,1.5817818325221833
221,0.4117647058823529,0.1728400627749661,37087.50436677931,1.2770006126679667
221,0.4072398190045249,0.15077191172266002,32521.397924308592,1.240757168519281
221,0.34841628959276016,-0.019764154163306544,-2103.29298419553,0.9856166659674167
221,0.4253393665158371,0.21326652915718475,46900.9341885512,1.3603306669723916
221,0.45248868778280543,0.2882439386507085,62041.88641150529,1.498546794538526
221,0.4841628959276018,0.3900491108149147,84044.31547835347,1.7209723233278442
221,0.4343891402714932,0.24459998090889834,52462.046164600535,1.412504036148317
221,0.37104072398190047,0.050018970884047845,9860.492546657993,1.0687494061556746
221,0.42081447963800905,0.19893729752844092,43487.11261424125,1.3306122510073937
221,0.45248868778280543,0.2943652983876944,63164.469581854704,1.5080340723630397
221,0.4253393665158371,0.21434079817344234,47803.68158857731,1.3685697376462025
221,0.38461538461538464,0.09167186245249018,20592.45584020826,1.1470393615497736
221,0.42081447963800905,0.2023984335073215,42403.611558887846,1.3220694643324087
221,0.3891402714932127,0.10935137685153974,25371.368716246765,1.184362507291361
221,0.46153846153846156,0.32181836064878894,68148.8100402134,1.5565068169839038
221,0.4298642533936652,0.2274752761920953,49371.41436779247,1.381820586792814
221,0.4253393665158371,0.21368186160355046,45497.08314611322,1.3480084647283739
221,0.4343891402714932,0.23772548442928554,52405.38481599713,1.4110584686334557
221,0.43891402714932126,0.24830490589823154,53190.98646623737,1.4172386215060881
221,0.38461538461538464,0.08817872598319697,19237.025472649115,1.1378290345535274
221,0.46153846153846156,0.3247588957047082,69183.87771564264,1.5672440751163064
221,0.4434389140271493,0.2628710667503562,57126.84910332777,1.4519058653802168
221,0.43891402714932126,0.25620728727772907,56248.5078992316,1.4440165966697251
221,0.42081447963800905,0.18637390175516957,39247.136750891055,1.2980923936757611
221,0.40271493212669685,0.13665524517818806,29602.25894833763,1.2174255404912253
221,0.3755656108597285,0.06459642762143228,14365.76842920556,1.1013532038014917
221,0.3936651583710407,0.11320804666905879,24904.065226581253,1.1808027386486597
221,0.46153846153846156,0.3221875280999124,70480.1855191454,1.5787297973844276
221,0.4343891402714932,0.23125595220666956,48960.2805131786,1.380704817896163
221,0.4253393665158371,0.20592381169914686,44349.380960881084,1.3390204048652345
221,0.38461538461538464,0.08173046422285657,16860.02560590668,1.1198736010545165
221,0.48868778280542985,0.4020730577700291,85687.7484413035,1.735276342045053
221,0.4298642533936652,0.21938282497563946,48300.94636713057,1.373698559078738
221,0.3936651583710407,0.11883965283832226,26588.58057655896,1.1934382290501737
221,0.45248868778280543,0.2993379233176284,64869.27646980252,1.5259425604278258
221,0.38009049773755654,0.06629327775696404,13939.729537005496,1.099182136923609
221,0.416289592760181,0.18496913160160958,41183.2166918931,1.3108775473887708
221,0.37104072398190047,0.05015476887997665,10600.159192115021,1.0739553770680044
221,0.3755656108597285,0.049814722346523614,11483.297094162564,1.080982898871963
221,0.38461538461538464,0.09125898869479739,20314.23054611112,1.1453265069266774
221,0.4117647058823529,0.1672712458268242,34724.753086517376,1.258874400374709
221,0.416289592760181,0.189966156025101,41861.980931762875,1.3185830440384816
221,0.4072398190045249,0.1413774304006691,30250.867802109526,1.2252091561626177
221,0.39819004524886875,0.13176881587993008,29589.365779570704,1.2166869956354456
221,0.4117647058823529,0.1681432470424798,35103.42497208944,1.2614404163715223
221,0.40271493212669685,0.14574182082102524,32400.443950247864,1.2392454706440372
221,0.3891402714932127,0.10303397197944099,21899.30698976043,1.1573913650460539
221,0.37104072398190047,0.0450174334020982,10840.05531097273,1.0761970845185551
221,0.38461538461538464,0.0942899993643643,20055.562131281134,1.1434734401557862
221,0.416289592760181,0.18637484707779425,39415.831181167174,1.2972763334710034
221,0.39819004524886875,0.12140473929159032,26609.594804679065,1.1953665984117003
221,0.416289592760181,0.1924664801936578,42345.1379634672,1.3226446350082195
221,0.3936651583710407,0.11920420052618139,26592.726512109355,1.1933477826434675
221,0.45701357466063347,0.2993574581754574,64005.44165829471,1.5237952131389334
221,0.4072398190045249,0.16029531908418873,32989.043793004486,1.2437286500845834
221,0.3393665158371041,-0.06275194885867287,-13611.971672091617,0.9091341189610553
221,0.3891402714932127,0.10807493597058443,24716.259456389496,1.1786723992158563
221,0.4343891402714932,0.23681993300926105,51558.35522918894,1.4018781657977613
221,0.38009049773755654,0.07755155081591925,15964.253682754368,1.113235269603192
221,0.3891402714932127,0.09680281539855473,19598.235364851884,1.1407593630665556
221,0.37104072398190047,0.0431238451455377,10277.483467357566,1.0727354076899078
221,0.37104072398190047,0.04678640797379785,10355.455292477265,1.072190685005909
221,0.37104072398190047,0.05541864101083718,11765.883940243262,1.082782276816098
221,0.4298642533936652,0.23202308411152772,49660.369456611676,1.387589528309566
221,0.3891402714932127,0.1037806387698926,22658.807745826954,1.164173785893633
221,0.34841628959276016,-0.009654350019537787,-15.46863251522791,0.9998939836181358
221,0.4434389140271493,0.26529828758365426,56872.96543076173,1.4509499007689584
221,0.3891402714932127,0.10458048317271108,23357.12197677988,1.1687066565432007
221,0.4117647058823529,0.18455519804404438,39595.50443255692,1.3014946760227832
221,0.4117647058823529,0.16355213063381652,36619.32147205349,1.2735588282641388
221,0.45701357466063347,0.3066554600485581,64633.80661824396,1.5214529214040426
221,0.5294117647058824,0.518145213395467,112181.95403930327,2.0529118028479365
221,0.4072398190045249,0.15930570725723395,34000.533212719616,1.2519390095335095
221,0.37104072398190047,0.045846852600367166,11447.61566943901,1.0806660032802036
221,0.4117647058823529,0.1669082649377336,36349.65144106021,1.271548596429418
221,0.4479638009049774,0.28605446746963353,62592.597156220814,1.5044499115268162
221,0.40271493212669685,0.1378281963730882,30789.854434337693,1.2273012570383173
221,0.38461538461538464,0.09128935965930968,19126.65200892956,1.1365438311447351
221,0.4072398190045249,0.1648666523467899,35856.18142260556,1.2696745348216325
221,0.3574660633484163,0.012039086754145317,3585.938165309425,1.0248442031512146
221,0.3936651583710407,0.11396468307727507,22686.397640514526,1.1643892260205662
221,0.40271493212669685,0.14550144901471512,29468.188966315076,1.2158651475281306
221,0.4343891402714932,0.24275232901080843,52555.5181052227,1.4084480800626091
221,0.45248868778280543,0.28705888522997297,61255.86875561366,1.4947047307370345
221,0.38009049773755654,0.07805448760179075,16995.467334002613,1.120459373641774
221,0.4117647058823529,0.170845368424913,37743.97837896795,1.285224747850313
221,0.45248868778280543,0.30696913686445343,67483.13006943898,1.5543824190741544
221,0.43891402714932126,0.2546204840765462,54082.567962213245,1.424915986578568
221,0.45701357466063347,0.3097485623162499,66587.82932636024,1.5398893707566252
221,0.3936651583710407,0.12391302041472503,27349.75517660966,1.2013124557851516
221,0.3891402714932127,0.10540912744591018,23043.913361741277,1.1664147814935335
221,0.4072398190045249,0.1628404176601972,36721.01864678694,1.2748765105078474
221,0.3755656108597285,0.06659424647315816,15913.332739679376,1.1130953215202433
221,0.4072398190045249,0.15861046229105377,35779.50440616175,1.266348664611576
221,0.3891402714932127,0.10525372635097643,22126.770315498346,1.1589701785991635
221,0.416289592760181,0.1845501143491921,38007.90312623723,1.283538804291093
221,0.4343891402714932,0.2478768634286023,53018.899242834785,1.4171317341749918
221,0.38461538461538464,0.08568434108886469,19144.1444581308,1.1374908186961925
221,0.3574660633484163,0.009416331191672535,3710.999695453499,1.0254265241825693
221,0.45248868778280543,0.29509306358561227,63822.89843416333,1.5135251613004663
221,0.3393665158371041,-0.045475443433402964,-9025.778925761595,0.9399858322065868
221,0.42081447963800905,0.19899298680449082,41904.70818683186,1.3160814345822978
221,0.3891402714932127,0.10450180053543044,22811.01064079816,1.163659824352275
221,0.37104072398190047,0.0379262449753059,7770.068626165201,1.0545918685406281
221,0.4434389140271493,0.27338968456893814,58449.38209863155,1.4651148873043205
221,0.502262443438914,0.4453455051164947,94502.92512791586,1.8331078004775168
221,0.3755656108597285,0.06548610513761428,13530.628198116448,1.095183421112996
221,0.38461538461538464,0.09243531080591409,19435.64517404812,1.1384953178186072
221,0.3755656108597285,0.05985944095264028,13676.77122868741,1.0965467123314119
221,0.4479638009049774,0.2736832892265142,57445.33856367927,1.4562387969381947
221,0.416289592760181,0.18521564881277933,40794.257491222124,1.3073319056218287
221,0.4479638009049774,0.2892845563549275,61773.43893843761,1.5005661717120993
221,0.39819004524886875,0.13269598948774186,29022.9193352913,1.2129810082782408
221,0.40271493212669685,0.1431632063442792,31629.145027705737,1.2347509093131885
221,0.4117647058823529,0.16137445657321486,37339.025453537295,1.2817239518534838
221,0.416289592760181,0.18588283076020512,41014.45957065439,1.3109324564214255
221,0.40271493212669685,0.14747151785498092,32312.700681266186,1.2383733714314573
221,0.4117647058823529,0.17564454638051719,38626.86723475813,1.2910541301677765
221,0.4253393665158371,0.21367893092152743,46340.990813495184,1.3543650940271295
221,0.4660633484162896,0.3363511425386156,72896.50314672152,1.6037697892978648
221,0.42081447963800905,0.1992772872841975,43086.25174837905,1.3276605211555244
221,0.36199095022624433,0.01988041744262508,4128.192674811737,1.0284718405142965
221,0.3665158371040724,0.036668173314614826,6961.386710679773,1.0481499476048157
221,0.42081447963800905,0.20352332377331886,43771.74424833195,1.3335146321609843
221,0.38461538461538464,0.09274452362492613,20006.489163312755,1.1432450022272005
221,0.4660633484162896,0.32812323995466186,70562.48527440408,1.5820503486326045
221,0.4117647058823529,0.17089294613651626,39122.85457530202,1.2961172751105494
221,0.3936651583710407,0.11895415125290354,26823.57774514553,1.1964757397539452
221,0.4072398190045249,0.15356175288896887,32117.676624140593,1.238219840250765
221,0.4343891402714932,0.2320630840402957,50114.93565715058,1.3923153773691197
221,0.40271493212669685,0.13728581523600772,30555.739124537697,1.2255567716669638
221,0.43891402714932126,0.23761489351447995,52084.401337839336,1.4132686827538419
221,0.4072398190045249,0.15279749267135903,32565.208274178527,1.2405665192822433
221,0.4479638009049774,0.2781291926977332,59794.74263180215,1.4770990158543775
221,0.45248868778280543,0.2978615986752565,64193.90437870471,1.5164526181974214
221,0.4298642533936652,0.22763076849704053,50070.10483253507,1.3881639690570835
221,0.4253393665158371,0.216699324822321,45271.69950556275,1.3474124065052484
221,0.3936651583710407,0.11372872410249898,25173.933009353445,1.1834992662470154
221,0.4298642533936652,0.22493244704521145,49092.806621528754,1.3806196505614023
221,0.4253393665158371,0.2093080579972687,46110.43046042245,1.353583455372519
221,0.37104072398190047,0.053549569300372885,10746.222457216243,1.075322822721663
221,0.38009049773755654,0.07983172872160627,18248.06555246985,1.1298348741120845
221,0.4253393665158371,0.20645368558296626,43855.75199292245,1.3354632801512132
221,0.47058823529411764,0.3482793467588098,76509.20644079111,1.6398155809929515
221,0.4117647058823529,0.17283169048329025,37991.76863356786,1.285052863834619
221,0.4298642533936652,0.22419849074200346,47911.190398423416,1.370913656677445
221,0.4117647058823529,0.17400897866588713,38581.76511167176,1.2890600010999183
221,0.36199095022624433,0.016191829897245977,3203.8610847643085,1.0220170261442647
221,0.4072398190045249,0.16132194159154944,35761.691437728354,1.2671722695420482
221,0.49321266968325794,0.4138097848184061,87868.57305008086,1.7621483298830405
221,0.4253393665158371,0.21429455607248626,46857.46262447756,1.3594691160583758
221,0.4072398190045249,0.15360162204237648,33067.28444889598,1.2459016634061648
221,0.36199095022624433,0.01545655683080125,2739.346067547749,1.0188559189390745
221,0.4343891402714932,0.23329370334086458,50930.652179753575,1.3967501999147482
221,0.4343891402714932,0.22815612269089508,48675.51715251301,1.3771890319230013
221,0.3755656108597285,0.06644882032281908,15129.685195876102,1.1074299988757972
221,0.416289592760181,0.17565475449953205,38409.96449720966,1.2891585440133375
221,0.4117647058823529,0.16397263332284423,35920.097558925176,1.267452350080501
221,0.3755656108597285,0.06330663686958475,13616.846471812416,1.0956820202419102
221,0.35294117647058826,-0.0029040452829920825,622.4581189112923,1.0042501004220596
221,0.39819004524886875,0.11818746840505338,25905.895363684813,1.1898000857513877
221,0.416289592760181,0.18216909137454437,39868.422085875,1.3008802815796972
221,0.3574660633484163,0.011609753635657936,3633.088177498168,1.0248468938652364
221,0.39819004524886875,0.13191650185296544,29101.00248076271,1.2128759474656607
221,0.3936651583710407,0.11272137844455597,25299.478299216815,1.1847223999687149
221,0.4072398190045249,0.15847286424846796,34621.99844766487,1.2570866227236956
221,0.38009049773755654,0.07258398532215946,16197.622672862031,1.114742750886717
221,0.43891402714932126,0.2548883742080371,54682.69625442083,1.4309513443828168
221,0.4298642533936652,0.2303508258011521,50938.64422284636,1.397410038900798
221,0.3665158371040724,0.0329044655321487,8641.098186764064,1.0603996404213853
221,0.40271493212669685,0.13755113102178493,30654.78676913942,1.2260165652078576
221,0.3755656108597285,0.06943468541285497,15152.328497566607,1.1077519119915042
221,0.416289592760181,0.18251713395078892,39376.70075651005,1.2977256285433107
221,0.4751131221719457,0.36705388605130124,80510.84450530911,1.685885056558764
221,0.416289592760181,0.1781325980194435,39208.329103749216,1.2958433810959076
221,0.42081447963800905,0.19519950403215788,42824.161589893265,1.3256712052639625
221,0.43891402714932126,0.24639577431790013,52882.8458515559,1.4159026448001137
221,0.334841628959276,-0.05899720103006395,-10395.019264161554,0.9311082226336108
221,0.4253393665158371,0.20749626525968268,46592.14149738023,1.358324402777325
221,0.3891402714932127,0.10504979863817533,24313.3864844528,1.1757448990009822
221,0.34841628959276016,-0.017908487339547453,-3226.8119164224054,0.9782016817933671
221,0.4298642533936652,0.23101740657665504,50676.285723465764,1.3947304430249132
221,0.3891402714932127,0.1024647326534843,22650.92884766486,1.1633421406156919
221,0.4117647058823529,0.17198861176746827,37024.62216750569,1.278017759774914
221,0.416289592760181,0.18559183561033837,39414.88130126936,1.2963927910455622
221,0.3393665158371041,-0.04427133779754184,-8864.583991621894,0.9407659659574927
221,0.38009049773755654,0.07801018467067898,15924.789997338572,1.1125496108745387
221,0.40271493212669685,0.1461099410721221,33110.81637476207,1.2455436651337668
221,0.3665158371040724,0.03763972386349894,7666.697885398442,1.0533766983163793
221,0.40271493212669685,0.14005767621282975,30203.837033486303,1.2232245097352477
221,0.38461538461538464,0.09203003829314099,20771.32747520253,1.1483422561636243
221,0.38461538461538464,0.09529681341964379,21666.893392250666,1.1563907139444265
221,0.40271493212669685,0.14547643556864934,31838.628160067543,1.2352947092859627
221,0.4343891402714932,0.23928386435386448,52996.301769276324,1.4176707402885227
221,0.4298642533936652,0.23226567575188906,48006.918363725345,1.3706235780376141
221,0.4479638009049774,0.28593441646986273,59706.09098171505,1.4782873202610294
221,0.35294117647058826,-0.011793600266772552,-1159.7860131013426,0.991972967715882
221,0.36199095022624433,0.027509707797452043,5248.099153314113,1.036274206455484
221,0.3891402714932127,0.10220267021007366,22138.406539777927,1.1595517318941408
221,0.35294117647058826,-0.009010738396206938,-1981.3290524684874,0.9865762995108055
221,0.38461538461538464,0.0963835886739705,19913.457821627926,1.1424478329074401
221,0.4072398190045249,0.16213678551131233,36461.43080935254,1.2735432956803703
221,0.40271493212669685,0.15018554238450457,32247.08482654177,1.2385017287294453
221,0.45701357466063347,0.30854391624467,68230.12413087116,1.5562982022745444
221,0.40271493212669685,0.1470303800894687,30963.229383957536,1.2286892097668576
221,0.39819004524886875,0.13105626363495415,28392.619817963605,1.2073272168016345
221,0.4072398190045249,0.1584846348193704,33428.16229766273,1.247471441570423
221,0.38461538461538464,0.07886869680045644,19520.748492879262,1.1404707106734397
221,0.4479638009049774,0.2807562309632892,60123.94524944828,1.4820116941179544
221,0.43891402714932126,0.2603421994704592,56333.0524841604,1.447396705154646
221,0.40271493212669685,0.14541271890786786,29784.267541883255,1.2187041131949181
221,0.3891402714932127,0.0969393668810893,20458.088148591007,1.1469632301863688
221,0.40271493212669685,0.1435030120815605,31072.183421480288,1.2300889270849742
221,0.39819004524886875,0.12233029550131919,24690.075619366387,1.179965335635255
221,0.36199095022624433,0.02444596814420861,6010.99176257327,1.0415725618355303
221,0.3755656108597285,0.06393296668260268,14209.636542151393,1.1001970812521151
221,0.4479638009049774,0.27403240257357814,59492.41795068441,1.4741112648827461
221,0.4298642533936652,0.22725354837085857,49836.68932069178,1.3828076594882968
221,0.4117647058823529,0.17538718041868037,37160.0378645928,1.2797596465649967
221,0.37104072398190047,0.051380164676488566,13101.566198521283,1.0926142386355213
221,0.39819004524886875,0.13220473806779257,29055.045095016678,1.214141005534154
221,0.42081447963800905,0.20113794393226014,44437.955853624735,1.3391276338905256
221,0.40271493212669685,0.14905741622791702,31786.034906505345,1.2354373975955284
221,0.416289592760181,0.18698178095617873,38990.42912358069,1.2925900992866515
221,0.3438914027149321,-0.030087263289807313,-7308.86892027555,0.9510004268370276
221,0.3755656108597285,0.06476841292335513,14503.804110838317,1.1025446933311767
221,0.38009049773755654,0.08638824102480862,17836.906999436735,1.1277579655004872
221,0.37104072398190047,0.04972282093057628,11165.81620549117,1.0781304301502412
221,0.38009049773755654,0.06724667690429771,15493.898140974503,1.1104420105452004
221,0.3755656108597285,0.06266148307575359,12671.442827622363,1.0897371162342444
221,0.4253393665158371,0.2185473761341836,47664.32855117681,1.367891335846464
221,0.42081447963800905,0.20407628485429502,42370.37671849659,1.3222307780112696
221,0.4253393665158371,0.21323146298350332,46676.92461438959,1.3572942751724397
221,0.36199095022624433,0.027903122178393747,4529.710502568731,1.0312782322939456
221,0.36199095022624433,0.02340188664201788,6170.681440868002,1.0426869354952741
221,0.4253393665158371,0.21418376878082637,44707.87682289412,1.343497739899752
221,0.4072398190045249,0.15088200463924242,33085.518263061924,1.245350076924427
221,0.39819004524886875,0.13740862329311684,28426.34202128808,1.2091432818401382
221,0.3665158371040724,0.03510513486225223,7682.497268282219,1.0538359653058758
221,0.4434389140271493,0.2695626180528152,56924.21821320661,1.4499178882516566
221,0.4479638009049774,0.28068038507820914,59405.27507212165,1.4686600522379147
221,0.4434389140271493,0.258435353090577,56124.92616851587,1.4448411878951513
221,0.47058823529411764,0.33411130432087804,72449.50089415669,1.6040357740228255
221,0.4298642533936652,0.22654006885108113,49050.470544264695,1.3760137795099774
221,0.4253393665158371,0.21390190700489214,47088.9423635906,1.3620425125632578
221,0.4479638009049774,0.2844596146544647,60074.437215941914,1.4820525454527809
221,0.4072398190045249,0.16124838611900505,34398.37519199317,1.2548241850732487
221,0.43891402714932126,0.2456720481716634,54355.387407254915,1.4283302290627595
221,0.3574660633484163,0.014202633123098217,4372.742049170177,1.0302928395708604
221,0.4298642533936652,0.23100788731140853,49885.181414785926,1.3872339792301873
221,0.4434389140271493,0.27252181572949563,57507.22529727414,1.4547212125571036
221,0.42081447963800905,0.2028601835141548,43500.82789657462,1.3325778704191795
221,0.42081447963800905,0.19032275909634502,42320.620189373265,1.3225769901545925
221,0.4841628959276018,0.3901165803568932,82894.09680294152,1.7082418438342188
221,0.4660633484162896,0.33538490961437817,71684.40359144,1.58873764112944
221,0.4253393665158371,0.21099480900783762,43742.22056891829,1.3332894691479418
221,0.4117647058823529,0.1768924772085861,38440.184134461546,1.2895499411092075
221,0.4434389140271493,0.2603987321949449,56027.47774826047,1.4424523937731368
221,0.4117647058823529,0.16621691338627873,35304.04566667833,1.2627781568640357
221,0.40271493212669685,0.1457425027154656,31018.357934767417,1.2279980500902097
221,0.39819004524886875,0.13353180755193672,28390.221701930328,1.2084436864131596
221,0.40271493212669685,0.1414458277840239,31736.3521245672,1.2358156537322604
221,0.416289592760181,0.1868743702315889,40403.54193145859,1.3055547713313378
221,0.43891402714932126,0.24910575560568693,54038.88583903015,1.4235244048059597
221,0.40271493212669685,0.14669225356306442,31145.605653080125,1.2290158385062397
221,0.42081447963800905,0.19879068303167424,44452.505412835075,1.3397108036522356
221,0.42081447963800905,0.19951592689935124,42502.881046534836,1.322170194072936
221,0.4434389140271493,0.26277613994701704,56482.578191305554,1.4463981683852307
221,0.4072398190045249,0.16202901221910715,35038.193884217,1.2610591731569003
221,0.38009049773755654,0.0721916774387762,13994.874150027243,1.0990368464364917
221,0.40271493212669685,0.14176060525472736,31256.925206273434,1.2304252845375114
221,0.3755656108597285,0.06874520397539709,15171.41772878943,1.1076980273992663
221,0.40271493212669685,0.1289563067881387,26682.846177445077,1.195543198884892
221,0.38461538461538464,0.09249962795450493,19817.239429001314,1.1417581265240464
221,0.4072398190045249,0.1574045985304453,34557.22694698652,1.2585326605237666
221,0.38009049773755654,0.07435103872340744,16871.474303845655,1.120255324429546
221,0.4072398190045249,0.16322992199001193,34702.967076029905,1.258379680617371
221,0.3936651583710407,0.11750713583170067,24168.759110896684,1.17478965738857
221,0.4298642533936652,0.23016688621020276,48341.76121971211,1.3728222072963
221,0.39819004524886875,0.13517881806875875,30286.026350448577,1.2229613025189205
221,0.43891402714932126,0.24695097491187587,54886.57678885981,1.4357728738411548
221,0.3936651583710407,0.122041141407403,26613.55297142423,1.1945258638082479
221,0.3076923076923077,-0.1374842092117054,-29538.260737641078,0.8117796957646278
221,0.4072398190045249,0.15989726389109107,35994.18153358734,1.2679594767204785
221,0.42081447963800905,0.19172921521086697,41685.873681657795,1.3180144209825542
221,0.37104072398190047,0.052661169054098185,11164.955581394708,1.0782577992236582
221,0.4298642533936652,0.22911404651563613,51330.34923519367,1.400745167710767
221,0.3891402714932127,0.10903267454194625,23489.46290527446,1.1692279808418926
221,0.38009049773755654,0.07796451401513764,18015.905542982346,1.1281328884511992
221,0.3665158371040724,0.03970463037600333,7406.419093447863,1.0513999175872661
221,0.40271493212669685,0.14803111966159965,33230.59225721452,1.248549441697155
221,0.4298642533936652,0.22858034143725037,48707.078208034785,1.376194782239715
221,0.36199095022624433,0.023121460379645194,4650.413437939934,1.03219798297019
221,0.4434389140271493,0.2684530238119563,57434.91308842655,1.4558143524311817
221,0.4117647058823529,0.16916955535550274,36922.197416287854,1.2777909447785203
221,0.4253393665158371,0.20809944976737516,45849.25892986289,1.3525082063053482
221,0.416289592760181,0.1780947131363476,39116.09891848536,1.2942227634211003
221,0.4298642533936652,0.2237672976895717,48886.922983254735,1.3799239750657057
221,0.3936651583710407,0.1184847622668753,24847.521654118296,1.180105935982392
221,0.3438914027149321,-0.030805995961414322,-5050.9393184300625,0.9660798624519568
221,0.47058823529411764,0.3544301266045468,77537.77729448564,1.6538125932679988
221,0.43891402714932126,0.24589962087388909,53845.63280761283,1.4237684436297084
221,0.42081447963800905,0.20052932646356456,44359.981767038,1.3386351925788795
221,0.4479638009049774,0.2801856922043383,61222.54810002058,1.4886759070850821
221,0.38461538461538464,0.08339886722162294,17775.58099277751,1.1272887453360223
221,0.40271493212669685,0.15088676935932135,32100.531584181947,1.2389531339090307
221,0.40271493212669685,0.14827337937186308,31309.51443945011,1.2343399477645698
221,0.45248868778280543,0.29544786821190216,63984.5344992278,1.5147715120582628
221,0.4434389140271493,0.2662463455630959,57814.89558418766,1.456269180583119
221,0.42081447963800905,0.1982668422106627,43082.05028015636,1.3300041530958504
221,0.3891402714932127,0.09659060334994032,21578.4206088993,1.1550008311623563
221,0.3891402714932127,0.09849400146258594,21279.622848490275,1.1536144358002096
221,0.39819004524886875,0.13212206332962023,27686.852103120895,1.2022643755870073
221,0.3755656108597285,0.06510706596979979,13396.780420144472,1.0941967798507144
221,0.38009049773755654,0.08067156204678906,15889.783467321282,1.1124539906353863
221,0.4660633484162896,0.33022029626009153,70086.54222787273,1.5757173797386201
221,0.4072398190045249,0.15943506701095977,34105.60718756365,1.2524890100581074
221,0.40271493212669685,0.1376866737262658,31935.445988882188,1.2369816158859568
221,0.39819004524886875,0.13469044195439278,28652.553509063557,1.2106975446511066
221,0.3936651583710407,0.12184125781580084,26909.821455901038,1.1962936907308412
221,0.38009049773755654,0.0784064423369122,17710.520094978696,1.125563805654343
221,0.4253393665158371,0.21294929859396952,46959.71589497592,1.3599312335192963
221,0.4117647058823529,0.17015567340955526,34759.44879550191,1.2602998702882737
221,0.4343891402714932,0.24038061697747787,51533.45125342405,1.400700876288721
221,0.416289592760181,0.18881165041767303,41065.489829673694,1.3112655617819742
221,0.46153846153846156,0.31734396221689726,67186.37911175928,1.547348674529466
221,0.35294117647058826,-0.011508078741591215,-1866.081838972312,0.9873432142266473
221,0.43891402714932126,0.24890241401432234,53095.445693477515,1.4162595340059807
221,0.40271493212669685,0.14323011179346187,28766.143168761882,1.211175911643149
221,0.4660633484162896,0.3365550951356356,72172.1394098555,1.5959384169075008
221,0.40271493212669685,0.14606973396431455,32060.831672324974,1.236101720335914
221,0.40271493212669685,0.14232748285860092,30254.07569906045,1.2237979968236115
221,0.45701357466063347,0.3053139113027274,66873.83108231834,1.542935000988401
221,0.4298642533936652,0.2209787808679955,48032.09543399897,1.370846613112113
221,0.4298642533936652,0.22707106391228182,49467.257964742465,1.382823341871652
221,0.4660633484162896,0.32664280737820706,70633.30936501628,1.5811815026410738
221,0.40271493212669685,0.14951739660148958,33171.91445390793,1.2472819652395593
221,0.38461538461538464,0.09386964219761092,21351.140882100986,1.1536315064347726
221,0.38009049773755654,0.07943171510031581,17092.036308285504,1.1214146654119412
221,0.4479638009049774,0.2775359996858631,59714.64100550038,1.4775506792787718
221,0.40271493212669685,0.14615585274626042,31774.216885677233,1.2349741620516737
221,0.47058823529411764,0.34663559903759666,75879.82418372338,1.6369191354703208
221,0.39819004524886875,0.13601913560195697,29028.63171946584,1.2134011080464766
221,0.4072398190045249,0.14517525727841413,31490.764796316937,1.2341181241187793
221,0.47058823529411764,0.34932491384987824,74774.8344116964,1.6210009354550505
221,0.45701357466063347,0.2900447086935064,62370.36058798757,1.5080889839891967
221,0.4434389140271493,0.27521421053173345,60406.51351815892,1.4844083961951122
221,0.38009049773755654,0.06900830690422056,16879.94583460712,1.1202909378604322
221,0.4072398190045249,0.1616087513354103,35305.49417951638,1.26303791030545
221,0.43891402714932126,0.2466168475180063,52458.399025171384,1.410395172075424
221,0.4253393665158371,0.21337996326929867,46265.01884438061,1.3537740205067839
221,0.4072398190045249,0.1510439694845309,33740.12134244908,1.250275218858428
221,0.4072398190045249,0.16077916091606967,35190.14043903152,1.262464128414293
221,0.43891402714932126,0.25988530644585,55884.38204338706,1.441481541162407
221,0.4343891402714932,0.24486245524301264,53825.506537581314,1.4215163597912188
221,0.37104072398190047,0.051433950370237486,11105.935339470296,1.0776932950045621
221,0.4117647058823529,0.1665717741284486,33818.32949696699,1.251086455574577
221,0.4434389140271493,0.25959004298898836,55773.68453612542,1.4447704885670796
221,0.39819004524886875,0.1338488774227724,29158.5949594567,1.2136620655651593
221,0.4072398190045249,0.15777912211768275,33825.295823954584,1.2492526756218485
221,0.4343891402714932,0.23203599797248217,51600.608858364125,1.4046028862838795
221,0.42081447963800905,0.19885563045797297,44895.175665879724,1.3422818731168353
221,0.4343891402714932,0.2413544376514846,52327.938264379896,1.4095728640903729
221,0.4434389140271493,0.2686390905681348,58714.00192357735,1.4667332991713786
221,0.39819004524886875,0.13293873842630627,27869.672567178557,1.204249864229508
221,0.4117647058823529,0.1667352500154375,34471.84949070248,1.2578854395410075
221,0.3936651583710407,0.11871093408298064,25720.335227459287,1.186235112180908
221,0.4253393665158371,0.21777267720266175,46930.98801964086,1.3614218116135701
221,0.3665158371040724,0.036351079034994085,6034.537551983638,1.0419624658705913
221,0.416289592760181,0.185641649878615,39356.27236511298,1.29650977020659
221,0.4479638009049774,0.2658504637630955,58084.55153382801,1.4652615979907382
221,0.35294117647058826,-0.003713070138241397,376.1913732543853,1.0025596273597277
221,0.4434389140271493,0.2689924329092365,58349.25618042833,1.4621755195738102
221,0.4117647058823529,0.16387011401986953,37305.22602097041,1.2794968767854484
221,0.4253393665158371,0.21386045563308564,47330.6050071051,1.3643487800562144
221,0.38461538461538464,0.09197145499736939,19310.27107191784,1.138045793174884
221,0.45701357466063347,0.3111032749319562,66444.56673812981,1.5435773999171385
221,0.40271493212669685,0.14644949767306284,31179.915544226456,1.2299256387176754
221,0.4253393665158371,0.21383413588434644,46528.11455654518,1.3564309790082067
221,0.4343891402714932,0.24120808155564646,53141.14863042474,1.4142700707637348
221,0.4117647058823529,0.16622807040272555,35882.35165474944,1.2678647344191771
221,0.4253393665158371,0.21814937983742766,47708.46226887786,1.3706792070393243
221,0.3574660633484163,0.014829273690647602,4450.199391875189,1.0307023378416962
221,0.4479638009049774,0.2804779619111424,60519.57709955387,1.4826941284545154
221,0.4434389140271493,0.26043766428057713,55832.88442211097,1.4419108155101514
221,0.3665158371040724,0.03772372248214106,9586.142587629984,1.0665612617288969
221,0.4298642533936652,0.22872205826167102,49831.10755280903,1.3866455125199617
221,0.45701357466063347,0.2819050867367511,61753.06899352386,1.5012463092140542
221,0.4434389140271493,0.2667284336358545,59342.15034138221,1.4698369930522959
221,0.39819004524886875,0.1252639722750073,27468.88800938884,1.2008558984679023
221,0.497737556561086,0.4322498757287243,94459.8213979258,1.8355716182552326
221,0.4298642533936652,0.23178145707699144,50099.41116491475,1.3893666188884917
221,0.38009049773755654,0.07830031839211693,16966.509571870643,1.1209136348431288
221,0.39819004524886875,0.13844742625570894,30076.679106809475,1.2226913672213906
221,0.48868778280542985,0.4042335260634794,86210.47308560851,1.7471204291375473
221,0.39819004524886875,0.1278388437947414,28131.637218104683,1.20523828514078
221,0.42081447963800905,0.19898478035872286,44369.62850772819,1.3389733788851912
221,0.39819004524886875,0.12637160256991975,27711.847821703366,1.2038043602507658
221,0.416289592760181,0.18171526549250605,40387.36387059463,1.306719707547043
221,0.4072398190045249,0.1562029947681391,35059.30127860989,1.2608955875077208
221,0.42081447963800905,0.17813802834676584,37975.96457259901,1.2881589104507858
221,0.3936651583710407,0.1119169289687255,25287.777698523256,1.1843995063036405
221,0.39819004524886875,0.13208217378913062,28751.200095017146,1.2111059026285105
221,0.42081447963800905,0.19999179436292763,43412.966455008616,1.3300909228807962
221,0.45701357466063347,0.3095955716280972,67077.2662593903,1.5448704692177864
221,0.4072398190045249,0.15985801254459625,34871.316805795366,1.2589743949756516
221,0.3891402714932127,0.10659836559451341,23083.563118974256,1.1665590352665547
221,0.4796380090497738,0.37561415297481127,80617.12198556466,1.6804916128389327
221,0.43891402714932126,0.2579515438333899,56014.55626393914,1.4433685658378057
221,0.4660633484162896,0.3366186023749414,73342.45716883767,1.605709662777284
221,0.3936651583710407,0.119162357444423,26965.975439988244,1.1961703170489317
221,0.38461538461538464,0.07919532858681362,18081.559943624714,1.1296881275209474
221,0.38009049773755654,0.07215223313211222,16411.065833899607,1.116778867812989
221,0.3665158371040724,0.03299571596971246,5384.6028154055275,1.037197613517598
221,0.42081447963800905,0.2001722340984059,43415.524685581084,1.3307024694718115
221,0.42081447963800905,0.20133529780603623,42361.40282435501,1.32415528324987
221,0.4343891402714932,0.22944771063153777,48850.674645856154,1.3780167012711702
221,0.39819004524886875,0.11653867621957223,24688.999353851923,1.1805179218484334
221,0.4253393665158371,0.19896141778424312,43681.52916711223,1.3362761477524323
221,0.3755656108597285,0.0643568652940161,14735.050288155644,1.1039353551646904
221,0.4253393665158371,0.2104373121898505,45982.21646526708,1.3557195430206297
221,0.4117647058823529,0.16649426526777417,36758.437946983206,1.2776657757423109
221,0.4072398190045249,0.16285243442603967,34805.68814293984,1.2591159663649847
221,0.38461538461538464,0.09167542986179383,20766.40985611305,1.149313460980564
221,0.3891402714932127,0.10551074861154551,22225.795505450526,1.159946350616612
221,0.39819004524886875,0.1292276871544185,28983.14386044182,1.21269811086305
221,0.4434389140271493,0.26644329958447094,56970.762634567676,1.4505944189655664
221,0.40271493212669685,0.1448975335844589,31819.8229676649,1.234031895106154
221,0.4253393665158371,0.2137584277273277,45938.799045414955,1.3524280284709396
221,0.42081447963800905,0.20067043221307654,43819.8878684761,1.3338457121129716
221,0.416289592760181,0.18727433643780064,39995.6725400127,1.3015392330950062
221,0.4072398190045249,0.15943631763948427,34993.588914956345,1.2620436012496743
221,0.3891402714932127,0.1042380646343123,22508.014188101435,1.162034114497965
221,0.45701357466063347,0.3122616970884291,68881.3986008881,1.56592958367822
221,0.4253393665158371,0.21666790584875628,47806.35123291034,1.3683488244172672
221,0.45248868778280543,0.27515955934234243,59046.2165050598,1.4722227256175944
221,0.4072398190045249,0.15075980890393195,33581.520758967265,1.2502356273163429
221,0.4479638009049774,0.2810982064988553,61107.326416491705,1.4876345144359124
221,0.4072398190045249,0.15415048946304766,32946.96446978328,1.245337525551037
221,0.4072398190045249,0.15186771531471355,31657.81095123804,1.234637734736527
221,0.4253393665158371,0.21586913570264732,45342.30165441383,1.3500936844781586
221,0.4298642533936652,0.2268507630525931,48952.69600065275,1.3770516732928304
221,0.3755656108597285,0.06335282795928349,14642.72411312622,1.1035059333870525
221,0.38461538461538464,0.09038359036480988,20796.958939525273,1.14994877153384
221,0.38461538461538464,0.08465965106175397,16433.168406157853,1.1170510789007624
221,0.4253393665158371,0.2045745343486692,44074.18416133999,1.3363300321770901
221,0.4117647058823529,0.16667217435687867,36975.74554075189,1.2767516525723512
221,0.38009049773755654,0.07196518497251989,15660.648082954685,1.1112013500182831
221,0.42081447963800905,0.1999200260122885,43651.95798651162,1.332573908277748
221,0.46153846153846156,0.32247396736797174,69217.80078357889,1.5689268200971174
221,0.42081447963800905,0.19477137188613447,44075.781142498294,1.337874369734306
221,0.42081447963800905,0.19487675294637982,42892.74238172069,1.3281582554296092
221,0.45701357466063347,0.3074182405632748,65751.77757458811,1.5345874994902273
221,0.4343891402714932,0.23466993090057406,51963.6336893079,1.4049613347173526
221,0.4479638009049774,0.2781023306163013,59639.0830759158,1.4755942331538365
221,0.4117647058823529,0.16798092860537625,34294.21627206129,1.2562379800500907
221,0.42081447963800905,0.19891753721144795,42045.08817450615,1.3181451444979726
221,0.45248868778280543,0.2856148188682436,61273.09220245451,1.498918967686368
221,0.3574660633484163,0.008732217405864861,2896.089058849614,1.0198464013967705
221,0.43891402714932126,0.25960943543584997,56750.109226796456,1.4500617093179828
221,0.4343891402714932,0.23316057536996565,50773.30725042143,1.3945759259805728
221,0.37104072398190047,0.051015127974453664,10833.234473669567,1.0760347464738758
221,0.3936651583710407,0.11717658863001497,24267.52822587473,1.1750903013994278
221,0.3891402714932127,0.09860055790773047,23043.01301796628,1.1679019384647662
221,0.43891402714932126,0.2645321582024139,57825.78806957308,1.4611067245886036
221,0.4298642533936652,0.22766930202554359,49081.2609133672,1.3782998660163372
221,0.42081447963800905,0.19610507477666225,41736.07500619005,1.3169272690128089
221,0.3755656108597285,0.05761582969220751,11524.481290782449,1.0811002477401128
221,0.35294117647058826,-0.005163353512914654,769.5767799061177,1.005298696185638
221,0.3665158371040724,0.038007161574137395,7680.692235775965,1.0535466082015699
221,0.3936651583710407,0.11805526574637427,25658.4087917438,1.1864683011638553
221,0.4298642533936652,0.23025846652620152,50274.617288939204,1.3920245584449389
221,0.3936651583710407,0.12409141068738114,26249.650109669656,1.1919449050166133
221,0.3665158371040724,0.029959223059545157,7305.0826690352,1.0506898315422148
221,0.4117647058823529,0.16121783581233676,34603.85617411736,1.2592633289992148
221,0.38461538461538464,0.09049869585553538,20048.533909238773,1.1432713501505867
221,0.3891402714932127,0.10771491876283974,22279.867213805734,1.1622624583394892
221,0.43891402714932126,0.23644912124115364,50210.576741347555,1.3933142209710707
221,0.4479638009049774,0.2757484141723604,59454.81440577707,1.4743599484000691
221,0.46153846153846156,0.3219876329679542,70036.33715997676,1.5742501906377069
221,0.40271493212669685,0.13140676106126647,28705.487771711767,1.2117586852433568
221,0.46153846153846156,0.3227629560510763,70528.04094289217,1.5795087445696199
221,0.4117647058823529,0.16862836529527275,38590.222942185545,1.2909171009535965
221,0.42081447963800905,0.2038707846408822,44094.02950770008,1.3378511884241158
221,0.416289592760181,0.18240864884855112,38425.987967091234,1.2883545106059577
221,0.4253393665158371,0.202557660053304,45273.17473608484,1.3483985947796027
221,0.4253393665158371,0.21353302856113482,45666.08810774747,1.3501858910809506
221,0.42081447963800905,0.20755289856289766,43289.558562965336,1.332946274627461
221,0.3574660633484163,0.0038442700632940474,2030.230706246284,1.013922242379927
221,0.39819004524886875,0.13241314667612603,29583.842635349924,1.21771201158007
221,0.416289592760181,0.18858329318526476,41568.10869563785,1.3142305350750307
221,0.49321266968325794,0.41805451628933843,91171.17248751245,1.7964062993500847
221,0.3936651583710407,0.11568862107211585,23849.812049923406,1.1731750824089708
221,0.4796380090497738,0.3769418538422587,82025.45998028017,1.6990035428532293
221,0.36199095022624433,0.02982664295641069,7029.869887988909,1.0488962168467282
221,0.4253393665158371,0.21347151915298615,45248.26353309696,1.346330842239913
221,0.4343891402714932,0.24372299126016045,51941.82466227906,1.4061890876487793
221,0.416289592760181,0.19006847723771852,39979.97974716552,1.3018496323979225
221,0.39819004524886875,0.12169377226687653,27453.61928296601,1.201200563564932
221,0.42081447963800905,0.200821219360618,44102.206042797334,1.340986799769755
221,0.4072398190045249,0.15113180855742742,33064.682167675426,1.2452124931991884
221,0.4479638009049774,0.2740548957641647,59988.45880261145,1.4800470764062301
221,0.4298642533936652,0.21916994469181542,48601.86057485111,1.3765850882331832
221,0.3665158371040724,0.03644446138544194,7305.367471152772,1.0507554590465233
221,0.40271493212669685,0.146474626475974,31033.20202900229,1.2285152624270164
221,0.4253393665158371,0.21129429059342356,45098.21576100543,1.3472481226764321
221,0.45248868778280543,0.2939958878771451,64346.89330023342,1.5198898972764885
221,0.42081447963800905,0.19623134837950723,43572.567563852965,1.3322405407951108
221,0.4298642533936652,0.2024098534325531,44443.157001328975,1.3455663054065399
221,0.35294117647058826,-0.0015518418596478462,-57.263930374197116,0.9996104654441222
221,0.4660633484162896,0.3427732978307192,74502.4127416118,1.6226211102796153
221,0.39819004524886875,0.11525283481418074,25429.55823433311,1.1853640274960515
221,0.4660633484162896,0.33598756448701045,73047.26055686214,1.6046601389917332
221,0.35294117647058826,-0.008419863239947284,-1519.8087985835714,0.9896765283871949
221,0.34841628959276016,-0.01760574059336959,-4744.006503385713,0.9679855386095931
221,0.46153846153846156,0.3124406046370789,66944.21962582425,1.5439115190207702
221,0.416289592760181,0.18799922487839832,41016.319489169524,1.309875715538301
221,0.4434389140271493,0.268590235081743,55579.913592231576,1.4368294036275338
221,0.4117647058823529,0.17378692246966307,37832.513224571,1.2857418116848829
221,0.4117647058823529,0.17286536131170852,37491.31665759829,1.2807615281339515
221,0.416289592760181,0.18679513570474215,38709.13220067535,1.2902104607589404
221,0.4298642533936652,0.23507698100555302,49885.30707167768,1.3889365139639869
221,0.416289592760181,0.19166840618096184,42264.290524934244,1.3226077101505769
221,0.3167420814479638,-0.11072384448510666,-23537.126969281315,0.8477487118241083
221,0.46153846153846156,0.3127078897287895,67863.49574240751,1.5540047031770143
221,0.4253393665158371,0.2126658842363475,47279.34799737629,1.3632052139570763
221,0.39819004524886875,0.13319616128754994,29868.842142327063,1.2197952393522928
221,0.3936651583710407,0.11913112318281997,27018.963593658234,1.1970838783377236
221,0.3936651583710407,0.12447721442887186,27976.28429309364,1.2053743304533686
221,0.4343891402714932,0.23753759834514598,52607.681693557795,1.408937301614491
221,0.3755656108597285,0.06186035987761396,12220.280105227273,1.0862526377807555
221,0.42081447963800905,0.1995086539957143,42663.85785736947,1.3239058554474543
221,0.4072398190045249,0.15823892861088837,33301.21040166649,1.248620696488629
221,0.39819004524886875,0.1312343953345052,28591.173605188367,1.208574485934469
221,0.45248868778280543,0.2804194977136324,59065.803072360344,1.473406412526856
221,0.4343891402714932,0.2451613864004673,52387.78898060558,1.410197240093536
221,0.43891402714932126,0.2477950884014068,54046.86709538615,1.4251112723144836
221,0.416289592760181,0.1867203076415638,40562.58845113573,1.306517736010754
221,0.4298642533936652,0.22704193160081187,47755.62834996151,1.3668835694625145
221,0.4253393665158371,0.20978276325208345,47471.79877856856,1.3684442614596026
221,0.3755656108597285,0.05885717003608503,11700.715048523492,1.0821742822477505
221,0.4479638009049774,0.2675289843867506,56012.25894127852,1.4437873903492693
221,0.37104072398190047,0.05394092554246463,11102.977699769754,1.0786319820054842
221,0.4072398190045249,0.1622351350347681,35166.31878244492,1.265009774518673
221,0.4796380090497738,0.36982932312922046,79967.3769950252,1.677486025928605
221,0.4660633484162896,0.3284985471169519,69436.34128419432,1.5708572164776857
221,0.46153846153846156,0.3268353579024633,70390.94729579845,1.578853574699333
221,0.4072398190045249,0.15403639034042454,33749.321755213656,1.250675369065897
221,0.416289592760181,0.1813497922823397,39963.33213939938,1.3022498932598183
221,0.40271493212669685,0.14484438761548146,32097.124823456863,1.2374448674617995
221,0.3891402714932127,0.10554644451137032,23606.47776494972,1.1705845697801407
221,0.4072398190045249,0.16332115373593573,35331.06375241082,1.2641026959119084
221,0.40271493212669685,0.14492129346475657,32030.82692119412,1.2362854797794482
221,0.37104072398190047,0.051608110455144754,12036.685779441508,1.0843896638608623
221,0.38009049773755654,0.07962237748020418,17583.540148239837,1.1256840760170619
221,0.3574660633484163,0.009727494560598113,2404.129326815675,1.0165201677299385
221,0.47058823529411764,0.34596647677123576,74893.35503166582,1.6232762431310168
221,0.4253393665158371,0.2066230617187669,45358.92266621021,1.3467583783091164
221,0.3393665158371041,-0.04208230635005747,-9180.312089105095,0.9387760405576587
221,0.40271493212669685,0.14899177736309313,32509.501962265596,1.241160814375957
221,0.4660633484162896,0.34024419558371094,72630.93108709945,1.6019071987184876
221,0.4434389140271493,0.2637346657586811,56638.72391671912,1.4506099934489216
221,0.4479638009049774,0.28693739191598333,61920.16654332243,1.497530585847698
221,0.38461538461538464,0.08605110580726291,18693.349175775926,1.133873501760695
221,0.4298642533936652,0.22714913943621212,48939.62423235898,1.3777366687288988
221,0.40271493212669685,0.14580100652458727,30646.460248345647,1.2263359974391048
221,0.42081447963800905,0.19540183655335647,41854.19960827876,1.3178128306686827
221,0.36199095022624433,0.019545366205625865,4847.538738721932,1.0335924444146036
221,0.43891402714932126,0.25723146993628676,55728.65792265325,1.4387824429771152
221,0.38461538461538464,0.09262334944187749,20276.443015426838,1.146142575267976
221,0.4434389140271493,0.2698447702496956,57514.05718168801,1.4532979254012264
221,0.39819004524886875,0.13235398366980894,30652.846848003144,1.2253644288348513
221,0.4434389140271493,0.2605158173642337,56369.79356259425,1.445857726068768
221,0.4117647058823529,0.16910411185430105,36899.47024316947,1.2773755751926603
221,0.4298642533936652,0.22422281502009495,47645.08096189861,1.3670658201551482
221,0.416289592760181,0.1877230266638388,42393.054165865426,1.3210997290750364
221,0.39819004524886875,0.12580691123242824,28471.159498786375,1.2093138717846954
221,0.4434389140271493,0.27266972466581596,58904.178821092035,1.4690837547509417
221,0.416289592760181,0.18580472503052253,40608.73399618988,1.3068335370853736
221,0.4072398190045249,0.1504599963067105,33266.93898036261,1.2481934902351615
221,0.34841628959276016,-0.015891271534720728,-3361.4625615360305,0.9772826605003868
221,0.3936651583710407,0.11220025865416369,23484.471096800044,1.1693505483872357
221,0.4434389140271493,0.2668820093206471,57017.43964200053,1.449987775283879
221,0.4479638009049774,0.2769177841705099,61373.667865038326,1.4946952658762773
221,0.43891402714932126,0.25823529295321784,56982.082131022435,1.451297066581174
221,0.38009049773755654,0.08000829097514975,18016.66171990395,1.1284754958580498
221,0.4298642533936652,0.22011253885520485,48165.643624546115,1.374814004452643
221,0.4434389140271493,0.2598578385699918,56368.942752073126,1.4469290168044795
221,0.4253393665158371,0.21271902956823843,47326.90072355751,1.3624204367617967
221,0.4343891402714932,0.2356790500368814,49971.91963809429,1.3883961972653591
221,0.39819004524886875,0.12533932958326785,27088.475068999272,1.1986504028521354
221,0.38009049773755654,0.0771262609320855,18046.74038487153,1.128431649470439
221,0.34841628959276016,-0.016512025682311922,-1535.5621984485133,0.9895866574794512
221,0.42081447963800905,0.20006161202631115,44179.40246492377,1.336285894083254
221,0.3891402714932127,0.10715243454565086,23717.54667968651,1.1714983042190568
221,0.4343891402714932,0.2357857827441628,50868.91750934014,1.3974817038862155
221,0.37104072398190047,0.05469335992353727,10269.629456860872,1.0719403276366652
221,0.4117647058823529,0.16860751022984918,35801.26364899312,1.2682255182889255
221,0.4117647058823529,0.17166427528069875,37649.21508555522,1.2816643988412066
221,0.45248868778280543,0.2898611834223226,61677.22749742813,1.4947423872517562
221,0.40271493212669685,0.13095868520690196,29356.956714452434,1.2180856655111958
221,0.3665158371040724,0.02606532785692958,5650.579498854075,1.0391541898558394
221,0.502262443438914,0.44413005781512355,94930.60376305257,1.8380387862405128
221,0.4298642533936652,0.2309057402245812,50885.169511824795,1.3953187817758728
221,0.4117647058823529,0.1746353269426389,37235.46986569693,1.279553852331318
221,0.3665158371040724,0.02746037662017659,6176.350447890674,1.0427621182591233
221,0.4298642533936652,0.227198230605978,50021.01024494845,1.3890635746205469
221,0.40271493212669685,0.14580049854532703,31157.996324329448,1.22944471362475
221,0.4479638009049774,0.2818230251285008,59240.60000526268,1.4739910749544105
221,0.416289592760181,0.18929189433408816,41107.23564899035,1.3118321116241405
221,0.4751131221719457,0.36295718839221525,77384.75903007518,1.648514239648235
221,0.4253393665158371,0.2243068469240007,47607.89177405732,1.3686536043935853
221,0.36199095022624433,0.024327414136748746,5057.462621375566,1.0348558382233919
221,0.4479638009049774,0.27129106736914577,57745.275609030345,1.4596251614655036
221,0.4117647058823529,0.15717729485602466,32694.389967577325,1.2434741401859606
221,0.42081447963800905,0.19156012053543264,40723.1565209762,1.3093326813764783
221,0.38009049773755654,0.07704482403784144,15914.145278015229,1.1125676733109189
221,0.3936651583710407,0.12338696404024113,26231.460538402294,1.1906460788471154
221,0.3936651583710407,0.1188757521130507,25054.722731924772,1.1818185236658643
221,0.4343891402714932,0.23427886135003204,51143.779904324474,1.3993766365940705
221,0.40271493212669685,0.13989179131868337,31235.24967293383,1.2321189171169171
221,0.416289592760181,0.1704620620102821,35274.51632366574,1.2653393062062401
221,0.34841628959276016,-0.020280916044788506,-4812.617864014814,0.9674050231508577
221,0.3755656108597285,0.06606889042386926,14188.460155050216,1.0997015053103094
221,0.38461538461538464,0.07771280238474683,15852.070943208044,1.1134378865064978
221,0.38461538461538464,0.09490889295699935,23759.630865369574,1.1725666273974609
221,0.4343891402714932,0.2401938417039381,51711.26856884762,1.402344575390723
221,0.43891402714932126,0.2540633528167101,55464.11603583541,1.43594784996789
221,0.38461538461538464,0.09197584633867088,20315.677379452183,1.1453983957202627
221,0.416289592760181,0.18611144859291492,39847.67262699135,1.3020228509885208
221,0.42081447963800905,0.20457978482541275,43866.41437536379,1.3363350526183024
221,0.497737556561086,0.4349612078461758,94204.27788225637,1.834852242161059
221,0.4117647058823529,0.17508393023582236,38501.167687812806,1.2892343824151935
221,0.4479638009049774,0.28187741433764385,61427.18212879039,1.4897759839766773
221,0.4298642533936652,0.22384253494783526,47884.559165558385,1.3683513631966322
221,0.4072398190045249,0.16053701681344348,33642.182875542676,1.2491213627780058
221,0.38461538461538464,0.0917405847941188,21209.260170622038,1.1529771378091092
221,0.47058823529411764,0.34927873591808206,75055.98977730313,1.625452243815578
221,0.416289592760181,0.18264225381307433,37017.53261469634,1.2796172314673384
221,0.42081447963800905,0.19413726240511447,41202.88725561896,1.3110635024983315
221,0.43891402714932126,0.254570933617448,54171.40535313636,1.428039027112274
221,0.416289592760181,0.18410269235816618,41167.001052910025,1.311020270208191
221,0.4434389140271493,0.2670031373554072,56954.730133404344,1.4475544950254742
221,0.4117647058823529,0.15278628066938926,34167.71647173863,1.256362419976066
221,0.38461538461538464,0.08344527291680698,17767.20909884325,1.1268406021054713
221,0.3574660633484163,0.013760879848316252,3393.354416018601,1.0234257380324203
221,0.4072398190045249,0.14914165052133388,32750.679716414976,1.243329048799546
221,0.416289592760181,0.19066066381336183,39777.94426932781,1.3006684755224025
221,0.42081447963800905,0.19137677998889366,42117.415592083824,1.321813074675341
221,0.3755656108597285,0.058746338258250715,14929.582519110309,1.1060630257626856
221,0.36199095022624433,0.018251707895194137,3130.7877986916264,1.0215860987144778
221,0.43891402714932126,0.24826034649562032,55473.691058063494,1.4378436001805375
221,0.4434389140271493,0.27174022348531035,57612.50024413957,1.4601341552822227
221,0.3936651583710407,0.11518278500222742,24311.172006042667,1.1763995586907277
221,0.3891402714932127,0.11216312640071385,24133.259253699194,1.1753573466057539
221,0.4253393665158371,0.21384089711926152,44986.267980992925,1.344060271910914
221,0.37104072398190047,0.05680507860591212,10022.941408640549,1.0704308273803342
221,0.3755656108597285,0.06367978038343503,13531.32845202475,1.0951382131755931
221,0.45701357466063347,0.31058498641079185,65406.19385512687,1.5326314035101918
221,0.40271493212669685,0.14040988967558962,31757.601889732312,1.2358570628998569
221,0.39819004524886875,0.12618915761995364,26810.227686093505,1.1968575577404323
221,0.39819004524886875,0.11669143779982909,23137.385878966506,1.168146660083356
221,0.40271493212669685,0.15070745999493906,32010.84997081087,1.2364594153937294
221,0.3755656108597285,0.06121225908400449,14035.721025853672,1.0992749529773997
221,0.4117647058823529,0.17546439627472546,37069.08795355617,1.277862164993696
221,0.3755656108597285,0.06140159636844839,14700.705731834125,1.1044744625733973
221,0.416289592760181,0.18652721001976805,39328.314235367725,1.2995394264024027
221,0.4253393665158371,0.21317494909211734,46074.81039057614,1.3532632581323847
221,0.3393665158371041,-0.043907698759558314,-7801.676361821768,0.9478496028735388
221,0.40271493212669685,0.14960453935906928,32615.842005134637,1.2418087002231868
221,0.38009049773755654,0.07805992829504838,17021.483940946022,1.1207578968947047
221,0.4117647058823529,0.17224448885885837,37267.89360970338,1.278922025062735
221,0.3891402714932127,0.1115858220187318,24138.833661732388,1.1751596924433985
221,0.4072398190045249,0.14132191513500178,31271.333032439896,1.234001289033669
221,0.4660633484162896,0.3261061810883039,69946.14432752815,1.5811336240722778
221,0.416289592760181,0.1665200352201613,36021.7091033499,1.2722810134984806
221,0.42081447963800905,0.2006780958049378,43577.95841807801,1.330577714941351
221,0.45248868778280543,0.29440438247960815,63003.27537022432,1.5046797469009678
221,0.4343891402714932,0.23472249249155847,50799.94139742236,1.3958095078343933
221,0.39819004524886875,0.12468603248266082,26788.286121881883,1.19551265033207
221,0.3891402714932127,0.1064774570789952,23331.786080150217,1.1684109277563737
221,0.4298642533936652,0.22695620361049537,49901.40227045113,1.3867837395981977
221,0.38461538461538464,0.09213882950209064,20869.642303888366,1.1496232385552239
221,0.34841628959276016,-0.015817469844548147,-5387.946924107733,0.9637136563125739
221,0.4072398190045249,0.1464348072593495,33577.530332484064,1.250342437730218
221,0.4298642533936652,0.22782142066072048,49499.87317463299,1.3840692971003232
221,0.4479638009049774,0.2675206505185249,56438.46663186038,1.4489158521132972
221,0.39819004524886875,0.1362307914559469,29942.698099007437,1.2202299713401592
221,0.4117647058823529,0.1732767728125734,37140.78146008293,1.2784877325242334
221,0.3936651583710407,0.12263502893121873,26806.840251025213,1.1969314313543762
221,0.38461538461538464,0.0852643983335922,18881.803861980934,1.1351297974929189
221,0.4479638009049774,0.27493918262318656,59520.79406409791,1.475418669816543
221,0.40271493212669685,0.14131255433704495,30831.823224460077,1.2265800489751975
221,0.4298642533936652,0.2206269243433476,47720.88848126156,1.3682376895336157
221,0.45248868778280543,0.2978845809462906,63749.24380289028,1.5148539186333478
221,0.45701357466063347,0.28552152177267887,59887.78562775587,1.4879095547169108
221,0.4117647058823529,0.1729954944723409,38097.595328962445,1.284346968944826
221,0.39819004524886875,0.12690064629574338,27175.274839949074,1.200017003058337
221,0.4343891402714932,0.2230556378595803,46444.78732816456,1.3612037875162168
221,0.47058823529411764,0.346811998626268,75412.69081015987,1.6267570172937453
221,0.40271493212669685,0.1511854410639113,33689.705345883805,1.2521393316644505
221,0.43891402714932126,0.25377596554268894,55480.2936518953,1.4346765714243797
221,0.42081447963800905,0.1985872474028173,44691.77251164109,1.3435776560928052
221,0.3574660633484163,0.0064458404059578875,986.4375601172014,1.0067583105621194
221,0.4253393665158371,0.20941532986192749,46076.33754518403,1.354766380667
221,0.416289592760181,0.18618866122206473,41444.869808219344,1.3143022525871402
221,0.35294117647058826,-0.008155437670389282,-204.640526213077,0.9986038145588043
221,0.4117647058823529,0.15600742076885116,33943.589728730825,1.2548762962138547
221,0.416289592760181,0.1868214051309777,40496.60213221881,1.3066071620780555
221,0.3891402714932127,0.09885436507999415,20927.278151225004,1.1501955376000146
221,0.43891402714932126,0.2346803500185189,51265.905037484394,1.4042024756580527
221,0.3891402714932127,0.11300837946131187,25507.021899246203,1.1869751273965208
221,0.3891402714932127,0.09889287779467222,21278.98858892939,1.1533548836216276
221,0.4343891402714932,0.24024797288963448,52296.40146668292,1.4063731160985227
221,0.4117647058823529,0.1650570837418887,35561.97321659354,1.2662015656340957
221,0.3755656108597285,0.05713708559040675,13392.71668402656,1.0947284396060533
221,0.45701357466063347,0.3120870728629017,66373.28098699664,1.5394805223083867
221,0.3891402714932127,0.09323792758307274,20077.30477630262,1.14429023770317
221,0.39819004524886875,0.13304974651143409,28748.761904360446,1.2117395222319145
221,0.4479638009049774,0.277679289380891,60504.64845829741,1.4853721706533147
221,0.40271493212669685,0.14881121186256258,32794.030927153304,1.2424126948651923
221,0.43891402714932126,0.24617380952006096,52873.851201268655,1.4134810490926735
221,0.416289592760181,0.1864376515898119,38788.65425463762,1.292687086961046
221,0.37104072398190047,0.0549384125638786,12241.412389897214,1.086266524297873
221,0.38461538461538464,0.09718419138516357,21192.74311547827,1.1532105436319962
221,0.3665158371040724,0.037587195476069125,7974.534319714243,1.0554055841755543
221,0.4479638009049774,0.28225999288812753,60290.91189044531,1.4783567140952187
221,0.3891402714932127,0.0978022771228618,21786.82477090181,1.1570130509336336
221,0.35294117647058826,-0.002604600006453842,-2146.5275988180992,0.9854491163354301
221,0.4072398190045249,0.16064777287089332,34442.261818235944,1.256619422893888
221,0.39819004524886875,0.13259534213940288,28587.898684919754,1.208781821158473
221,0.3891402714932127,0.11499297825390142,26463.953890649544,1.19382588811878
221,0.43891402714932126,0.2444128604400752,53630.75005157842,1.423514457814757
221,0.4298642533936652,0.2144185123197913,45521.45865347227,1.353227902059595
221,0.4072398190045249,0.16198543958381773,33444.47066829136,1.247883397701272
221,0.4117647058823529,0.1662570486219667,34810.976603512536,1.2604120916478343
221,0.43891402714932126,0.2511271188941955,54319.94203667636,1.429396893129102
221,0.3665158371040724,0.03590953962245362,7439.027057603951,1.051354492496283
221,0.4117647058823529,0.17287092224735953,38496.31817038879,1.2879480726504025
221,0.39819004524886875,0.13494536754732836,30908.96416830866,1.2279075688952843
221,0.4343891402714932,0.23329868332793313,50022.50716769848,1.388093621060268
221,0.46153846153846156,0.3221630260042694,68558.235166708,1.55950518577677
221,0.37104072398190047,0.04272612368940078,11048.904272240807,1.0778209019427898
221,0.43891402714932126,0.2540755564685334,55380.81069604175,1.4337995738221299
221,0.42081447963800905,0.20143229685868438,44758.07992229497,1.3432900359749689
221,0.3755656108597285,0.0665018555080638,16417.758782356967,1.1167115204655367
221,0.45248868778280543,0.27994362373378545,60897.794075240774,1.4915110537665344
221,0.3665158371040724,0.04184277549075667,8442.218668686986,1.0590473352541874
221,0.4253393665158371,0.21234715095987047,44406.686881149595,1.3408700385909431
221,0.3891402714932127,0.10713351052434032,24274.580889579232,1.176308669058467
221,0.4117647058823529,0.18083566954661442,39382.09385625888,1.2981239497163912
221,0.4117647058823529,0.17311478715221987,36731.953542142044,1.275135479059698
221,0.38009049773755654,0.07925475392898235,17691.726422668275,1.1261812303850114
221,0.46153846153846156,0.31466155176387295,68522.27303349032,1.5609002728185275
221,0.39819004524886875,0.13296401416241835,29006.117478155556,1.2118160526227
221,0.39819004524886875,0.1334489612854164,30867.218916214122,1.22715086910817
221,0.4298642533936652,0.22169446285389866,47634.877854297665,1.3679322937804337
221,0.4796380090497738,0.3764398669634976,80341.89799731142,1.6796963303172425
221,0.3936651583710407,0.11514162339949734,26306.168542514384,1.1917656055629464
221,0.38461538461538464,0.09370639541484611,21346.900911350145,1.15401927605978
221,0.40271493212669685,0.14576100441439277,31915.378193710196,1.2352408533734849
221,0.4751131221719457,0.3608758950730224,79015.98131816044,1.6625308368113503
221,0.4479638009049774,0.28202164064311924,61966.07850869701,1.495778360285174
221,0.3755656108597285,0.06340260195216173,13986.3080473013,1.0993746499617083
221,0.40271493212669685,0.1373617465683893,29586.479807216223,1.217617884419319
221,0.43891402714932126,0.24722350297075898,55739.596211124546,1.4408855948621777
221,0.34841628959276016,-0.018043727489630935,-1231.304278810706,0.9916399684936291
221,0.45248868778280543,0.30060031310628704,64525.5624566647,1.5238961497527035
221,0.37104072398190047,0.05361427027004976,12185.541351375241,1.085416596293349
221,0.4117647058823529,0.16681247510510364,34514.710842817716,1.2573497354062444
221,0.43891402714932126,0.25512787034760526,54865.94996699292,1.4324397463191376
221,0.334841628959276,-0.0525221703298294,-11343.326765975593,0.9246181573145098
221,0.3936651583710407,0.11710306181951503,25909.98359037508,1.1898789160364334
221,0.4072398190045249,0.1593008765421672,33442.67176960087,1.247476295846728
221,0.31221719457013575,-0.1191372981378449,-24989.857657103126,0.8389410087558992
221,0.39819004524886875,0.12457922944014026,27250.546377004714,1.199274497950794
221,0.34841628959276016,-0.016557195518363273,-3134.9111084594124,0.978847371650221
221,0.39819004524886875,0.12556082168889068,26425.48238890565,1.192930199608551
221,0.45701357466063347,0.2917340806366593,61619.762094596525,1.5000434284172648
221,0.42081447963800905,0.20068751418224584,44025.06915169206,1.3350230785390604
221,0.4298642533936652,0.21769446622402244,47373.59541611215,1.367246299797878
221,0.4117647058823529,0.17448922605036132,38366.09377990087,1.28771328249249
221,0.36199095022624433,0.02394205193950805,4531.308769370275,1.0312234468274395
221,0.35294117647058826,-0.015187288621835836,-2290.670880395326,0.984341062592677
221,0.42081447963800905,0.204548257644822,44939.394842854046,1.344707768115139
221,0.4434389140271493,0.2604716164873803,55536.181988941054,1.4353509102559967
221,0.3212669683257919,-0.10638319003250486,-23227.984206842757,0.8494843699290591
221,0.4117647058823529,0.16505865347721108,36959.097661298656,1.2781628011412143
221,0.40271493212669685,0.14177831871882426,31931.850171077473,1.2363670495948138
221,0.4343891402714932,0.24095569340820117,51164.769378233046,1.3967266300825192
221,0.4343891402714932,0.24419459410298783,54047.368975876845,1.4259261455501953
221,0.4298642533936652,0.22716350151165138,47728.54466909504,1.3660482724754353
221,0.4117647058823529,0.16927311049150448,37809.56818368398,1.2828905466706744
221,0.38461538461538464,0.0842484586145261,19231.29351891147,1.1385964696022641
221,0.43891402714932126,0.2593970141521216,56164.78425345283,1.446006882809471
221,0.3891402714932127,0.10429769860167154,22730.11110508227,1.1651978743892348
221,0.38461538461538464,0.09713952329237814,21389.83502543224,1.155015863230422
221,0.38461538461538464,0.08687009168635558,19414.4157592025,1.1386658807603942
221,0.38009049773755654,0.07072608853351824,14491.970714941663,1.1026433992255151
221,0.40271493212669685,0.14519049897802425,32768.178060556864,1.2422486214030921
221,0.39819004524886875,0.131700385826705,28294.731699831893,1.2078589806592521
221,0.45701357466063347,0.3116285946022652,67737.455362822,1.5532870705227524
221,0.45701357466063347,0.29497216585304786,64308.05571607721,1.5230627614130818
221,0.43891402714932126,0.2575686955213571,56220.63249473354,1.444665903576878
221,0.36199095022624433,0.024738113008642152,5634.574835000794,1.0389088253056757
221,0.43891402714932126,0.25484843569862664,54329.5842651645,1.4261062569584833
221,0.4253393665158371,0.20541419574491715,44596.098544521556,1.3417947242980992
221,0.4479638009049774,0.27952906065164346,61032.25164189527,1.4892572300504505
221,0.36199095022624433,0.027040167831415426,7122.6275143860585,1.0494114922120092
221,0.43891402714932126,0.2556440379071845,55188.40685759738,1.4348555072866795
221,0.4343891402714932,0.2308226492565379,50197.22068868365,1.3912459558127994
221,0.39819004524886875,0.12806109727887013,28548.44105393959,1.208935935248652
221,0.4253393665158371,0.20049297315625528,42469.38496152803,1.3248618214304195
221,0.37104072398190047,0.05035950776642299,11715.139898440748,1.0821134445694869
221,0.43891402714932126,0.2550023905968744,55475.82797540151,1.4353090355672742
221,0.38009049773755654,0.07893350225905185,18204.828772346616,1.1296139709356072
221,0.42081447963800905,0.20006011747916422,44860.47438708134,1.3437165818839016
221,0.4479638009049774,0.28184395393348766,60692.482832240814,1.4817608386767849
221,0.46153846153846156,0.31359730528233176,67640.70882792759,1.552569752164378
221,0.46153846153846156,0.315934872833903,68167.53111770065,1.5586274779303038
221,0.40271493212669685,0.14474814359516774,33208.37025801512,1.2458611965150128
221,0.45701357466063347,0.3113144339248484,66273.81065227088,1.5378272830396438
221,0.4343891402714932,0.24087064104704525,48798.98928235831,1.3765719374581677
221,0.3891402714932127,0.10435116091357331,22643.293183852125,1.1624353731849113
221,0.3891402714932127,0.10893455692641317,23512.562069310294,1.1710932002200987
221,0.39819004524886875,0.12643847653120366,27719.095338491326,1.2031800876488659
221,0.3891402714932127,0.10445488940926816,23194.26617160433,1.1674747660229599
221,0.45701357466063347,0.3060926459579505,67272.45052102892,1.5476624699944854
221,0.416289592760181,0.179294247733801,40760.23696733751,1.3084163377565272
221,0.38461538461538464,0.0911844772403492,20957.160838215983,1.150981631326353
221,0.40271493212669685,0.144717263021312,29869.806326455786,1.2187314548056047
221,0.3755656108597285,0.06355164540718235,13952.229644607978,1.0983906718479635
221,0.4117647058823529,0.17342194993072596,37661.87333903319,1.282214878227949
221,0.4343891402714932,0.23279543080294188,50286.48940483569,1.3927088457047485
221,0.39819004524886875,0.13213349895719184,29411.960380855155,1.2162659106844402
221,0.3936651583710407,0.10820739901229195,24889.277582355535,1.181736811030784
221,0.40271493212669685,0.13716453842899,29849.08053854215,1.2204951256727992
221,0.36199095022624433,0.020402419702734095,4592.838937958506,1.0318649371204158
221,0.40271493212669685,0.14698885445436752,31616.561522060452,1.2322809805091726
221,0.3891402714932127,0.09647545754843014,19335.04692672658,1.1379462430789353
221,0.43891402714932126,0.25478622251893074,54755.71884502347,1.430729063189737
221,0.4343891402714932,0.24054119786243514,51840.923456305245,1.403436170595178
221,0.3936651583710407,0.11510189002657215,26545.170205148137,1.1939113476163508
221,0.4072398190045249,0.15489435330012433,32970.438293933374,1.2452811119588456
221,0.4072398190045249,0.1499517289098242,32231.817166723034,1.2385292675501272
221,0.3891402714932127,0.10328235930644121,24620.612340452157,1.1781689361086007
221,0.3574660633484163,0.02007069677623158,5261.0634223335255,1.0366373462865435
221,0.40271493212669685,0.1471804239022141,32209.19095283627,1.2372667100696655
221,0.416289592760181,0.1871220537833074,39867.11296389277,1.3005456094533665
221,0.36199095022624433,0.02571668842003666,5954.209961084106,1.0411565233988267
221,0.334841628959276,-0.06501518509638975,-13917.550195525757,0.9075901513484446
221,0.4072398190045249,0.15419161813051285,34011.24707541278,1.2523134032687453
221,0.4072398190045249,0.1541676303236797,33430.275510766805,1.2498923314954495
221,0.4841628959276018,0.3838455718042074,83059.03629039641,1.7087404863471598
221,0.45701357466063347,0.3026156243919219,64556.92708762287,1.5218036997906954
221,0.4117647058823529,0.17277958074018654,37237.99282790779,1.2791249155554036
221,0.416289592760181,0.18314581808726726,40338.804337794245,1.307958475092485
221,0.4298642533936652,0.2264531954743243,49071.21672845069,1.380307820329038
221,0.39819004524886875,0.1362382452008955,30679.84183845944,1.2275705024856243
221,0.4434389140271493,0.2635285817398345,57182.37947540441,1.450788766748524
221,0.3574660633484163,0.012713888243104652,2733.576865828987,1.0187706408960093
221,0.4298642533936652,0.22696957021816996,49309.733906330366,1.380904723314182
221,0.3891402714932127,0.09050706642617379,18332.967003442947,1.1315875089833405
221,0.43891402714932126,0.2567578886179758,55016.24613592333,1.4344597071260936
221,0.38009049773755654,0.07502389013295752,16485.654521083947,1.1171887611151279
221,0.38461538461538464,0.08004823000552813,16249.398969434904,1.1159101248240197
221,0.4298642533936652,0.22632207127904821,50252.975541258624,1.3892781086017465
221,0.37104072398190047,0.05030451874394188,13025.116676471873,1.091836959801613
221,0.38461538461538464,0.09056780109039918,19008.269451666885,1.1357143601889197
221,0.39819004524886875,0.1255623565232816,27016.92057542153,1.1980460237537252
221,0.4117647058823529,0.1778122361958555,37522.186705751665,1.282535305020901
221,0.4434389140271493,0.2533475061917296,55554.87381049,1.4392864512446906
221,0.39819004524886875,0.13054638430983037,28282.598208214706,1.2075390718407062
221,0.4660633484162896,0.33548958952812963,73509.47038015033,1.6067836282437997
221,0.4072398190045249,0.16173958532189614,34417.802959708904,1.2552190936161207
221,0.416289592760181,0.18708358104606032,41127.646231291954,1.313445973709417
221,0.4072398190045249,0.15731153043309384,34555.19736747605,1.2579729187281699
221,0.37104072398190047,0.050174433377476575,12159.142700133474,1.085201296197755
221,0.4253393665158371,0.22117244057367835,46742.493911062586,1.3602706788075027
221,0.4072398190045249,0.16025384781133203,34556.98109248323,1.2579641493524945
221,0.46153846153846156,0.3155208592947492,67174.73060109865,1.5459303121241197
221,0.47058823529411764,0.3419090712019437,73156.58437210595,1.6065178962196147
221,0.4253393665158371,0.21697364467027375,46744.46364316155,1.3603082961342896
221,0.38009049773755654,0.06300413562223726,14559.29042699957,1.1037319286172884
221,0.3665158371040724,0.03602037873433627,8724.699259496247,1.0604349258331354
221,0.39819004524886875,0.1304189422552071,28124.190960413813,1.2058503066773356
221,0.4253393665158371,0.2136168823475359,46731.34507833503,1.3586160846328832
221,0.36199095022624433,0.024716519543353768,5552.503535861148,1.0383168261935478
221,0.4479638009049774,0.2890545402776209,60470.27059550439,1.4862108807770522
221,0.38009049773755654,0.07957051725675728,17865.039338012295,1.1270781799324574
221,0.39819004524886875,0.13189628988613855,26479.50564523313,1.1925490856869676
221,0.3936651583710407,0.11876074515084228,25102.460530386878,1.1820896738119968
221,0.45248868778280543,0.29345808243732335,62858.25523763878,1.5042401731940043
221,0.3755656108597285,0.06422903402592521,13831.588425345843,1.0972991446561453
221,0.4479638009049774,0.278207490782309,58337.92411089497,1.4631248594045636
221,0.4072398190045249,0.15972575986560555,34701.23124661091,1.2583295285869232
221,0.4253393665158371,0.20576209579502044,45369.9775416083,1.349829401581368
221,0.4117647058823529,0.17328209195340633,38643.302134015255,1.2902551724025983
221,0.4117647058823529,0.171873807579671,35753.993365444716,1.2677242003116682
221,0.416289592760181,0.1924066676132205,40386.78425597663,1.3070281812416635
221,0.37104072398190047,0.04275479867589434,7795.750614749434,1.0543431299979011
221,0.45248868778280543,0.28924733531111474,62521.16928185891,1.5022569410615227
221,0.43891402714932126,0.2587712251558546,56842.61170929227,1.4498742556225497
221,0.3891402714932127,0.10566936459154273,23139.99239213295,1.1667996880705103
221,0.38461538461538464,0.08127603072643043,17404.426324475557,1.1239025415696209
221,0.4434389140271493,0.27606664588171465,61096.63687216361,1.4903776061993488
221,0.47058823529411764,0.35068385090926274,77820.6989526785,1.6539452725994543
221,0.48868778280542985,0.4028578745858846,87506.86586485276,1.7541526763072377
221,0.3936651583710407,0.11936385893008175,27528.553541753903,1.2020505246591824
221,0.4117647058823529,0.1718565470518722,36295.834637660315,1.2711045046483658
221,0.3393665158371041,-0.05330663939546605,-11435.352255229507,0.9234586457661476
221,0.334841628959276,-0.06533820150530587,-14041.425731819143,0.9071708604931562
221,0.39819004524886875,0.12492416825410575,28177.53382053416,1.2067891734539007
221,0.3755656108597285,0.06734584040610224,14567.452047032584,1.102639129722295
221,0.3665158371040724,0.03716995843735909,8565.94904963193,1.0595305281507743
221,0.4343891402714932,0.24476753555401107,52334.69352402247,1.4093093200824955
221,0.4751131221719457,0.35831733506943236,76733.20632523808,1.6408371474529115
221,0.4434389140271493,0.26552763644746213,57414.946527442225,1.4628405983738708
221,0.4434389140271493,0.2605830056583123,57149.3645404374,1.4529922908351534
221,0.38461538461538464,0.08730539994365011,18635.380551421338,1.1336652222356352
221,0.3438914027149321,-0.03855669151872263,-7878.878347261707,0.9471649142632578
221,0.39819004524886875,0.12906916938671636,31246.910178504295,1.2317560974458428
221,0.39819004524886875,0.1332519408847712,28139.659245989358,1.2079838086995918
221,0.4117647058823529,0.1698506363990339,36841.756242837626,1.2759240873148532
221,0.4479638009049774,0.2819217132847033,60813.24903436405,1.4851526708479872
221,0.46153846153846156,0.32188108033495727,69949.92153716377,1.5785554704865452
221,0.4479638009049774,0.27545634875628344,59994.33132440771,1.4831770207374086
221,0.34841628959276016,-0.023188174521833835,-4437.308374943776,0.9700697973530116
221,0.4117647058823529,0.16698770553250178,35451.549316308636,1.2639838731285666
221,0.416289592760181,0.18766652957962612,41366.46157415949,1.3134607478495257
221,0.40271493212669685,0.14588376113675947,30005.016084787065,1.2195780717793892
221,0.35294117647058826,-0.0033590899860483536,-127.58617784806756,0.999131823726816
221,0.4343891402714932,0.23666813132365586,50335.53546700252,1.3935371790120579
221,0.3891402714932127,0.09541630991518034,19530.95406691631,1.1404804180637236
221,0.35294117647058826,-0.004119712239918098,-1220.7949570657702,0.9917260639331831
221,0.416289592760181,0.18061149505847918,39497.611018841366,1.2984247303411283
221,0.3936651583710407,0.11877911350187854,26718.838646188924,1.1944726036609885
221,0.3891402714932127,0.10389896757962647,22379.103474539137,1.1611205536502016
221,0.39819004524886875,0.12538431774794637,28769.568561796397,1.2118411686125772
221,0.4479638009049774,0.2781042265462507,58945.790817033216,1.4690259735064919
221,0.38009049773755654,0.07710944849522831,16347.930545998433,1.1155731068675159
221,0.40271493212669685,0.14176752045098986,30727.00318875438,1.2267302786321963
221,0.39819004524886875,0.13554458242254555,31128.521459552234,1.2294761989432244
221,0.4434389140271493,0.25024833168884014,54765.94705550242,1.4360754809824996
221,0.4253393665158371,0.21037545718707606,44266.72385381791,1.3393186976764646
221,0.4343891402714932,0.22829412913554759,50026.90012753416,1.392001205623676
221,0.45701357466063347,0.3081008558208978,66453.55050436349,1.5392519032164735
221,0.43891402714932126,0.25364545184768056,52486.06979709479,1.4074560247848507
221,0.42081447963800905,0.19245711458347065,41708.93405722133,1.3176584870624937
221,0.35294117647058826,-0.00298518266204046,-2684.8461571361404,0.9817965176475134
221,0.3891402714932127,0.10687167500405542,23641.07140731287,1.1707431729454039
221,0.4660633484162896,0.3345009927292484,71178.52185671864,1.5842269856099678
221,0.45701357466063347,0.3092917560578121,65516.787963851835,1.529075757909477
221,0.4660633484162896,0.33583127211961233,72395.09431866932,1.5968747676816941
221,0.4343891402714932,0.24043612917095086,53218.93095681465,1.4152844330349073
221,0.38009049773755654,0.07067799036440195,14042.48866210978,1.0995455566190668
221,0.4434389140271493,0.2636928417363596,56406.59472264317,1.4473493682168836
221,0.43891402714932126,0.25031680114580124,56205.11104031138,1.444943462964987
221,0.3891402714932127,0.10562262793955964,23148.571699210705,1.1668706808116105
221,0.3936651583710407,0.1050249667380251,24362.63884875401,1.1774823004928319
221,0.3936651583710407,0.11226034481180885,25545.12354698967,1.1855904278292229
221,0.4117647058823529,0.17070247539376718,37447.35785215561,1.279291547454731
221,0.42081447963800905,0.20153024692426305,44222.01013378968,1.3384207174352303
221,0.3891402714932127,0.10026838673575661,21180.788759127776,1.1525034849089444
221,0.4072398190045249,0.15109505159186695,34104.13322106161,1.253899320147394
221,0.40271493212669685,0.146649201436388,32397.240655271296,1.2396808577742413
221,0.4343891402714932,0.23402521251184302,49624.705385353795,1.384885471480603
221,0.3891402714932127,0.1041639723215986,25370.642776197066,1.1841173138387127
221,0.4072398190045249,0.14596882060376223,29995.042593131053,1.2215233447897458
221,0.4434389140271493,0.25666935321408824,55188.19576789494,1.433925497374836
221,0.4479638009049774,0.2746303178055599,59029.17017659356,1.4692642805665677
221,0.38461538461538464,0.0847789240507076,19846.929041484553,1.1420216958371747
221,0.4117647058823529,0.17109841524001726,38233.02871546181,1.289134604994277
221,0.37104072398190047,0.0497643206317812,11092.499279478652,1.0774738836147402
221,0.416289592760181,0.18729759382725097,40668.67667071328,1.3068352872010442
221,0.3755656108597285,0.06439112226699491,15093.961365819576,1.1067156989792715
221,0.37104072398190047,0.05037791856287808,10282.468409750725,1.071872385423551
221,0.38461538461538464,0.09560498041111955,18965.39674672958,1.1358464788982947
221,0.43891402714932126,0.23404566817872388,49986.933415409374,1.3904867499434022
221,0.416289592760181,0.17869083207129843,39349.23842796794,1.29786871152292
221,0.37104072398190047,0.055238044518906314,11524.297883971609,1.0815605354249531
221,0.3891402714932127,0.09638072809923158,19858.0417965937,1.1423691109683194
221,0.39819004524886875,0.12724422685868356,28585.52393530125,1.2107954777565515
221,0.334841628959276,-0.0484318503569283,-10128.314980949974,0.9324604421247821
221,0.43891402714932126,0.25473198695812865,55305.66676982351,1.4349547367200282
221,0.4343891402714932,0.23182025284497787,47891.60636420604,1.3702196340552706
221,0.36199095022624433,0.02207705452636634,6966.079074326421,1.048452568899302
221,0.4253393665158371,0.2160664251915599,47440.1360409379,1.3656973653083742
221,0.40271493212669685,0.14467364196977847,31622.875805602056,1.2358384592500797
221,0.4253393665158371,0.2171301220580856,46379.606947722896,1.356062813234016
221,0.416289592760181,0.18289043518150758,39357.039131351674,1.2958953947621537
221,0.37104072398190047,0.04692913148030962,9955.782048152056,1.0693461300107425
221,0.47058823529411764,0.3432739319087331,73418.58869480428,1.6102878345752856
221,0.4117647058823529,0.17362782574336977,36907.71102504624,1.275458925147996
221,0.38461538461538464,0.09117461854181515,18675.253540771526,1.1339347249967822
221,0.42081447963800905,0.20175874010828573,44196.63001152288,1.3373692458647208
221,0.43891402714932126,0.24803137309691253,53696.26158385213,1.4198262157331583
221,0.39819004524886875,0.12199028184875284,27175.54503514264,1.1996778643850166
221,0.4343891402714932,0.22767865806225457,49360.50047272207,1.3845263700353565
221,0.4751131221719457,0.3638628961809105,79512.03880992148,1.6722479003479125
221,0.4434389140271493,0.2660667988344125,56705.1328555214,1.453855635113091
221,0.40271493212669685,0.14650170588952158,32560.285738709346,1.240629274353939
221,0.4117647058823529,0.16657733702458044,36087.84325650618,1.2685931893390407
221,0.3891402714932127,0.10133999949826533,21411.600220792556,1.154911070357615
221,0.39819004524886875,0.12601733632682371,28420.79902645859,1.2097103301514236
221,0.4298642533936652,0.22726789567220693,49125.813826284444,1.3795256081197238
221,0.4479638009049774,0.2821044024721003,61097.92315035025,1.4869834050032873
221,0.42081447963800905,0.19921939092058133,43181.33223448188,1.3272605655899758
221,0.3665158371040724,0.02913426014315532,7329.514527869886,1.050914308604234
221,0.3574660633484163,0.01009212320593421,1809.9060302165944,1.012343040911975
221,0.3891402714932127,0.08733010922265848,19640.86999253383,1.1425257322964268
221,0.3936651583710407,0.11260162774195842,25808.978937304993,1.1887205337304643
221,0.39819004524886875,0.13624767492281484,30682.496987512674,1.2260697702139975
221,0.3665158371040724,0.029760222204522936,7257.683832461133,1.0503977360697447
221,0.4072398190045249,0.16254103407788448,34842.36907492626,1.2586722037987226
221,0.4841628959276018,0.38505984102015656,83353.10490288661,1.7163658674228526
221,0.4253393665158371,0.20336734253209657,43286.23946842682,1.3306328005721328
221,0.416289592760181,0.1828645994040501,40037.54142841895,1.3057483518383624
221,0.3665158371040724,0.037794579383931964,9685.744570137114,1.0674314203204067
221,0.5067873303167421,0.44497913346986334,96434.95888113538,1.862903615632362
221,0.43891402714932126,0.25395168834761234,52949.93308638365,1.4120792425717579
221,0.4298642533936652,0.21866486586011186,47614.04231615792,1.3663962552941455
221,0.3891402714932127,0.10509909055927416,22398.663370769336,1.160521529088208
221,0.4117647058823529,0.1721578290386448,37632.35334235053,1.2819072469481825
221,0.43891402714932126,0.25292924451819704,54325.177835756804,1.4265019785070172
221,0.38009049773755654,0.07622912942417506,16235.411682828175,1.1153379387579458
221,0.3936651583710407,0.11788663200265605,27172.988790164374,1.1974638138788762
221,0.4117647058823529,0.16722830193136118,36970.197195991524,1.2765148841285157
221,0.43891402714932126,0.2551141579413899,55524.45174551287,1.436568514880996
221,0.4072398190045249,0.15588080291159112,32643.697820538597,1.241981834755652
221,0.4072398190045249,0.14773670147791473,32915.448965523785,1.2449163941362076
221,0.45248868778280543,0.2943336379838914,64875.546751135815,1.5209598671760758
221,0.4434389140271493,0.27149374366775053,58188.26940692944,1.46185707650248
221,0.38461538461538464,0.08795091309607081,19140.320015981226,1.1372804674600492
221,0.37104072398190047,0.05163738351730082,9895.866360472395,1.0691689895843721
221,0.49321266968325794,0.41737504545299753,89219.76140807776,1.773495802790507
221,0.4434389140271493,0.2707861080141825,57353.50289717376,1.454276154244689
221,0.3936651583710407,0.11146284219602957,24731.47119518221,1.1803379743238895
221,0.45248868778280543,0.29209268504641,60887.64906234524,1.4860328389023336
221,0.3665158371040724,0.03758174775241088,9564.111038635694,1.066601243849095
221,0.4253393665158371,0.22242742899329035,49151.67901614821,1.3821204534507192
221,0.3891402714932127,0.10094309556092612,23465.52461162438,1.169993167747524
221,0.40271493212669685,0.14925204882862292,31601.388667116113,1.2329849314528494
221,0.4253393665158371,0.2142176702939166,45751.66266928279,1.3510240059454905
221,0.4343891402714932,0.24159547815053092,50589.51195343173,1.3922805955691735
221,0.4298642533936652,0.22876332497260943,49788.30955541576,1.3863307343417228
221,0.4298642533936652,0.22147116433011796,47192.00029894107,1.3653755005502586
221,0.4343891402714932,0.24041788011782175,53265.123268021096,1.4156826836975942
221,0.4343891402714932,0.23998396590743148,52120.68829442578,1.4060999056869636
221,0.4434389140271493,0.2716169233174425,57903.30295335691,1.4583593101661445
221,0.45248868778280543,0.27434211464184094,60120.80148171362,1.4831827554704489
221,0.38009049773755654,0.08008315208074505,17976.735541469014,1.1284934208914614
221,0.4343891402714932,0.24357664987665276,50397.9261485097,1.393003406748268
221,0.45701357466063347,0.2934346953183839,65147.18381985613,1.5312429966538121
221,0.4434389140271493,0.2580464964754014,56817.29176425611,1.4495558033258789
221,0.4253393665158371,0.21367800245124852,45708.129000044806,1.3497880648124865
221,0.4434389140271493,0.27353047657711455,58898.28115160274,1.4688696522593483
221,0.416289592760181,0.1839046237505688,38305.911124213446,1.2886421200901426
221,0.47058823529411764,0.3376190969535241,72770.89017099435,1.6044350690579774
221,0.37104072398190047,0.051654624480393964,11526.05989615242,1.0807169628629436
221,0.4298642533936652,0.22916228079133924,48401.93769784033,1.373316823733956
221,0.39819004524886875,0.1273112105204146,27934.392627533693,1.2049641901388415
221,0.43891402714932126,0.2582514062293716,56458.061159274584,1.4465468407474742
221,0.4253393665158371,0.20613687377486328,43298.786151830536,1.3303331328099728
221,0.4117647058823529,0.17495549152192513,36400.44929374053,1.2718882555689517
221,0.3755656108597285,0.05422188187168555,11061.876599519968,1.0783232489148689
221,0.36199095022624433,0.019386684408592657,4891.331339333414,1.0335934092925445
221,0.42081447963800905,0.1905943956688207,42295.31401113415,1.323051376154112
221,0.39819004524886875,0.13359246591766033,28188.928519709756,1.2062690719465199
221,0.42081447963800905,0.19931659593890552,42644.86891057414,1.3238172057820476
221,0.4072398190045249,0.15189170666976046,31610.084644123337,1.2349711477220429
221,0.39819004524886875,0.13171368255419472,27618.88119614888,1.2010842413566092
221,0.4072398190045249,0.15996008227977423,36228.084772056274,1.270688963361075
221,0.3755656108597285,0.06449984850603159,11973.004075022389,1.0839122425457997
221,0.4298642533936652,0.20885738619209493,46311.06477549214,1.3605623483300295
221,0.39819004524886875,0.12523183387125728,27175.608675592965,1.1983497075605052
221,0.45701357466063347,0.3013079910161627,63989.649256241646,1.5165289904945813
221,0.4072398190045249,0.16415640279188562,35938.67485895404,1.2696923667294249
221,0.4343891402714932,0.2407910267149586,53578.54198790355,1.4192414825377282
221,0.38461538461538464,0.09168830800099519,21581.297134903223,1.155403313481493
221,0.38009049773755654,0.07806766118538591,17212.1281789309,1.1220934112718834
221,0.3936651583710407,0.11426852145331341,25620.374523883896,1.1874620935459077
221,0.38009049773755654,0.07506883867283169,17151.746052119604,1.1227407423477158
221,0.42081447963800905,0.20002336927437547,43429.997139078885,1.3302987135602602
221,0.4253393665158371,0.21407351301258817,45872.049086414154,1.351379421441594
221,0.4298642533936652,0.2138103205654882,46508.46567359532,1.3608305428086496
221,0.4072398190045249,0.14588147663602005,32580.584629078112,1.2420355168921655
221,0.4072398190045249,0.16246465706501545,33595.4007815471,1.2503251670922353
221,0.38461538461538464,0.09324747790278999,19432.7666534183,1.1388448593099774
221,0.38009049773755654,0.06448361977533118,12361.239865946402,1.0874276131496499
221,0.39819004524886875,0.1323654498039373,28474.77485596897,1.2074472460408454
221,0.4298642533936652,0.21877680733134708,46741.71820417804,1.357917672159407
221,0.4253393665158371,0.21268865462969014,45636.56006915809,1.349516585686697
221,0.3755656108597285,0.06387416463861854,13588.412939770637,1.0955670208613482
221,0.45701357466063347,0.31366330644204043,70246.80759873096,1.5804259378218621
221,0.38009049773755654,0.08123869358782972,17929.026046740466,1.1275454950598183
221,0.45701357466063347,0.30106740220401895,65784.11609621297,1.5351608649442048
221,0.4298642533936652,0.228406709657706,48463.828529444116,1.3731963297835554
221,0.38461538461538464,0.07563202605295945,16016.498336395114,1.114256128063255
221,0.34841628959276016,-0.016067881878357674,-3555.5719186911506,0.9759830467335597
221,0.4072398190045249,0.1635807822733686,35478.00544662702,1.2638646575712962
221,0.38461538461538464,0.08775530003138958,17540.28980147173,1.125735432768117
221,0.3936651583710407,0.11571337988066004,24691.11934542102,1.179997293022525
221,0.4434389140271493,0.2748725754359832,58820.285824661434,1.468447865328377
221,0.4343891402714932,0.24157395573072687,49607.70807929207,1.383808453274729
221,0.4434389140271493,0.2689601669912655,57436.906207386186,1.4535136019313408
221,0.3755656108597285,0.0640973637343455,13991.41828462945,1.0987656735659206
221,0.4117647058823529,0.16460894941330825,35840.56056729742,1.2676878333731452
221,0.40271493212669685,0.1453709825722581,29016.04685838585,1.2128020317996833
221,0.42081447963800905,0.20492784673923728,42086.70028902484,1.320278637576126
221,0.3936651583710407,0.12370429960374246,27255.375131958182,1.19927517042281
221,0.4253393665158371,0.20678842700737002,43757.63468953282,1.3345944122296827
221,0.42081447963800905,0.19354065287457164,43397.58506158802,1.3327379488669693
221,0.42081447963800905,0.19547154248197027,42976.84340624281,1.3268027760829046
221,0.42081447963800905,0.20343039653643852,43965.23687172981,1.3366047098798144
221,0.3438914027149321,-0.032027817731740724,-6058.077735006986,0.959228830207337
221,0.39819004524886875,0.132322633529999,30241.974848154474,1.222171490700005
221,0.3891402714932127,0.11294721593484937,24094.77082901162,1.1752194831851184
221,0.3891402714932127,0.10685478676757705,23100.886517040854,1.1673973554403845
221,0.40271493212669685,0.14856734400270288,31059.0648844179,1.227813922958608
221,0.40271493212669685,0.14659933283032642,31838.755054688587,1.2355678806381247
221,0.38009049773755654,0.07916500356965517,17419.385970794065,1.1237766723791356
221,0.37104072398190047,0.05081549954751246,11815.766052295257,1.082758944301862
221,0.45701357466063347,0.3076876444384209,65926.30380452616,1.5323066413250903
221,0.38461538461538464,0.09216233203075849,20730.632429039975,1.1482472264658041
221,0.4660633484162896,0.33529405509810206,72142.40718407097,1.5946322337260195
221,0.4253393665158371,0.2128879854529411,45729.48566015948,1.350478433992952
221,0.4343891402714932,0.23533594852775094,49871.22066502059,1.3882402099965947
221,0.4479638009049774,0.280192506528071,59268.58278975477,1.4727083958847216
221,0.4298642533936652,0.22638652463608502,50315.89180652909,1.3887229537006545
221,0.39819004524886875,0.12805054059911872,27213.8403428995,1.1992095678757544
221,0.3936651583710407,0.1199357509519592,26156.757813264336,1.1898904900465423
221,0.38461538461538464,0.09012977036708128,18980.256054390018,1.1352733419520762
221,0.416289592760181,0.18600938221458393,41764.363865505875,1.3162992280700534
221,0.416289592760181,0.18214272578250087,40059.3648897759,1.3018668611144377
221,0.39819004524886875,0.12273386051105906,26295.625145070328,1.1911748818460413
221,0.4117647058823529,0.16484235057926733,33831.353777950935,1.2512191587793113
221,0.36199095022624433,0.02883287185169098,6750.260466846408,1.0471476288459831
221,0.38009049773755654,0.0784513026036181,15341.500127349464,1.1087206353874028
221,0.4343891402714932,0.23713848677944938,50042.920455011845,1.3893860403788172
221,0.4434389140271493,0.26035733909673625,56960.55593237673,1.4499961956029248
221,0.38461538461538464,0.0911263814072793,19747.370094097958,1.1414739365670739
221,0.37104072398190047,0.04952463343949202,10079.264788364831,1.07073847873421
221,0.4298642533936652,0.2228641567866627,48614.15101906945,1.3761780123403153
221,0.4796380090497738,0.3791740416785157,81329.95350264224,1.6881211584031568
221,0.4660633484162896,0.33427388133870606,71015.60334286648,1.5858131051884026
221,0.47058823529411764,0.34936057069837634,75517.08436277718,1.6294645532844738
221,0.40271493212669685,0.14118323815146094,30786.870427650414,1.2276360565795106
221,0.4072398190045249,0.15718716275239478,34054.13353606585,1.2531709678835903
221,0.45701357466063347,0.2958411485799946,65276.00724727179,1.5339701337780645
221,0.4660633484162896,0.3360128443875629,73593.07922037377,1.6080803546051134
221,0.43891402714932126,0.2543374016718632,55579.4799760669,1.4348457514554667
221,0.4343891402714932,0.24694702595673163,53772.21514090225,1.4246309630832983
221,0.4253393665158371,0.19830499251541336,41977.51350243928,1.319828162922382
221,0.4253393665158371,0.20776875049103583,44844.09031349457,1.3436797212255813
221,0.3755656108597285,0.06959473648492115,13219.191362575832,1.0930393268668637
221,0.42081447963800905,0.1978941012460312,45482.688037670785,1.350876927691922
221,0.4072398190045249,0.16394482804889296,36362.99931924997,1.2730497065454707
221,0.4072398190045249,0.15975931962604678,35331.66077265648,1.2633547207228915
221,0.39819004524886875,0.13309557140144707,31236.623318025853,1.2311102841456818
221,0.45248868778280543,0.29861083157379703,62155.20740498803,1.5009514979996745
221,0.416289592760181,0.17351176666742532,38676.7492334765,1.2930776302161433
221,0.38009049773755654,0.07755915813421896,15722.86967032747,1.111437488893185
221,0.45248868778280543,0.29460575883287565,62666.6137537325,1.5029791439125384
221,0.4479638009049774,0.27272491585660535,59296.673019257214,1.473517229585145
221,0.42081447963800905,0.1961476598407495,43063.0286153037,1.3260892453310946
221,0.4253393665158371,0.19978026215190198,43264.85376770106,1.330574006516252
221,0.416289592760181,0.17758284684365672,37405.06346642782,1.2828975228402946
221,0.3574660633484163,0.008758891352047424,2618.2232893267046,1.017972603859754
221,0.39819004524886875,0.1286381104157527,28614.728362243193,1.2103300936359518
221,0.3755656108597285,0.06424623844077038,15323.991529965633,1.108616640257854
221,0.4072398190045249,0.1592436364650693,34436.39355039699,1.2550366593672624
221,0.4072398190045249,0.1599509841784603,34201.82027053167,1.25326263883349
221,0.3755656108597285,0.06727114307953196,13556.032535615479,1.0957884012626191
221,0.45248868778280543,0.2944185048682909,62063.34175819007,1.4952938864998655
221,0.37104072398190047,0.05059008644989086,12556.056262321075,1.0880414205380795
221,0.3665158371040724,0.034371166126747454,8127.038434475584,1.0566474086082813
221,0.43891402714932126,0.25401037271718546,55166.28373269958,1.4361522328103553
221,0.35294117647058826,-0.0047740156511996545,-972.6056375046339,0.9933759982969308
221,0.42081447963800905,0.20147887534686915,44086.14066941662,1.3357395034934707
221,0.3891402714932127,0.10469779974324223,23939.004207460435,1.1729052435960998
221,0.45248868778280543,0.2891781553945488,62594.58463089966,1.503282607826262
221,0.4072398190045249,0.15996516148482784,33089.24098296391,1.2446857191004053
221,0.4117647058823529,0.1612728381811436,36008.20415737882,1.272653537303841
221,0.45248868778280543,0.2953554731332605,64625.2230134877,1.5227885316924235
221,0.4298642533936652,0.21974003869325964,48076.78165410296,1.3722730592285521
221,0.4434389140271493,0.2720556572317022,57756.74531025217,1.458946981063222
221,0.4117647058823529,0.16922386785297522,36970.43983790515,1.276987946566773
221,0.416289592760181,0.1895689267760744,39377.767447193364,1.2966809930762193
221,0.3936651583710407,0.11565649665845021,25481.64810850518,1.1865435492620002
221,0.4343891402714932,0.2373909148970457,52100.934478744966,1.4077501506301047
221,0.3936651583710407,0.13275363191563871,30205.795663759523,1.2253369368447473
221,0.4343891402714932,0.24221075610117712,53105.4119439459,1.4148374052859256
221,0.40271493212669685,0.12386569815450943,25046.190626011117,1.1830522537005606
221,0.4343891402714932,0.24078961414718658,52288.75668162704,1.4068631551571218
221,0.3438914027149321,-0.03727350595715484,-7386.997886040024,0.9502957477847659
221,0.4298642533936652,0.21652823570867863,48181.08972418372,1.372793219909955
221,0.43891402714932126,0.246435522683088,53416.358605924186,1.4190891538711998
221,0.4751131221719457,0.35970565644104663,78333.3148310148,1.6600791706395615
221,0.45248868778280543,0.28196646148830906,61558.41320684264,1.4984946693622792
221,0.4343891402714932,0.2341540667099814,49412.730277582115,1.3826047719659447
221,0.4434389140271493,0.25978181422621466,57054.67504818777,1.4509457532156875
221,0.3574660633484163,0.014250849618317494,3449.752933665817,1.0238011806686327
221,0.4298642533936652,0.22698355260439665,48320.25263926083,1.3725364279337038
221,0.3438914027149321,-0.035080203979437785,-5808.02323842973,0.9606631552043255
221,0.4343891402714932,0.23335027797086855,50073.02711606928,1.3894528044167422
221,0.36199095022624433,0.027947950310101097,8232.888038835077,1.0574030619620605
221,0.4117647058823529,0.16434070280670615,35735.92767337423,1.2660042548379575
221,0.4434389140271493,0.26776078883034776,59393.434303443224,1.4717396431768548
221,0.34841628959276016,-0.021041948052451284,-4892.6207538759445,0.9668341813516836
221,0.4343891402714932,0.23642819182918118,52335.51271552169,1.4106848335087565
221,0.43891402714932126,0.2492456948911529,54593.38459924843,1.4300410416416107
221,0.3755656108597285,0.06357376588002994,13452.944733153496,1.094646349599016
221,0.3891402714932127,0.10661292611032198,23806.643464603447,1.172154785021082
221,0.46153846153846156,0.3117100319666366,66862.55644246568,1.5507639682627548
221,0.36199095022624433,0.0252038246602861,6025.63661870564,1.0416831563206133
221,0.4253393665158371,0.2107682202661761,46912.68859571149,1.3607140930414603
221,0.4343891402714932,0.2406616724612625,51870.929403110466,1.4023150095834873
221,0.40271493212669685,0.14648738094781355,30784.814288156318,1.2263951750231041
221,0.36199095022624433,0.02202038697039828,4921.59936381531,1.034112886299802
221,0.3891402714932127,0.10759121094789521,24864.81389308752,1.1804800267584914
221,0.3936651583710407,0.11699141388007166,26601.683487101778,1.1953256083417476
221,0.4434389140271493,0.26137808245401317,55091.26338252328,1.4348274237803098
221,0.4253393665158371,0.20786640416903387,44894.20609372937,1.3440005321924113
221,0.4072398190045249,0.16060571562201484,34445.42614641646,1.2564391663630132
221,0.45248868778280543,0.30411966638549603,64137.71053303723,1.522624224955829
221,0.46153846153846156,0.32115615681036835,69074.54921477548,1.5657429548286852
221,0.49321266968325794,0.4080442035572776,87733.20519682235,1.7598393428355448
221,0.35294117647058826,-0.005718257292862449,-1970.559977964751,0.9865883698032296
221,0.38009049773755654,0.07839454148306871,16941.058780794017,1.1202773781430253
221,0.3936651583710407,0.11562194421094826,26097.02332961089,1.191245832256962
221,0.3936651583710407,0.1224346667489395,25810.925957271094,1.1884637238375109
221,0.43891402714932126,0.2497308910648642,53219.950996213935,1.4195648600143327
221,0.3936651583710407,0.11990938106052575,25094.353647688964,1.1818797336757887
221,0.4072398190045249,0.1547716877736111,34537.526121141906,1.2582998920464732
221,0.3574660633484163,0.01057851579995144,2924.8772131982514,1.020273065281781
221,0.42081447963800905,0.19921116386497606,42801.04855983599,1.323690112748352
221,0.40271493212669685,0.14826760415779122,32836.84137648102,1.2458342831933018
221,0.3936651583710407,0.11771819528749584,25080.540115665055,1.1813546908309123
221,0.42081447963800905,0.19252075907769084,41773.60231257103,1.3170373011066625
221,0.416289592760181,0.17560051407578986,38340.47074710768,1.2895178088366388
221,0.42081447963800905,0.20003046564684496,44416.767741947835,1.3395272743089215
221,0.4072398190045249,0.14595234067515908,31356.809547675293,1.2327728739655988
221,0.4298642533936652,0.22590254311749844,48677.02382254833,1.3737641338207105
221,0.38009049773755654,0.07510526678864693,15052.391165871995,1.1070457796546485
221,0.4434389140271493,0.26842374148636466,57038.53364303055,1.44885811723321
221,0.42081447963800905,0.19039188087961145,41929.891378341534,1.3183136533830442
221,0.4117647058823529,0.17287970803761676,37406.215568421954,1.2804381313880298
221,0.4253393665158371,0.2176839471624789,48174.24966257721,1.3720316785606634
221,0.43891402714932126,0.2568554804586953,54779.21645168778,1.43178933185758
221,0.4072398190045249,0.15865498178781293,33316.38643699482,1.2461864443399266
221,0.40271493212669685,0.15312438207334572,33972.230592303604,1.2537027341204896
221,0.39819004524886875,0.12550433455008234,26855.32226023674,1.196048828617007
221,0.4298642533936652,0.2217124844881154,48293.56533026572,1.3725959005241863
221,0.3936651583710407,0.12604243037313811,28126.76445455532,1.2065989387741483
221,0.4298642533936652,0.2290860020050251,50888.18975945929,1.3981641812879528
221,0.36199095022624433,0.015332097974827465,2785.87891674596,1.0191950471535136
221,0.3891402714932127,0.09200120013137691,20562.518202390063,1.1488672315491988
221,0.4072398190045249,0.16461343306853662,35732.71080518081,1.2684203930824371
221,0.3891402714932127,0.09949022911513367,23406.28166642454,1.1693441561778208
221,0.3936651583710407,0.11868531725496853,26149.789143422684,1.189246899530071
221,0.4434389140271493,0.26850192000648565,57879.98931698066,1.4580956032628158
221,0.416289592760181,0.18706462762484616,40287.230864258156,1.3035480944818516
221,0.4117647058823529,0.17449426929962505,35744.415340493644,1.2665812962961411
221,0.4253393665158371,0.21321587707460496,47116.07605874927,1.3620206576410674
221,0.3936651583710407,0.12215700709520397,27294.543583648156,1.199237983237388
221,0.39819004524886875,0.126923585388853,28590.27483984728,1.2103852150671344
221,0.37104072398190047,0.04773147677411295,11608.660357754012,1.0818891034467937
221,0.3755656108597285,0.06704336356938492,14943.000541947673,1.1053469731025156
221,0.4117647058823529,0.18353666597413815,40139.53662392608,1.3069513903421561
221,0.4253393665158371,0.21673673901166984,47630.61626654942,1.3679652112734504
221,0.34841628959276016,-0.01679317192001575,-2153.6596252996023,0.9854426566091515
221,0.4479638009049774,0.2812649566026606,59389.32978370854,1.473087811510995
221,0.3665158371040724,0.03624410338011791,7098.706577797317,1.0495604106781797
221,0.36199095022624433,0.026782239587779096,5560.9295138937705,1.0383896915642508
221,0.3755656108597285,0.06486333919845788,14214.444530418628,1.1001512617652445
221,0.4253393665158371,0.20897430755646612,44893.822394098635,1.3466816173997112
221,0.39819004524886875,0.13350192689898596,27413.80139557075,1.2004504994953464
221,0.4117647058823529,0.1719030554319246,37466.04188062464,1.281415931976398
221,0.4660633484162896,0.3368286842036587,71064.2878855963,1.5803355443864184
221,0.36199095022624433,0.014039379752020341,2756.7008675273573,1.0190148888139732
221,0.40271493212669685,0.1410805311965557,30733.163274054405,1.2269735017196497
221,0.3755656108597285,0.06549228545004139,11372.071732434535,1.080025837501468
221,0.416289592760181,0.189104916931967,40754.132282556915,1.3091276550884077
221,0.45248868778280543,0.2936708843769415,64211.700010428074,1.5158174769970574
221,0.37104072398190047,0.04384506669453643,10412.949152981322,1.0727199790084385
221,0.4298642533936652,0.2224281798673141,49638.762521205135,1.384900447369714
221,0.4117647058823529,0.17146914243123956,38295.48918000235,1.287841611412094
221,0.3755656108597285,0.056427194423461696,12765.072886708234,1.0897097070275759
221,0.39819004524886875,0.13694021366071638,28640.789252161416,1.2103393109325793
221,0.38461538461538464,0.09158505634029733,18314.687410468734,1.130168442164691
221,0.36199095022624433,0.026018855711792733,4866.2922582801,1.0337645026042792
221,0.4434389140271493,0.2685585102940459,56572.65603553421,1.446044996059957
221,0.42081447963800905,0.20116522266268605,41183.82806465469,1.3123831098651724
221,0.416289592760181,0.18142123309753208,37774.69153279226,1.2844854503504142
221,0.4479638009049774,0.28109713325049146,61683.238967265206,1.4952336911777608
221,0.3891402714932127,0.09966412798998389,22023.67753513951,1.1584028122629324
221,0.40271493212669685,0.14950193018437102,32005.940854492557,1.237665447673311
221,0.416289592760181,0.1857282793973809,41152.46170499152,1.3118730005643016
221,0.46153846153846156,0.31235922069070093,67347.81721872176,1.554907096714395
221,0.4072398190045249,0.1630117780725974,34698.0116462673,1.2586506761561214
221,0.416289592760181,0.1791496629709875,37958.447274070844,1.2858315018843267
221,0.4253393665158371,0.19330644126984148,41624.82766904846,1.3185199675814216
221,0.4117647058823529,0.17326565997404794,38161.38273941394,1.2863622117935605
221,0.3936651583710407,0.11771218203540089,25720.24498201869,1.186371059580347
221,0.3936651583710407,0.11906476606486864,26922.251790559058,1.1960056020881105
221,0.40271493212669685,0.14564857257267336,31626.510593986975,1.232775498490158
221,0.4253393665158371,0.21678713653653434,47153.77483532812,1.3633695444130924
221,0.4253393665158371,0.21376665379395435,47214.64331454019,1.3621689113650155
221,0.3755656108597285,0.07085078143017848,15527.8411994049,1.1103888198753145
221,0.45248868778280543,0.2977036325935043,64312.63803044682,1.5174532791881925
221,0.47058823529411764,0.3354330373718251,71845.99510011412,1.5963784875241416
221,0.4253393665158371,0.20697029065271863,44793.94636182267,1.3436298259930453
221,0.42081447963800905,0.19972162365331705,42798.94776290987,1.3241504417260335
221,0.38461538461538464,0.09771559766920007,19444.240355208083,1.139838418798691
221,0.35294117647058826,-0.004017452900922539,-682.979969431738,0.9953673135484526
221,0.4253393665158371,0.213932217781061,46172.104413850335,1.3545087859938285
221,0.38009049773755654,0.07852566619001998,18319.062806323207,1.1313769028120324
221,0.4117647058823529,0.1787247978911988,39967.40558904331,1.3028619871184046
221,0.3755656108597285,0.06081599568995476,11137.677542216239,1.078613322420448
221,0.4434389140271493,0.27170267099932544,60545.12315244676,1.4850395076289433
221,0.4253393665158371,0.21641711509820985,47138.28129485046,1.3625803281705395
221,0.3755656108597285,0.06848172436288602,15221.684995174097,1.108249391500898
221,0.39819004524886875,0.13749299122466302,29536.84238020365,1.2179562894541922
221,0.4117647058823529,0.16808733327588646,37632.34277055635,1.2834268550707806
221,0.416289592760181,0.18589369154254906,40115.16793319745,1.3038733446848898
221,0.4298642533936652,0.22034517150186433,48526.18964823852,1.373767495195353
221,0.40271493212669685,0.14497118791942862,32371.448932685576,1.238314908755349
221,0.4253393665158371,0.20956985687797414,43556.26662876656,1.3315152320207764
221,0.42081447963800905,0.19863074678560588,43843.53654453926,1.3344756400966293
221,0.47058823529411764,0.3427244790893598,74696.19443220025,1.6203067280730485
221,0.42081447963800905,0.19591980495945494,42287.398605631606,1.3243412329920194
221,0.37104072398190047,0.051025531169194754,11522.922791267727,1.081268328901023
221,0.4434389140271493,0.26179186406245425,56963.93878223456,1.4557227647206858
221,0.3936651583710407,0.12103922611901674,26772.59346062608,1.1956218771329392
221,0.39819004524886875,0.11723913697088023,23757.816200332556,1.1724090955464601
221,0.37104072398190047,0.04321527865388149,9605.510564872635,1.0673349073201854
221,0.4072398190045249,0.15046040899235769,31527.454498995383,1.2346509173397817
221,0.4434389140271493,0.26557113223459106,58180.85500542975,1.4659629730420118
221,0.4343891402714932,0.24404657548357378,52662.0440826961,1.4124630343104767
221,0.3936651583710407,0.1166507263742306,24390.97768695115,1.1759246404557033
221,0.3936651583710407,0.12030069967039926,25137.0415397639,1.1820054373869486
221,0.4479638009049774,0.27950498002413654,61782.0908870425,1.4961042836332208
221,0.3393665158371041,-0.04624465540518186,-10548.888911134376,0.9294740453710002
221,0.416289592760181,0.1886205415388244,42997.47509651115,1.327820422465651
221,0.4117647058823529,0.1764395076875604,37983.0185497601,1.2850434413524392
221,0.38461538461538464,0.09078480019061384,18339.651370605654,1.1301866244553935
221,0.4343891402714932,0.2302196736495526,48885.377308719886,1.380064848612184
221,0.45248868778280543,0.2902977956124399,62262.717890457076,1.4993693449603873
221,0.4117647058823529,0.15395613525073443,33404.30432605359,1.2517721555153962
221,0.416289592760181,0.1863043896606845,40037.78599789334,1.301313513158311
221,0.3936651583710407,0.11877488968288537,24632.09823106475,1.1781164022831156
221,0.4434389140271493,0.2665188545777717,58204.699047606904,1.4608159184862402
221,0.42081447963800905,0.18495497036699443,39520.3298579376,1.2991521696272457
221,0.3665158371040724,0.031185776286919892,7581.776541231685,1.052900594267935
221,0.40271493212669685,0.14787985023552275,32419.607389336205,1.2404614618230567
221,0.3936651583710407,0.1179217717845156,25241.17162705908,1.184649334355697
221,0.40271493212669685,0.14546867374474357,31064.216464974463,1.227537592456557
221,0.4253393665158371,0.2134244342117056,45381.84980356087,1.3477965070386497
221,0.4343891402714932,0.24931847114530986,54892.44805021754,1.4324235190326084
221,0.43891402714932126,0.25535843805882114,55948.730615958295,1.440920175933808
221,0.3936651583710407,0.11446706847523841,24679.20678096604,1.1793487236945686
221,0.4298642533936652,0.22246992256969536,47713.853975765014,1.366151750346969
221,0.4117647058823529,0.16871413963003362,36558.129768393075,1.274214368537869
221,0.3755656108597285,0.06176675774183452,13169.982691674817,1.0926285242545963
221,0.3936651583710407,0.10908211914892144,23583.824662189796,1.1709197213363582
221,0.3755656108597285,0.06355872254512973,14409.057329552628,1.1023413358586476
221,0.416289592760181,0.18716635950793375,40805.6963911478,1.30780428088731
221,0.39819004524886875,0.13077601204678174,28305.94831893922,1.2076825124942934
221,0.42081447963800905,0.18715864081142805,40683.072383229126,1.3103526856298087
221,0.47058823529411764,0.3479509040488596,75496.69699384774,1.6265581249468097
221,0.36199095022624433,0.025275150395707432,5502.023897186745,1.037981430199629
221,0.3936651583710407,0.11743783873462026,24201.24284966096,1.1748091254455884
221,0.43891402714932126,0.2545976571241735,55712.05510923259,1.4372965223061547
221,0.4117647058823529,0.16765546701818276,37466.20590497128,1.2810893782155153
221,0.4343891402714932,0.23357389713921406,50840.436905646995,1.3957182874182292
221,0.3665158371040724,0.038477039977307385,8318.444791263384,1.0579628262330754
221,0.3891402714932127,0.10442183410434332,23596.730925849715,1.1701856258923584
221,0.42081447963800905,0.1906613115374418,41271.177451773416,1.313387781593447
221,0.39819004524886875,0.12566452892765512,26439.337428268784,1.1932778213809878
221,0.4343891402714932,0.24071347971191576,52022.2730112463,1.4050277194596072
221,0.39819004524886875,0.13072106366501124,30466.310451081998,1.2250103457044512
221,0.4660633484162896,0.3380980840814137,72452.0920309518,1.5979254812393797
221,0.4117647058823529,0.17252349701339026,36397.37225962123,1.2723150973028614
221,0.4298642533936652,0.22670883812604217,49142.94014497723,1.3786147711759953
221,0.45248868778280543,0.28828891765666015,60721.312786927985,1.4856499601654323
221,0.4117647058823529,0.17441175498774136,40319.10541707577,1.3032088373379522
221,0.37104072398190047,0.04991299257058475,11670.352429592176,1.0825704485104322
221,0.46153846153846156,0.308882995099419,65919.2288461808,1.5343404998376722
221,0.42081447963800905,0.1992282841516823,44640.42924112309,1.343443800423268
221,0.37104072398190047,0.047494516848890084,11932.731491807077,1.0842522441325797
221,0.40271493212669685,0.14312196916482356,31328.304275105336,1.2326338265049284
221,0.3936651583710407,0.11156147237435879,25087.582878588313,1.1846893856952323
221,0.45248868778280543,0.286325785250283,61313.818843240755,1.4912445006162247
221,0.42081447963800905,0.20461815860319588,45095.105810535395,1.3453337475487812
221,0.38461538461538464,0.08694420721597157,20337.026671842388,1.1463969864581653
221,0.4072398190045249,0.1597805439731146,33854.72159646901,1.2508012654455014
221,0.4434389140271493,0.2697096115624651,57243.44125189801,1.4533289392899158
221,0.4479638009049774,0.28175092361943566,59512.73540633423,1.4765630332435913
221,0.39819004524886875,0.1289369380735286,27226.835428661994,1.1987705616646664
221,0.4434389140271493,0.27739940661167095,58170.66340486066,1.4646434848110936
221,0.4253393665158371,0.21259315087074648,45077.610211147345,1.3440930232523949
221,0.40271493212669685,0.15357031669490032,35383.15402847102,1.2660680322518676
221,0.38461538461538464,0.09306334465957884,20233.256439496094,1.1449430151469524
221,0.3891402714932127,0.10914165839605394,23558.43929831809,1.1710266291793445
221,0.42081447963800905,0.1921261340413571,40978.072795053566,1.309984328331393
221,0.416289592760181,0.17953805375688728,38316.79147225435,1.28865909622223
221,0.3891402714932127,0.10910125479847672,23073.196857615923,1.1677638322948312
221,0.4434389140271493,0.27229844574441076,56898.53707353959,1.4499987486139656
221,0.42081447963800905,0.20310086962348578,43614.131397457095,1.3331799049921207
221,0.3438914027149321,-0.02270379234674744,-4300.144747473467,0.9708064033650142
221,0.3438914027149321,-0.044883382437097094,-8424.455643344103,0.9431642973029056
221,0.416289592760181,0.1866965690132548,38976.064021272934,1.294804504317111
221,0.3665158371040724,0.04023217373258328,10040.266629846079,1.0704080373454998
221,0.3755656108597285,0.05868922090295099,11948.981729273766,1.0840047202230825
221,0.4072398190045249,0.15079592505277062,33092.23460184061,1.2454122539013457
221,0.3936651583710407,0.11244955519828076,24857.693156070807,1.1805583286216896
221,0.4479638009049774,0.27236392725204395,59671.90765325968,1.4792896106967852
221,0.4660633484162896,0.3252986994830688,70235.94389735538,1.5822593328118335
221,0.46153846153846156,0.3246728813614108,70687.74589036993,1.5813916069784983
221,0.3936651583710407,0.12086966457461527,26390.41079857867,1.1920218505567028
221,0.3936651583710407,0.11754153079135098,25223.555838438977,1.1821755565718828
221,0.4117647058823529,0.17114372405514824,38243.64952199877,1.286321238309024
221,0.4343891402714932,0.2395097989334923,49843.040548596415,1.3851057713833792
221,0.42081447963800905,0.19396788125640216,41081.82715418613,1.312248947232111
221,0.3891402714932127,0.09969266247275069,21471.283417297607,1.155033711499576
221,0.3936651583710407,0.12061931249100581,24856.277163141374,1.1801659487032767
221,0.4751131221719457,0.36335512241081264,78262.17516600498,1.6576921566000948
221,0.4434389140271493,0.2625976878869964,56428.29886846001,1.4469604205408446
221,0.38461538461538464,0.09183750353347063,19721.072330502207,1.141074960969258
221,0.4479638009049774,0.2842502339284558,61852.0683062195,1.494229681181391
221,0.416289592760181,0.18217290984909462,40416.3101978707,1.3062334146342556
221,0.47058823529411764,0.34501699460675445,74433.04469296946,1.623118088924403
221,0.4072398190045249,0.15067943141609677,31811.645113043218,1.2346173344698337
221,0.4841628959276018,0.36631373733134986,77769.67436650959,1.6651293868894026
221,0.3755656108597285,0.04766091702950454,10395.410284008944,1.0732512470468936
221,0.4479638009049774,0.27465536574800703,57365.98395068562,1.4571749035777641
221,0.3936651583710407,0.11900987129962758,24437.456989613787,1.1769520347539129
221,0.3574660633484163,0.009588029606272488,1665.8164589210596,1.011402842722986
221,0.42081447963800905,0.19141737190165403,41079.48001679922,1.3108980310707996
221,0.4751131221719457,0.3582319637120302,78617.7169512541,1.6612104056256156
221,0.39819004524886875,0.1312821196815086,28122.58848212492,1.2055462435382212
221,0.38009049773755654,0.06730816420157801,12236.132133259345,1.0865837055516059
221,0.38461538461538464,0.08379704799435136,18401.772742355068,1.1318256828107187
221,0.38009049773755654,0.08004529790341088,18165.59986983903,1.1300932010037426
221,0.36199095022624433,0.028831612814865574,5702.046256692058,1.0397084034206727
221,0.3755656108597285,0.05687866760534288,13638.932522315914,1.0972860484112714
221,0.4117647058823529,0.17203776492399558,38346.169505780796,1.2913853892475269
221,0.3574660633484163,0.010506444111695143,3097.3925807442247,1.0213019943830788
221,0.39819004524886875,0.12483173150645079,26209.540703754938,1.1927810341714769
221,0.4298642533936652,0.2248026679925152,49682.90980119398,1.387223928316676
221,0.43891402714932126,0.25447579523404984,56171.78356909777,1.4409714868249228
221,0.4117647058823529,0.17035331218731467,37857.32739777188,1.283165262834436
221,0.42081447963800905,0.19500351545504238,43427.71788149347,1.3324881232875037
221,0.43891402714932126,0.2527308019839449,53228.176236000196,1.4164290362170917
221,0.416289592760181,0.17958780634065014,39293.841750358675,1.2952965313953262
221,0.5158371040723982,0.48460598219740664,105396.11952889938,1.9633923714366055
221,0.4298642533936652,0.2187016302589633,50316.63524673924,1.3928289697281986
221,0.3891402714932127,0.10591018665008303,23327.051784054842,1.1681691202290843
221,0.4434389140271493,0.26585196072026795,56960.4919460634,1.4545559694615857
221,0.46153846153846156,0.3288348275442295,72531.05262746688,1.6062089718329808
221,0.3891402714932127,0.10270948559056063,21678.464175115412,1.1561238858172382
221,0.40271493212669685,0.14822634342198127,33369.112245701814,1.2476031454085692
221,0.3936651583710407,0.11817067191429068,24287.718762172,1.1754663028038308
221,0.4479638009049774,0.28075939299727326,60484.15561321139,1.4813738487121797
221,0.3755656108597285,0.06521455876808112,15427.557980607342,1.1096257297197651
221,0.3936651583710407,0.10669216132525403,22148.03062363586,1.1608329665906347
221,0.42081447963800905,0.19982909598559515,42628.59440765327,1.325973858744547
221,0.4343891402714932,0.23905687278102453,50283.61538293807,1.3902433614035101
221,0.39819004524886875,0.12387795053682356,28385.522996233645,1.2085941417783932
221,0.3891402714932127,0.10096497592118847,22199.999726281814,1.1599106002527018
221,0.4117647058823529,0.17287730992164735,36963.83354617761,1.2763390077519228
221,0.4117647058823529,0.17599642769668708,37670.98168575088,1.2840406185000786
221,0.4434389140271493,0.27355531202816613,58656.00415329302,1.466137624797
221,0.34841628959276016,-0.023476522184020455,-3947.520028694962,0.9733182459374586
221,0.40271493212669685,0.14601963853662783,31314.729703103745,1.2302853903575086
221,0.4072398190045249,0.15033208545254348,32609.07600890791,1.2426817688611256
221,0.497737556561086,0.4339656426640304,93313.85418123816,1.8220245644938837
221,0.38009049773755654,0.07104801642867536,16288.124040612101,1.1160143486225085
221,0.3936651583710407,0.11730642648296585,26273.787310927135,1.1912927895255847
221,0.4253393665158371,0.20480039487085755,44378.74583603609,1.3389818089035013
221,0.42081447963800905,0.20262159485567516,44615.900359792,1.341915775968167
221,0.4253393665158371,0.21414840283357053,46276.546444028325,1.3543537632502944
221,0.40271493212669685,0.1378960964627704,30227.487826742487,1.2230685460471327
221,0.3936651583710407,0.11483505368496431,24551.474598590685,1.1778950924960474
221,0.3755656108597285,0.0647370288135873,13963.927371040827,1.0981363982517527
221,0.45248868778280543,0.29682546512105923,64743.499633798754,1.521902864929185
221,0.45701357466063347,0.2987359574405977,64038.25924272553,1.5163933689039033
221,0.3936651583710407,0.12129681623013458,26844.78709026024,1.1957029422549819
221,0.49321266968325794,0.41174784043515683,89448.63464723469,1.7831127495921817
221,0.39819004524886875,0.1251035384819789,28524.666431595288,1.2106557442951484
221,0.45248868778280543,0.2843539620405325,63163.228460862265,1.506696800496005
221,0.38009049773755654,0.07436350221552737,15533.868210303706,1.1096036344184255
221,0.4072398190045249,0.1522303664507069,33133.931192669545,1.2472762138971787
221,0.4117647058823529,0.16351157583419101,35160.46113839949,1.2619778224969576
221,0.40271493212669685,0.14611831636022374,30588.762367004114,1.224978827793789
221,0.4434389140271493,0.2602406056417107,55685.439605588545,1.4404017314812085
221,0.4253393665158371,0.2132695870840402,47182.38444453347,1.363509513291549
221,0.4072398190045249,0.16030625443308713,35632.93966019799,1.2662616952841
221,0.3891402714932127,0.09886923874481379,21672.827735504285,1.1564048807999538
221,0.38461538461538464,0.0946604748453215,21092.72355401354,1.151164887393461
221,0.4298642533936652,0.22757773774047624,47552.08782132258,1.3647403779597074
221,0.45701357466063347,0.3032455223337797,64367.23441677814,1.520468186105149
221,0.43891402714932126,0.25835682203603905,55561.63153412397,1.4410644685935203
221,0.334841628959276,-0.056208724511495486,-11759.183095593784,0.922223746828385
221,0.47058823529411764,0.3495758225068126,75284.72019723554,1.6256004689856844
221,0.416289592760181,0.1738557209893993,36315.06588417267,1.27139436912875
221,0.4072398190045249,0.1532310150064695,33158.85223502889,1.245638981596981
221,0.4117647058823529,0.16803722371647042,36530.79974047039,1.2750781804365368
221,0.4117647058823529,0.16827743107455048,37245.16532610071,1.2811956790949413
221,0.4072398190045249,0.1602055195994284,33307.28135768276,1.2462156578645034
221,0.39819004524886875,0.12389058126719452,27491.739065668466,1.2016784022871285
221,0.416289592760181,0.1866136435479789,39269.02337776053,1.2954593569156663
221,0.4072398190045249,0.1594254572841245,34277.76719959665,1.2543250795727876
221,0.3574660633484163,0.0022577704089001005,1131.5721032905162,1.00775766488976
221,0.36199095022624433,0.025821541571188045,5947.688648533424,1.041101560596896
221,0.4072398190045249,0.15985686319290424,37190.55432584934,1.2785710436399758
221,0.4072398190045249,0.16324929342977731,35669.14499828915,1.2666776145156653
221,0.40271493212669685,0.14610600851339764,31159.541835334177,1.23069795743331
221,0.40271493212669685,0.13786601810355487,29286.529993548607,1.2148497747865297
221,0.39819004524886875,0.13660715142578359,29208.94461805733,1.2141985326714129
221,0.3755656108597285,0.059376283662447564,13012.058190571734,1.0921187524690776
221,0.3891402714932127,0.10522818912475972,23690.782380317167,1.1709764464811028
221,0.38009049773755654,0.06699385929921593,14453.044578636285,1.103225914681451
221,0.37104072398190047,0.056342197090803174,12087.432524237185,1.0849704234004804
221,0.46153846153846156,0.31660641168587533,67813.6492053284,1.5590266159873074
221,0.3755656108597285,0.06463576242808602,14415.095913286244,1.1012040266115497
221,0.3936651583710407,0.12242118576018868,24568.66210077449,1.1775873329979267
221,0.37104072398190047,0.05120375214681056,11936.725008786414,1.083339593041366
221,0.4660633484162896,0.33487842090203773,73061.93860049278,1.6042793053269886
221,0.4298642533936652,0.22717050510984946,50387.40599742884,1.39005278921661
221,0.4117647058823529,0.16975380627317563,38178.14199790023,1.2886951498225057
221,0.4434389140271493,0.2583815428940437,56173.16238196533,1.4445327709381959
221,0.416289592760181,0.18839394302211915,40603.470074523546,1.3058962967928924
221,0.4479638009049774,0.2810744995670815,61122.478294804074,1.4898919288412107
221,0.42081447963800905,0.19402171479080796,40686.10246879131,1.3091925677135747
221,0.42081447963800905,0.20382005442037304,45207.727778032364,1.3461231758350256
221,0.4117647058823529,0.16955986994371,37058.315733962605,1.2800377305949546
221,0.42081447963800905,0.19881606170186272,44618.78519171735,1.341845453938579
221,0.38009049773755654,0.06333400371216069,13715.962662728603,1.0969646200251217
221,0.416289592760181,0.18117145015868738,40879.84304797869,1.311141496821423
221,0.39819004524886875,0.13277170968478855,29098.07114473799,1.2129253293904039
221,0.4298642533936652,0.22910664682521797,50029.88465298901,1.389842952196276
221,0.416289592760181,0.17656053032683686,37591.394308951516,1.2817282951985904
221,0.4117647058823529,0.1595926718565898,34743.661310346186,1.2618281085256478
221,0.38009049773755654,0.08307549225369046,17640.01487937701,1.1265696639215814
221,0.4298642533936652,0.2195499850085294,48206.20718442624,1.3756052161858003
221,0.4343891402714932,0.24438444563078834,52814.806814962474,1.4118986157338722
221,0.38009049773755654,0.08152109044759386,17442.015209896006,1.1242860372485945
221,0.3891402714932127,0.10506054606802356,22825.704059913485,1.1639945983091697
221,0.4434389140271493,0.2691273563303354,59095.56462523343,1.4675193694737245
221,0.3936651583710407,0.12325757355795132,27692.439803805755,1.2026735835722426
221,0.40271493212669685,0.1410795391177289,31297.107228005898,1.2322541620227396
221,0.37104072398190047,0.04397608593432056,8253.261903207953,1.0577856564068724
221,0.4117647058823529,0.15965173887866588,36236.40416500229,1.272689604061785
221,0.38461538461538464,0.09392901600130629,19640.199814579682,1.140837449473251
221,0.3665158371040724,0.04075163856657322,9204.047063715734,1.0642658739865738
221,0.4751131221719457,0.33880710747758547,73711.78587350043,1.6200214104786876
221,0.4479638009049774,0.2787644416125233,59779.441348613575,1.4784603358293098
221,0.38461538461538464,0.09291742630786218,21577.121312347546,1.155324595629575
221,0.47058823529411764,0.3463261356465805,72820.82170410242,1.6023914177358243
221,0.43891402714932126,0.25338936337926254,54968.504016281106,1.4317655170809804
221,0.35294117647058826,-0.0029622325354206006,-652.1490506662085,0.9955424621650417
221,0.4117647058823529,0.17414286723064348,37911.588658919056,1.2842764729265719
221,0.3393665158371041,-0.043034562834433104,-8640.15550796876,0.9420247125193567
221,0.4298642533936652,0.22631986319309477,48208.412198318016,1.3699372469192688
221,0.4434389140271493,0.2642708356334976,58817.17092118783,1.4684097557801197
221,0.45248868778280543,0.29507424002228694,62521.64304566913,1.5016669611505884
221,0.3891402714932127,0.10401050374509122,23997.78870123598,1.1738806998957625
221,0.38461538461538464,0.09289704322636114,18808.935715238447,1.1340156692451175
221,0.3891402714932127,0.10466399334856948,22922.914616999486,1.1658177588581555
221,0.4343891402714932,0.232174389209461,51509.69944295598,1.4026724593454167
221,0.3936651583710407,0.11903993485692821,25990.25649605845,1.189024176250964
221,0.3891402714932127,0.09333566556200572,19764.87479642087,1.1435388509093638
221,0.48868778280542985,0.3948624363743837,85985.8358742594,1.7478621665202354
221,0.3936651583710407,0.11241955751862327,22509.151552568102,1.1629066792498317
221,0.4253393665158371,0.21427417970657525,45023.90874212317,1.3436536102864804
221,0.3891402714932127,0.10521630198942336,21547.671247595445,1.1540279894255976
221,0.36199095022624433,0.020737261579125216,5705.055594240104,1.039546514965929
221,0.3755656108597285,0.06885580033526839,14006.292999799585,1.0992800905349855
221,0.4253393665158371,0.21278387140434118,46581.108307563205,1.3575570593067359
221,0.3665158371040724,0.03436332420655025,8178.751975877538,1.0571984909062195
221,0.37104072398190047,0.05304871846368439,13077.53131905752,1.0920911127447177
221,0.39819004524886875,0.11508326092678194,24654.83643937919,1.1806976321803284
221,0.4117647058823529,0.17254300784696475,37274.8452731868,1.2791224910041625
221,0.4298642533936652,0.22703084825792172,48255.062536421385,1.3718404911254454
221,0.3936651583710407,0.11577937105452045,24886.686583888615,1.1806220282508384
221,0.39819004524886875,0.12779661051614252,28801.525048376254,1.2101320240431435
221,0.42081447963800905,0.2010075006845916,42552.45831962264,1.3267238534306216
221,0.3755656108597285,0.06720179028330132,14578.48344210145,1.1029183921022567
221,0.4343891402714932,0.2416232217246179,51534.199744303536,1.4003532626681363
221,0.40271493212669685,0.14965260426269006,32295.589662131948,1.2390502866964441
221,0.4072398190045249,0.15690877477918044,35268.807656262914,1.2621416480831136
221,0.38009049773755654,0.07816064537974098,17503.629663162945,1.1243517082216534
221,0.42081447963800905,0.19991963534655346,41601.5740246153,1.3147067476545038
221,0.37104072398190047,0.04583862733361714,8938.214992310084,1.0623001138212251
221,0.4253393665158371,0.21291432238106806,44476.404583629184,1.3394062955325934
221,0.40271493212669685,0.14109284791753676,30557.66387444884,1.226427555416223
221,0.4343891402714932,0.23972172262867372,53113.51647051182,1.4157416560750022
221,0.37104072398190047,0.04263209793417588,8804.987223167089,1.061419119879957
221,0.42081447963800905,0.20787560005108024,43213.97626354692,1.332098508905454
221,0.4751131221719457,0.35687465132502033,75575.67149084911,1.6314208911931465
221,0.46153846153846156,0.3230701650469049,69330.01369869208,1.5678944254833849
221,0.46153846153846156,0.32346306738502806,68400.50548727124,1.557635593531435
221,0.45248868778280543,0.2976983047018097,64438.91937274454,1.519514012568216
221,0.3665158371040724,0.04514800325265305,11112.439470546262,1.0782170071829629
221,0.4298642533936652,0.2281343403240931,48747.91073980415,1.3760595250031145
221,0.42081447963800905,0.19808631440531368,43490.07212321847,1.3303503621603998
221,0.4479638009049774,0.28204797988482816,61416.08422678566,1.4919103298218572
221,0.37104072398190047,0.04305374561994994,10848.596688959493,1.0761443276721956
221,0.3665158371040724,0.04433271984298881,10404.938823255989,1.0731548956701988
221,0.4298642533936652,0.22900287234551403,49286.27492537658,1.3823931279570325
221,0.38461538461538464,0.08401591549506003,17451.11543114252,1.124307641989596
221,0.4479638009049774,0.2801251626997175,61235.18784254081,1.4880628894991077
221,0.42081447963800905,0.20061594312794967,44332.32430187288,1.3376422140135598
221,0.38009049773755654,0.08237387882304231,19195.080097979604,1.137365570081233
221,0.4117647058823529,0.1735277753731131,38564.86251978019,1.2893134624279738
221,0.4298642533936652,0.2320303583175221,48551.88608665382,1.3755147427511587
221,0.38461538461538464,0.09573767915751158,20596.96523947642,1.1483157291644892
221,0.4253393665158371,0.216698361962705,46529.10706510789,1.3568743876569596
221,0.4343891402714932,0.21983899913936586,46752.9245925197,1.3624116298712945
221,0.3212669683257919,-0.10674106995970904,-22237.003337255926,0.8552007759927707
221,0.4117647058823529,0.17901288393293063,38544.84098377655,1.2910015518004738
221,0.42081447963800905,0.20076644202853483,44039.885811290595,1.3344174326040439
221,0.4117647058823529,0.17608066995509938,38565.7496406063,1.2897539731973413
221,0.42081447963800905,0.20047676988397325,42577.338587037084,1.3235447160880647
221,0.4117647058823529,0.1719601985488527,38414.87713757768,1.2884168984152902
221,0.40271493212669685,0.13789583942515155,29580.07737153169,1.217457024219617
221,0.3936651583710407,0.10540838753794052,25198.26909511545,1.1841016554012465
221,0.49321266968325794,0.41070561111240755,89988.89839494166,1.7893093622233898
221,0.4796380090497738,0.37349645010852994,81437.42368335236,1.6990153696824555
221,0.42081447963800905,0.20040903473239416,43256.592938226626,1.3310991222792872
221,0.416289592760181,0.17924034799689675,38206.85546692144,1.2875121931319053
221,0.48868778280542985,0.3874133993317611,83687.71569908274,1.7182969385254092
221,0.3936651583710407,0.10388947846918882,23787.902596490683,1.1729393515636481
221,0.416289592760181,0.17976807308991358,38918.63298115235,1.294174346800536
221,0.3393665158371041,-0.05405293115014165,-10621.169424788346,0.9293335153484379
221,0.4117647058823529,0.17207410094852899,38216.23711408528,1.2862652904579512
221,0.416289592760181,0.17817930063724707,39520.26677241067,1.2986922503312184
221,0.4479638009049774,0.28058133690720727,60227.347040864144,1.4805140188419923
221,0.4343891402714932,0.23603268255828347,49392.31663855128,1.3822800967054776
221,0.4434389140271493,0.27182208946628234,59970.43219854897,1.4777919224609901
221,0.416289592760181,0.1853987914195224,38975.18711708393,1.2932455864005092
221,0.4796380090497738,0.37533535319724376,79652.78832926406,1.6705740777363964
221,0.4479638009049774,0.288065569292425,61481.55679456075,1.4956354805491952
221,0.45701357466063347,0.30811106948777,67340.23949605835,1.5499494533012392
221,0.42081447963800905,0.18155586392470568,39486.38974643358,1.2989418246749755
221,0.4343891402714932,0.23887601591392552,52425.02542315286,1.408235665952085
221,0.38461538461538464,0.09286249701929955,20187.32575641008,1.144113647930891
221,0.3936651583710407,0.11835944299783958,24437.81040923832,1.1767021175969161
221,0.334841628959276,-0.057176458693033325,-12680.23480266313,0.9155143229970677
221,0.45701357466063347,0.2927633070961166,60175.14445410084,1.484572994520524
221,0.38461538461538464,0.0908123652453763,18749.711056836128,1.1341272850517874
221,0.3665158371040724,0.037195997990214176,8741.936125816303,1.0605969852317676
221,0.4253393665158371,0.21037591255419372,46983.85094292466,1.3604227829306768
221,0.3755656108597285,0.05668900290028163,12438.539146176703,1.087694933712146
221,0.4298642533936652,0.22620420740345987,48096.75495104163,1.3701711990281455
221,0.40271493212669685,0.14744526471451722,31117.820966093375,1.231425519061736
221,0.2986425339366516,-0.1659070286073724,-36376.98758044421,0.7719488032923184
221,0.4117647058823529,0.17290700109798338,39011.440323429604,1.291457925224798
221,0.4343891402714932,0.23991873517672918,52221.86532580097,1.4049538465907072
221,0.3936651583710407,0.12400384030918,28375.178463822187,1.209154831412113
221,0.38009049773755654,0.07302102009599604,15092.419330471055,1.10725386251813
221,0.3393665158371041,-0.042842389358022065,-9613.550007564125,0.9360425546940438
221,0.4117647058823529,0.1736729770909849,38364.00485844483,1.2873898343854393
221,0.45248868778280543,0.28941953169163515,62437.70609478889,1.50315219948901
221,0.42081447963800905,0.2015150530142918,43632.41581976086,1.3336211533908016
221,0.3665158371040724,0.036765408404197425,7278.23171571121,1.0508979778298493
221,0.4660633484162896,0.3379018486591725,73833.71089281738,1.6152367192471415
221,0.38461538461538464,0.0926996198232516,21033.990173604034,1.1508819428833315
221,0.42081447963800905,0.2005139022641869,42644.373734042674,1.3251303238694891
221,0.42081447963800905,0.19719521241155286,42642.89189727029,1.3258740351717588
221,0.3891402714932127,0.1107534312372106,24675.475123374745,1.1792773482249872
221,0.38461538461538464,0.08363313329953766,17175.27626227138,1.1222326090360206
221,0.4298642533936652,0.22288422207570494,46699.9402558693,1.3596035717713133
221,0.40271493212669685,0.1365259779473742,29869.637296916917,1.2211280463398397
221,0.42081447963800905,0.1888076541396381,42859.68861164928,1.3282519258083116
221,0.3665158371040724,0.036118047261992824,8999.274086435355,1.0624197791630319
221,0.45701357466063347,0.30947254528625573,65784.31198163064,1.5356013340935866
221,0.37104072398190047,0.04264383795237404,9763.516343552012,1.0683452518806031
221,0.39819004524886875,0.13234672169477502,27732.65357734194,1.2024472097040906
221,0.46153846153846156,0.32194892794005975,67768.02995159774,1.5520248211732575
221,0.416289592760181,0.18841554445040873,42483.48098049483,1.3218349301981984
221,0.4343891402714932,0.24254630498653695,51508.89806434247,1.400287522826978
221,0.45701357466063347,0.29713572245790726,64960.71843908754,1.5287071430714378
221,0.39819004524886875,0.1339337007270604,28382.533075957843,1.2086791955105656
221,0.3891402714932127,0.10375316606059645,23056.496230580302,1.1659700710577081
221,0.43891402714932126,0.24099657294893628,52421.351909119214,1.4116210511594058
221,0.42081447963800905,0.1929400283817545,40885.879492976004,1.309893273584606
221,0.3891402714932127,0.10481435305484872,22189.434822481446,1.1593299857850239
221,0.38009049773755654,0.07071001543819491,14468.777648077852,1.103120074341369
221,0.43891402714932126,0.25068463110066996,53859.29027649531,1.4218700786364744
221,0.3891402714932127,0.10874307378354595,23564.14867849947,1.170873553044918
221,0.4660633484162896,0.3205797257601787,69249.51860291022,1.571885794215322
221,0.4117647058823529,0.17114027608832827,37259.51302604799,1.2791994311549508
221,0.3936651583710407,0.1138129990059991,24073.195681442834,1.1746278747802712
221,0.4751131221719457,0.36273737913171455,77925.07673407081,1.6492911020866183
221,0.4479638009049774,0.28012162851165195,59513.33514724106,1.4720831493305002
221,0.4298642533936652,0.21967731773750643,47780.6136923326,1.3669263536717509
221,0.4841628959276018,0.3984987177610026,86082.82482726246,1.7430246101770122
221,0.45701357466063347,0.3006145808958033,64883.57789511897,1.5240297084767016
221,0.43891402714932126,0.2535942587050832,53067.071711313896,1.412572698286335
221,0.38461538461538464,0.09080141092663957,20940.769069873906,1.150245746429512
221,0.4072398190045249,0.16082795957173104,35543.55385816293,1.265845050434598
221,0.4298642533936652,0.21928359555904503,48532.33539887255,1.3746545972069864
221,0.4298642533936652,0.229503851166049,51730.7769024496,1.4027827138059283
221,0.3891402714932127,0.09600473074325244,21111.677640347778,1.151497765730923
221,0.45248868778280543,0.29520050923753033,64032.10988969976,1.5148276927802207
221,0.37104072398190047,0.055643107584786765,12163.061830950483,1.0857439083867355
221,0.43891402714932126,0.2448151560119492,52970.620007582984,1.4125751503038495
221,0.3891402714932127,0.10798710345338385,22854.122781307444,1.1655012966915494
221,0.4298642533936652,0.2276428340840152,47239.1950507756,1.3619817350757841
221,0.4253393665158371,0.21300649282466042,47910.47088436393,1.3685447209601578
221,0.42081447963800905,0.19864884953149628,42989.220638933155,1.3254442579722536
221,0.4072398190045249,0.1522883610370053,31477.35947911483,1.2324749525011771
221,0.3665158371040724,0.03196196719501344,6745.671307312215,1.0467576221208954
221,0.42081447963800905,0.20038277910034324,44541.71124672526,1.3401826838642887
221,0.4117647058823529,0.1646824259256666,36102.09521056347,1.2719041777671367
221,0.38009049773755654,0.08229655728017214,18933.787139441883,1.1358042075622483
221,0.4072398190045249,0.1456772004158622,31960.12228072942,1.2383073694786857
221,0.4479638009049774,0.28097670821101084,59788.477950261076,1.4771468421068459
221,0.4298642533936652,0.22466357669442624,47369.49844859323,1.3663117487468794
221,0.45701357466063347,0.3082028894586894,65471.6112661222,1.5327924181034145
221,0.4253393665158371,0.21649069048407138,48769.511022256775,1.3778780066294598
221,0.4660633484162896,0.3335508480027758,70945.88945192739,1.5819993727794823
221,0.4343891402714932,0.24063570865907571,52913.565103150366,1.4105653080694946
221,0.4072398190045249,0.15471704910888837,32962.76546842155,1.243890361516271
221,0.45248868778280543,0.2937496369444022,64014.978827355,1.5151515010341767
221,0.4298642533936652,0.23113226029501077,51281.58162427365,1.4011215052333275
221,0.42081447963800905,0.2065889657671727,44664.98203349172,1.3434029075222997
221,0.43891402714932126,0.25814773206823466,56021.219296601485,1.4422870304935282
221,0.45701357466063347,0.3076091527575329,66323.53750152532,1.536450845120146
221,0.4117647058823529,0.1700323334893003,38144.34947440138,1.2859679973460856
221,0.416289592760181,0.1832991286794041,41844.950409217454,1.3176318519527404
221,0.4117647058823529,0.16381294791113798,33938.27419924895,1.2525479600113858
221,0.4479638009049774,0.2841795852890944,61987.53231128434,1.4974656910101176
221,0.4253393665158371,0.21068123135382633,47166.58654905738,1.3624799292766245
221,0.38009049773755654,0.07799847352305683,16751.35453291181,1.1193002001671128
221,0.4117647058823529,0.16094160256038104,34119.739924852205,1.25580186842543
221,0.40271493212669685,0.14577654838351456,32837.79121556488,1.2444110505723784
221,0.4253393665158371,0.2193174260234898,45797.26855447967,1.3516196191863252
221,0.4660633484162896,0.33520944783791884,70952.8291349563,1.584583225921855
221,0.31221719457013575,-0.12518562972637237,-27714.967578807235,0.8232556560623594
221,0.416289592760181,0.18604940314341756,39478.31408420825,1.2969165282901736
221,0.34841628959276016,-0.0161949789698906,-3246.6216318016795,0.9781186804110471
221,0.38009049773755654,0.08126025663462871,17413.640223671275,1.123950174790299
221,0.36199095022624433,0.02178195629568608,4290.4744810178,1.0297464192256607
221,0.4072398190045249,0.15920409437869487,34033.762776254836,1.2533864821018292
221,0.42081447963800905,0.19305750340692746,41446.432184255,1.3139451923874228
221,0.4841628959276018,0.3933676191355124,84846.5333337995,1.7251889796321034
221,0.39819004524886875,0.1279745069896357,28799.43357913243,1.2120720337372437
221,0.45248868778280543,0.28730209479044605,60974.127257132575,1.4914333570221805
221,0.4796380090497738,0.3793977501470298,80568.99547259783,1.6851910422916885
221,0.40271493212669685,0.1450646588890808,30597.38068017056,1.2242574143268419
221,0.39819004524886875,0.13556556561846156,27699.70533481326,1.2024894206012644
221,0.3755656108597285,0.05574435210835487,12128.250041494277,1.0851721487454224
221,0.34841628959276016,-0.025702247845461126,-3669.2909799174795,0.9751586765378367
221,0.38461538461538464,0.08971099230160759,19664.179794305714,1.1419645235044122
221,0.4660633484162896,0.33507493325434073,72759.47356987125,1.5988316081416136
221,0.4117647058823529,0.1639884147981837,34680.57388381651,1.258363225540165
221,0.47058823529411764,0.34567002545339454,75587.41926012193,1.6350318864096731
221,0.43891402714932126,0.2387212502669482,52402.46467481856,1.4130433707348926
221,0.37104072398190047,0.053674141763232805,11226.489121515639,1.0789478051349004
221,0.497737556561086,0.42292880014991713,92415.71403827587,1.8101679352136508
221,0.4117647058823529,0.17315055096034734,38376.73956835193,1.2873444150966704
221,0.45701357466063347,0.3092970354118709,67011.73158529567,1.544732805724911
221,0.38009049773755654,0.08149494471853631,18899.012929230652,1.1356743322930831
221,0.4117647058823529,0.17470478286562177,38741.72955859445,1.2913712131189383
221,0.39819004524886875,0.116840971503297,24939.22645235596,1.1827638574561752
221,0.40271493212669685,0.1502266319580965,32064.91700172779,1.2369540592946835
221,0.416289592760181,0.1836175824952333,39673.21178512029,1.300613451656139
221,0.39819004524886875,0.129476699458235,30306.59436510711,1.2244909828194106
221,0.4117647058823529,0.15547905023127623,33854.51736526487,1.2531227455810534
221,0.40271493212669685,0.13517339650680907,27371.53225620165,1.203196059102021
221,0.416289592760181,0.18613606075906533,40466.61328790474,1.304755992677554
221,0.39819004524886875,0.12355288626246477,27305.400316373198,1.1992831017531635
221,0.4298642533936652,0.23023891978300284,50717.84232416272,1.395817361630449
221,0.40271493212669685,0.15043046213637057,32005.580851740284,1.2365690277094246
221,0.47058823529411764,0.3498197850871055,74377.83740775779,1.6180195645961588
221,0.45701357466063347,0.3071718649392796,67355.68466946147,1.5486720739708035
221,0.4298642533936652,0.22039484000468362,45795.98779117427,1.3510832121001581
221,0.39819004524886875,0.1330414910141641,28452.69164607705,1.2099361565389901
221,0.37104072398190047,0.05260237018479214,10755.551219901417,1.0751790311679352
221,0.3936651583710407,0.1182318003433104,26474.922773318467,1.191791472809993
221,0.4072398190045249,0.1583927713610742,34801.00761083953,1.2584338713126824
221,0.4117647058823529,0.17546598485458964,38548.17517581726,1.2894772963291246
221,0.42081447963800905,0.2006519882193235,46000.109966859905,1.3531331516305585
221,0.43891402714932126,0.2527260424602776,55897.85974697082,1.440004282101116
221,0.43891402714932126,0.2576674450578108,54796.80205850882,1.4316473117166078
221,0.39819004524886875,0.1337332919339747,28897.15252693464,1.2123305590830264
221,0.43891402714932126,0.25397144704492775,55462.93240593541,1.4355936256471733
221,0.38009049773755654,0.07966859775070602,17939.981784247873,1.1277312637036516
221,0.3665158371040724,0.038582343381646914,9153.853997454149,1.0642555568980117
221,0.4660633484162896,0.33522176683417604,72350.7543407253,1.5959772802844014
221,0.40271493212669685,0.14603677134552842,30065.842969308407,1.2208276238603075
221,0.3257918552036199,-0.08981729968449416,-20042.096901719728,0.8699571452847689
221,0.42081447963800905,0.20092454336580082,43183.516283046854,1.3284974511629783
221,0.45248868778280543,0.2948128366200597,62431.89333877481,1.5024360148239413
221,0.38009049773755654,0.08090579436616434,17356.36750250041,1.1240781900594246
221,0.4298642533936652,0.23491862243139122,48828.06914374641,1.3813039316242042
221,0.3936651583710407,0.11886103757605766,26275.7406622244,1.1919040047868978
221,0.42081447963800905,0.19637716924440404,44959.176130059335,1.3441571408411914
221,0.38461538461538464,0.10073200818017337,21750.671127240505,1.1573713105786647
221,0.3936651583710407,0.11273695971109474,24232.018314150126,1.1775262484555542
221,0.3574660633484163,0.018309605939720724,3969.0712925817,1.027526280986081
221,0.3936651583710407,0.11850753809793488,27398.576687496497,1.1998929021938842
221,0.38009049773755654,0.0736167190191539,14846.978320391478,1.1049582609882447
221,0.45248868778280543,0.28973366825116,61845.46322412485,1.495281408635683
221,0.45248868778280543,0.3026536326652136,65090.82916380482,1.5286896397124379
221,0.3755656108597285,0.0639187055881432,15110.689495286888,1.1063770796948904
221,0.45248868778280543,0.29471673175459184,63918.56341341158,1.5134013296001705
221,0.45248868778280543,0.2948774278091317,64113.99779362605,1.5155645427376767
221,0.4072398190045249,0.15938706890795443,34881.670190536526,1.2604759815767135
221,0.4117647058823529,0.16521552197218467,37563.91152301483,1.2831499749487618
221,0.4796380090497738,0.3701359983555115,79763.47571474873,1.6783614178627242
221,0.38009049773755654,0.07910001761374186,16484.16535929095,1.1171833998728444
221,0.42081447963800905,0.1949113292645042,41933.736182472276,1.319052360606298
221,0.3755656108597285,0.06692196967019326,15057.07423136662,1.1066572286571434
221,0.3936651583710407,0.11311054833056408,24089.71431326156,1.1752499731701234
221,0.4117647058823529,0.17791373270428806,39318.701362868655,1.2977153191094764
221,0.42081447963800905,0.20200182128065153,43272.3131635192,1.3297786615534457
221,0.4117647058823529,0.17263863127320853,37128.03563579451,1.277517504583609
221,0.416289592760181,0.178942682330671,39742.41117867122,1.3027491894753722
221,0.38009049773755654,0.07805104937673818,17973.40840046794,1.1282174675874874
221,0.4253393665158371,0.21332941264461214,47259.62448057583,1.3641242169998946
221,0.3891402714932127,0.10882557078696074,25034.960463753137,1.182170933528557
221,0.416289592760181,0.19067603324429766,39920.0600436325,1.301687166106648
221,0.42081447963800905,0.2008174144340318,42332.031256870825,1.3205203435436252
221,0.4343891402714932,0.2399263068418904,51553.37535343366,1.4011395640401607
221,0.42081447963800905,0.19567353213709507,44826.3873145334,1.3466455364670458
221,0.4479638009049774,0.2863041710053796,60905.22699279621,1.487916051812567
221,0.42081447963800905,0.1971421736603669,42596.54889807325,1.3228516193910238
221,0.45248868778280543,0.2942029212844965,62228.72531103487,1.4994098880406435
221,0.38009049773755654,0.06194213955874156,13504.893385497546,1.095755668395473
221,0.40271493212669685,0.14574960972999892,32317.687645182887,1.2395239094851387
221,0.40271493212669685,0.14961564208890074,31089.055838575463,1.228908453771188
221,0.3755656108597285,0.05699303895048594,12084.080404403267,1.0858321632013903
221,0.4479638009049774,0.2693121798398468,56611.92959059093,1.451763499265854
221,0.4343891402714932,0.24333940032987517,50311.68666165531,1.3913234703961543
221,0.4434389140271493,0.26966822995454076,58334.36109272349,1.4661014821804508
221,0.4479638009049774,0.28514940187617466,60692.23639793674,1.4849224943218091
221,0.4298642533936652,0.22582868633935269,48618.19716696486,1.3765943895965242
221,0.4253393665158371,0.20670877243732524,43348.91650720864,1.3312492393731128
221,0.4253393665158371,0.21267473302876086,45845.03121203667,1.3501161258007843
221,0.416289592760181,0.18635023391580396,40739.3901888995,1.3079543956645854
221,0.38009049773755654,0.06747277492117813,16907.357184247423,1.1207934780543265
221,0.3936651583710407,0.10378254537424206,20916.886778191387,1.1513193190185738
221,0.38009049773755654,0.07221117096511716,14895.741770555178,1.1052731144079093
221,0.416289592760181,0.1869503217350757,41094.74267272644,1.3125377773623543
221,0.4343891402714932,0.2408575106310017,51524.900016460466,1.400741945123707
221,0.43891402714932126,0.25027927878939077,55319.463643871335,1.4345392117123617
221,0.39819004524886875,0.12935860710857203,27759.96836121706,1.2024459399216019
221,0.36199095022624433,0.023309435710734766,5120.071940090324,1.0352153588055588
221,0.3891402714932127,0.11177029219277036,23504.357727128052,1.1710743887190036
221,0.416289592760181,0.1690730928169361,37209.292393717114,1.2811966855202657
221,0.38461538461538464,0.09795129433396517,20567.546285537916,1.1481536834473876
221,0.3891402714932127,0.10495880709113319,20297.615228467832,1.145586723513442
221,0.3393665158371041,-0.03886612692928867,-8162.979648059242,0.9451595653954796
221,0.3891402714932127,0.10463105725738718,23327.04885514312,1.168263446014438
221,0.4479638009049774,0.2818643288601287,60118.43073813009,1.4796519446789747
221,0.4479638009049774,0.28447464859929766,62880.51502058492,1.5075749021935865
221,0.45701357466063347,0.30386343479637545,65096.36099663192,1.5283604947073348
221,0.3665158371040724,0.03780079144728715,8206.227267344668,1.056816593757619
221,0.4298642533936652,0.22819045275653152,48778.27902049906,1.3768541676668709
221,0.4253393665158371,0.19900948897084364,43092.04960043933,1.3312170720459284
221,0.4253393665158371,0.21706812120705973,50050.122386998235,1.388582265432666
221,0.40271493212669685,0.1418850529371867,29922.29402458806,1.221074340877838
221,0.40271493212669685,0.14709937699106249,30353.387830218093,1.2229331942654735
221,0.37104072398190047,0.05531878343184272,10401.627769914532,1.0728489676435045
221,0.4343891402714932,0.23261829634112682,50297.69744159703,1.3923422117765885
221,0.334841628959276,-0.06656576534199098,-14897.631952809212,0.9013159729135309
221,0.38009049773755654,0.07751024079687491,17206.455707511184,1.1221865867188425
221,0.4343891402714932,0.23798724228230655,52533.69971764288,1.4096708882124906
221,0.47058823529411764,0.3497842601425543,74913.36876297137,1.623136270194185
221,0.3891402714932127,0.10331591044708484,21959.137071972986,1.1579046467874905
221,0.4253393665158371,0.2057929537844746,44909.83218076646,1.3428226628152435
221,0.3393665158371041,-0.04490323809653328,-9110.292050589906,0.939227797431008
221,0.4117647058823529,0.16273946925478144,34873.51942991465,1.2606693848491242
221,0.4660633484162896,0.33487376456637147,74202.42405829753,1.6174998592201768
221,0.3665158371040724,0.028831678381371594,6948.005363791271,1.0482905681415522
221,0.3755656108597285,0.05804614932073048,11540.628249508667,1.0813081106693248
221,0.34841628959276016,-0.023165180020170997,-2422.8434592646036,0.9834161071524267
221,0.4072398190045249,0.16371110556561494,34154.60377763427,1.253863579303553
221,0.42081447963800905,0.1914293498576197,41339.07017277231,1.3142399180938569
221,0.39819004524886875,0.12571979757186025,26040.905639249442,1.1912668830129738
221,0.4253393665158371,0.21439408946550825,46057.81078483483,1.353192225032086
221,0.3891402714932127,0.10322977116221223,22267.412616930225,1.1603096175338001
221,0.34841628959276016,-0.013377020174629136,-2737.7720091440124,0.9813826172925555
221,0.45701357466063347,0.30969331437770187,68451.65128463841,1.5571260495505677
221,0.4343891402714932,0.24092024056211928,51589.28758719543,1.4053847519980571
221,0.3755656108597285,0.064211682147193,13156.44829981517,1.0924383098562955
221,0.4343891402714932,0.2335023228505431,49899.097661225285,1.3862508837688883
221,0.3755656108597285,0.06335172168924291,13173.501864805728,1.0927530837222617
221,0.3936651583710407,0.10755370687245586,21932.824581249475,1.1589800720039403
221,0.4343891402714932,0.24049579690206535,52194.60837499566,1.4049165680377216
221,0.4072398190045249,0.15707583312920076,33856.47169864248,1.2530009895056622
221,0.4751131221719457,0.3583391313289773,76572.74556595273,1.6403599818105465
221,0.416289592760181,0.18695949108644036,40462.390198131616,1.3045136357945573
221,0.40271493212669685,0.14614157281704515,30542.69150246384,1.2233091462066876
221,0.4479638009049774,0.2747696288201119,58629.16356439558,1.4658963345256861
221,0.43891402714932126,0.2470808028278211,51491.71083338033,1.4054691116112494
221,0.45248868778280543,0.29384301077714675,62647.0414777453,1.5083665032107305
221,0.3574660633484163,0.01417410743638707,3079.262228636455,1.021147299843912
221,0.3665158371040724,0.036587876723171785,9237.708973822402,1.064353786290799
221,0.4253393665158371,0.21320817214171464,46055.40206825428,1.353005500267855
221,0.4343891402714932,0.24008027501268753,53059.61855326619,1.4130806330720067
221,0.4434389140271493,0.25988351102184837,56911.43216603839,1.4514378712204978
221,0.4117647058823529,0.16592161616430162,34914.779495216215,1.2592143019784812
221,0.40271493212669685,0.13603360344525653,30967.27342559531,1.228580079355303
221,0.3936651583710407,0.12243573685245931,25799.204723420768,1.1881827926210418
221,0.4117647058823529,0.1723270761132823,37926.6055743737,1.2836496312203935
221,0.416289592760181,0.18032530056444188,39046.43458576538,1.294335076582435
221,0.3891402714932127,0.1056538648431809,23791.494554924386,1.1717145487478278
221,0.4117647058823529,0.17490819392063092,36978.914992214646,1.276504908041287
221,0.46153846153846156,0.32513692416161954,69910.36767082855,1.5737469463820102
221,0.42081447963800905,0.19013016311518743,41441.591312320306,1.318598136893876
221,0.3936651583710407,0.11867995663096947,26480.858279129716,1.1930441864643226
221,0.4298642533936652,0.23159447507839206,49027.85679616888,1.3824845249443307
221,0.416289592760181,0.1787485885265809,39659.543471233344,1.2994105071133926
221,0.38461538461538464,0.09007894860311223,21241.115963820823,1.1521693866109872
221,0.416289592760181,0.19098240657805665,42910.28343661585,1.3288146046157527
221,0.46153846153846156,0.32303680825286185,69521.85741914724,1.5684407361781465
221,0.3936651583710407,0.11915437835461606,24889.782365321887,1.1823751387005033
221,0.416289592760181,0.18707876139686247,39585.849199119475,1.2987063450297478
221,0.37104072398190047,0.05199145191453383,11377.443453409185,1.0797048165242291
221,0.3891402714932127,0.09939508214240471,21718.14147370956,1.1564478213733131
221,0.4343891402714932,0.2430586067085562,51912.38403112967,1.4052221858370961
221,0.4253393665158371,0.21386738939633732,46049.123414966816,1.3531504045552312
221,0.40271493212669685,0.14570630515050964,30981.335397943305,1.2305971112643979
221,0.40271493212669685,0.14775135979775222,32923.379908314164,1.2438430633334243
221,0.416289592760181,0.18552817392707657,39989.44338847912,1.3027181829924963
221,0.37104072398190047,0.04335343028739092,8241.08326418539,1.057349440333376
221,0.4434389140271493,0.2645351129107755,56878.918609066735,1.4503031798867645
221,0.45248868778280543,0.2946843781498433,63765.57301201452,1.5137607009309137
221,0.38461538461538464,0.09336514909528149,20969.906497103882,1.152160356558768
221,0.40271493212669685,0.13446532789114107,28826.962056915458,1.2120112575650674
221,0.40271493212669685,0.14690014127144702,31975.116081460408,1.2371503809032272
221,0.4117647058823529,0.17111819475075507,38110.35704570929,1.286937181001763
221,0.42081447963800905,0.2009120861831866,43940.381019945125,1.3347394545904925
221,0.4343891402714932,0.23999935774567063,52877.09922514078,1.410207383093874
221,0.416289592760181,0.18521598580852924,40805.12535818237,1.3103095957666413
221,0.3891402714932127,0.09643423997663282,21127.949826369993,1.1523620985930147
221,0.39819004524886875,0.1323970562278605,28630.8539032854,1.209265316516978
221,0.36199095022624433,0.017139673217800872,4419.931412663733,1.0305050958441448
221,0.4343891402714932,0.24185146085008524,51478.07721869157,1.399662731385806
221,0.4117647058823529,0.17005235760985615,35306.727884062784,1.2640566685532597
221,0.416289592760181,0.19090076994703162,42191.256729072324,1.3213379058351582
221,0.4298642533936652,0.2114764949270714,44892.658599790375,1.3459877906156072
221,0.4253393665158371,0.21642929781904072,47622.92520251349,1.3680991985981117
221,0.3574660633484163,0.0069229832985308794,2246.030248912739,1.0155477660232404
221,0.46153846153846156,0.3158896313377606,68326.03534236713,1.5597557794807948
221,0.38009049773755654,0.08228889822888183,17519.8848681027,1.125555208989189
221,0.40271493212669685,0.1476095487092126,32184.499191487277,1.23707222514249
221,0.46153846153846156,0.32565994955396554,71174.41015793085,1.584146022038137
221,0.43891402714932126,0.2541766195009079,53807.12812086454,1.4190377351382564
221,0.4298642533936652,0.23009451359218602,48357.6833103073,1.3733506324281992
221,0.4072398190045249,0.16614845672918913,35695.870197578115,1.267026008384166
221,0.3665158371040724,0.02386444550292764,5198.602610861548,1.0362365694807019
221,0.416289592760181,0.19080407256463175,40279.57081723536,1.3046848631173775
221,0.4117647058823529,0.1720444197215141,37403.14821265306,1.2819869393694676
221,0.45248868778280543,0.302874343185573,65024.52749625621,1.5303479116260559
221,0.38009049773755654,0.07356902005920501,17497.860023146786,1.1252014976634965
221,0.45701357466063347,0.3091577912684765,66675.58531660518,1.5436895757246851
221,0.3755656108597285,0.0644291822833291,14092.5236946532,1.0990909955547963
221,0.3891402714932127,0.10440119249256442,22998.57942296927,1.1656929199180566
221,0.4298642533936652,0.22840277051539198,49818.205036040046,1.3853991532922287
221,0.42081447963800905,0.20031526300348743,43475.87945333564,1.3287937259713989
221,0.4253393665158371,0.21394257231611274,46168.15332135908,1.3540113156110989
221,0.416289592760181,0.1866777971256882,41186.912807332636,1.3118128178309454
221,0.4253393665158371,0.21320582381885134,47290.92809392696,1.367811373157457
221,0.4253393665158371,0.21318676626474628,46405.94815711769,1.3552221905567832
221,0.4117647058823529,0.1718389598819654,37894.221923767735,1.2846136613982617
221,0.45701357466063347,0.30756136458499445,67425.32999448152,1.5491743678598215
221,0.4117647058823529,0.16542726738050598,35956.51935568991,1.2689298007312972
221,0.3665158371040724,0.02551365982314362,7093.662712647176,1.0495429565409689
221,0.4072398190045249,0.16119800559032688,34586.738123757124,1.258904029132217
221,0.47058823529411764,0.33691918068150106,72567.83254991808,1.6052121653396374
221,0.45701357466063347,0.3057464239113394,64868.068347754896,1.5327488078817098
221,0.4253393665158371,0.20417696066345595,41963.39205944712,1.3178019468259
221,0.4796380090497738,0.3741010594946477,81032.58348297293,1.6830414261062363
221,0.4072398190045249,0.15643290097334983,33176.68173880837,1.2473243780082302
221,0.38461538461538464,0.09175635763149266,19816.444560585816,1.1416547013512912
221,0.42081447963800905,0.19953072288825952,41571.5638747428,1.3141542464962055
221,0.4072398190045249,0.14470990082653504,29937.43153525309,1.221280374132673
221,0.42081447963800905,0.20363845559893015,43693.65734755855,1.3343837556069533
221,0.36199095022624433,0.02390252078883558,5609.437458884087,1.0387911875522555
221,0.43891402714932126,0.25514832848274555,55890.02394089293,1.4390052602283874
221,0.36199095022624433,0.026942406298717553,7836.635223874393,1.054535060201559
221,0.4253393665158371,0.215005053731649,46710.010382531094,1.360463177628356
221,0.4751131221719457,0.36230858878207856,78330.22953862268,1.6561039032280056
221,0.38009049773755654,0.07773946693180397,17683.03449650177,1.1258919673524017
221,0.3755656108597285,0.054273991919264075,11768.98709422981,1.0827056193742415
221,0.3574660633484163,0.0007388149457118102,-433.8306140445204,0.9970466231634868
221,0.39819004524886875,0.1258896185890121,27648.543924545633,1.2023403381911724
221,0.38461538461538464,0.07919496246846348,18166.86737130233,1.1300179496614302
221,0.45248868778280543,0.2967399136365825,63208.374029841245,1.5068813117307673
221,0.3936651583710407,0.10926149634700733,22072.43483844844,1.1594133078533164
221,0.39819004524886875,0.14184448487683082,31326.92872542236,1.232322753090976
221,0.4253393665158371,0.21355296286034384,46065.67295797402,1.3532018448664316
221,0.40271493212669685,0.13736486967863762,28818.747844259815,1.2120298135826166
221,0.4117647058823529,0.1717493050382337,37368.032969303735,1.2788024295055536
221,0.4072398190045249,0.1575426721031003,35471.87375411136,1.2645218797952262
221,0.42081447963800905,0.19964531170418084,43327.351265166326,1.3285546290428674
221,0.4117647058823529,0.1639272490550992,36222.22353913432,1.2719712845173317
221,0.3891402714932127,0.10756657378423988,23835.5574523971,1.173437672531383
221,0.416289592760181,0.18296205941624233,40748.6429729105,1.3084973329345844
221,0.38009049773755654,0.06946243006767266,15193.409079018322,1.1083821006202532
221,0.4660633484162896,0.3356940572289873,72263.60787081657,1.5971330537450754
221,0.4072398190045249,0.15912117421545718,33661.008740894,1.2485956973702863
221,0.4479638009049774,0.2814741485637243,61098.20261939287,1.487294895486387
221,0.34841628959276016,-0.010764135516359678,-1498.5201204933765,0.9897990725576595
221,0.3936651583710407,0.12009866752378462,26280.460548995914,1.192233478211904
221,0.4841628959276018,0.39461631257674445,84006.76817996151,1.7214087466918753
221,0.43891402714932126,0.25718341888778756,54698.211850728825,1.4309374758059104
221,0.3665158371040724,0.03632992448144364,6998.3591493635995,1.0484791179873862
221,0.3891402714932127,0.1056867760714866,22569.353944509632,1.1629572644602502
221,0.4343891402714932,0.24431282589560108,52520.89296217414,1.410586889208786
221,0.3891402714932127,0.10825462512630578,23526.003375507906,1.1705182022785356
221,0.3755656108597285,0.05523113849765394,12697.119785192106,1.0897776034726423
221,0.4343891402714932,0.23363149725008373,49672.389583414624,1.3861573637234421
221,0.3891402714932127,0.10483818004737794,23309.94488627068,1.1675970023071198
221,0.33031674208144796,-0.07741017227013748,-15946.871189331709,0.8950118329305642
221,0.4479638009049774,0.27405199200312896,60045.424161300514,1.4828112480490458
221,0.35294117647058826,-0.003882236161671118,-756.0371460938222,0.9948648277605687
221,0.42081447963800905,0.20520042449480572,45186.10354937141,1.346228622241661
221,0.4841628959276018,0.3890689409075538,83243.70177721296,1.7081011314704797
221,0.42081447963800905,0.19389681879013348,41518.43950013419,1.3151060018669802
221,0.3936651583710407,0.11893532456449986,27262.12985542728,1.1983978017529255
221,0.45701357466063347,0.3073473217460502,66583.47750272803,1.5390843822127198
221,0.3755656108597285,0.06712852839167491,15295.251088982162,1.108290223544738
221,0.416289592760181,0.18669784671726974,40316.20695567523,1.303100555097458
221,0.4117647058823529,0.1772164215646235,37561.617245090594,1.2815370553827956
221,0.4434389140271493,0.2621166777793528,56821.31851863379,1.4530824159698246
221,0.42081447963800905,0.2008679779652523,44015.47560760411,1.3342462918548301
221,0.3936651583710407,0.11933805265703194,24715.965205403532,1.1794941991971424
221,0.35294117647058826,-0.003781694444001342,622.1521997181117,1.0042485585361052
221,0.46153846153846156,0.3326889965380961,72502.44964164495,1.6060327180914717
221,0.42081447963800905,0.20007992644597625,41617.215153606856,1.3167202405552094
221,0.40271493212669685,0.13501573199396905,30971.65258262518,1.2306569492973685
221,0.43891402714932126,0.24703652526575504,52993.46931475485,1.4181523381604195
221,0.39819004524886875,0.1357323135874848,29733.64167586119,1.222270659765808
221,0.4253393665158371,0.213510212045964,46922.304295552436,1.3614027141397995
221,0.4751131221719457,0.3456952187314551,74028.57621208578,1.6241885517613528
221,0.37104072398190047,0.05037541110726041,10063.447929469665,1.070071671738473
221,0.39819004524886875,0.12360807832143314,26280.511278143993,1.1922093269024994
221,0.3438914027149321,-0.035226678181617184,-7724.203506485821,0.948182457969963
221,0.42081447963800905,0.2044992131503958,43988.23168519813,1.335842366174715
221,0.4117647058823529,0.17313996856217467,36372.32546210841,1.2729396280170941
221,0.4253393665158371,0.2135596290420174,45318.36992396676,1.3469118015910395
221,0.4117647058823529,0.17238277003051242,36234.49119212388,1.2706344398713236
221,0.4117647058823529,0.17245341358775962,37387.70239835937,1.2795190498205267
221,0.4751131221719457,0.3608400911759764,76391.50679519962,1.6372085592896928
221,0.4117647058823529,0.1667480856697487,33985.62040260177,1.2524810392118528
221,0.39819004524886875,0.1258778461964484,27079.24642532062,1.197565992903671
221,0.42081447963800905,0.19884944618221886,44107.73498011971,1.3355427369294466
221,0.3665158371040724,0.03777534944593647,9196.804156553728,1.0639829122929298
221,0.3936651583710407,0.11132353196850366,24723.926991749857,1.1804944052746182
221,0.43891402714932126,0.26126642476673867,55427.16153360695,1.4375055853321155
221,0.416289592760181,0.17374098968298524,36943.27081848726,1.2786472841661398
221,0.3574660633484163,0.009761692599331304,1470.9411387007199,1.010019947835486
221,0.42081447963800905,0.1925757621489245,41822.85636293971,1.3176803777801864
221,0.38461538461538464,0.08328661231384349,17215.065555279376,1.1231594050864055
221,0.42081447963800905,0.2002745164746883,44598.56580929655,1.3402528243582357
221,0.416289592760181,0.1836673991986444,40709.72040526813,1.3072507812755718
221,0.39819004524886875,0.13447722518535207,29375.519078422127,1.2157185046475372
221,0.3891402714932127,0.11149419211223367,23203.5122101051,1.167572319985028
221,0.38461538461538464,0.0842869516746771,18287.663967351644,1.130069344224557
221,0.4072398190045249,0.15944888916160968,34733.72982603573,1.2566916030329167
221,0.33031674208144796,-0.0760960442513288,-15528.925430390129,0.8974109647979274
221,0.42081447963800905,0.2014575691673362,42063.44466002593,1.3189661526912586
221,0.42081447963800905,0.2038198195019079,41336.196008213126,1.3131723284470043
221,0.47058823529411764,0.34942498759462,77513.56240766773,1.6487980168469831
221,0.42081447963800905,0.20971773380255782,46681.624307215665,1.361055955435369
221,0.37104072398190047,0.03645205683394081,7351.3246542873385,1.0513007635746014
221,0.42081447963800905,0.20504416573366013,44693.68249507666,1.345265528925661
221,0.36199095022624433,0.011176518986133154,3826.0257531570132,1.0265390325056702
221,0.4117647058823529,0.17229878694899203,38515.291217033664,1.2874225083912167
221,0.416289592760181,0.18842632832274864,40729.40224024616,1.3107788625435495
221,0.4479638009049774,0.2799952543244959,60687.685431744176,1.4832275964842199
221,0.40271493212669685,0.14443748776505075,31098.185361798936,1.2282965872171534
221,0.40271493212669685,0.14458930264007047,31503.039207721842,1.2322049978560055
221,0.4479638009049774,0.27928558657512303,59331.022993581544,1.4748740769617643
221,0.4117647058823529,0.17395364422523438,38122.56670068933,1.2859261316203336
221,0.39819004524886875,0.13561597926251118,30932.15882314366,1.2281540264465463
221,0.4434389140271493,0.25266509763783385,54721.67179860445,1.4324247113083044
221,0.4072398190045249,0.15944352297641226,33710.32934302645,1.2490171339050988
221,0.43891402714932126,0.25147300369369124,53825.61131653363,1.4221733175005853
221,0.4298642533936652,0.2223189983753782,47979.226551753316,1.3694933660345752
221,0.34841628959276016,-0.011660638737006422,-1741.355507136228,0.9880994035856087
221,0.4434389140271493,0.24317066053120978,53484.40762823203,1.4216309031372476
221,0.39819004524886875,0.13303990064889085,27232.305748066647,1.197948714902036
221,0.45701357466063347,0.30785670562847295,65237.54526121811,1.5268964979196364
221,0.4072398190045249,0.1599523332551061,34993.85251578113,1.2604740133497319
221,0.39819004524886875,0.13527791732403657,30051.76863884255,1.22064562924311
221,0.46153846153846156,0.3126284450410757,66868.92226987422,1.543307310840415
221,0.43891402714932126,0.2449603277441858,52226.55929125985,1.4110967706430089
221,0.3755656108597285,0.06374372799699765,12617.01826019258,1.0880720286649805
221,0.43891402714932126,0.24751297002644104,53446.54602426444,1.4203047260714914
221,0.4343891402714932,0.24111594643923812,50195.49592776229,1.3905458613036759
221,0.40271493212669685,0.14057085393270619,30382.378429343727,1.223214429399557
221,0.3574660633484163,0.013025482621892667,3636.3597914428633,1.0252308498660923
221,0.4253393665158371,0.21649569196095775,46504.56970414008,1.3577433227464344
221,0.3936651583710407,0.12189587878610247,27471.952110404392,1.2003664657228912
221,0.4343891402714932,0.23614293001905973,50046.80154990995,1.3871293037817953
221,0.4117647058823529,0.17233507188981967,38168.99751423103,1.2871079000024102
221,0.3891402714932127,0.1080604977546569,24705.527588433055,1.179756281280718
221,0.42081447963800905,0.19970680083326103,44202.12027240926,1.3351907098484561
221,0.35294117647058826,0.0033373570267216175,1577.4006890189758,1.0108422331507245
221,0.3891402714932127,0.10544420203637109,22510.548853884266,1.1619138692793352
221,0.416289592760181,0.1911559718290639,39228.55358735938,1.298053817478515
221,0.39819004524886875,0.13206645825163493,29162.63040298276,1.2128751618104472
221,0.4253393665158371,0.2097395459513718,45808.52936826386,1.3534345563089438
221,0.40271493212669685,0.12445357352216035,27354.046918235268,1.2014595776759318
221,0.38461538461538464,0.08590711016080663,16908.863173202357,1.1200939669147216
221,0.4298642533936652,0.2293073726274039,49214.59749336888,1.3810591181223117
221,0.3936651583710407,0.110133594593195,23624.025848125446,1.1714002153391694
221,0.39819004524886875,0.1209177725533604,26657.240431874907,1.1942683468569062
221,0.4841628959276018,0.377487353779707,81164.19391465589,1.6945675602725077
221,0.3891402714932127,0.10489199725892688,22587.66988123745,1.1623396065544764
221,0.3755656108597285,0.06491724270107369,13514.003600629505,1.095237135506681
221,0.38461538461538464,0.09346858774398736,18369.583627506192,1.131050089484401
221,0.39819004524886875,0.11541191513545436,24508.131968266294,1.1796347262843645
221,0.43891402714932126,0.24915004231004695,54160.871591625604,1.4263240564107171
221,0.43891402714932126,0.25553538238585194,55624.64403351446,1.4378566665144232
221,0.4751131221719457,0.3603241603343645,78371.15355222335,1.6620821940432482
221,0.38009049773755654,0.07906428513584689,17236.549687314673,1.1221186156003449
221,0.39819004524886875,0.13231555596302408,29203.29861354777,1.2156228409295158
221,0.4298642533936652,0.22832833048116707,49392.82743782954,1.3810468396618152
221,0.3393665158371041,-0.0392635185861713,-8080.613132445304,0.9458712654114656
221,0.4434389140271493,0.2686117529084277,57096.3495308326,1.450453639651421
221,0.40271493212669685,0.14681069253859877,31699.6753084484,1.2335170027723577
221,0.45701357466063347,0.3119531213535408,67843.75395664008,1.553820584335885
221,0.38009049773755654,0.07210911571254847,16595.116031233054,1.1185572338960499
221,0.42081447963800905,0.1932190374613674,40023.03784943247,1.3034488678985896
221,0.45248868778280543,0.3040333881205198,65173.80037631148,1.531257453253338
221,0.40271493212669685,0.14106408246389598,30975.693029079855,1.2286511840460514
221,0.4434389140271493,0.264055235577501,57068.13264499392,1.449107523916536
221,0.39819004524886875,0.13595697230946913,29114.501201602307,1.213929816694469
221,0.3755656108597285,0.06675588510475762,14399.690212668593,1.101647419957524
221,0.4117647058823529,0.17452178860507575,38068.1238671558,1.284657664647415
221,0.43891402714932126,0.25428977135262465,54029.66504107196,1.42133103578436
221,0.4072398190045249,0.15860455768692336,34093.105322053874,1.253735174423751
221,0.45701357466063347,0.30962033306994835,64654.72004159447,1.5216716918495772
221,0.38009049773755654,0.08074766535696233,18097.08300519588,1.128871155623631
221,0.4072398190045249,0.15890746226348856,35361.6429368127,1.2631827722703055
221,0.43891402714932126,0.25112201365483067,54192.88736133337,1.4244989697833783
221,0.42081447963800905,0.1998608797846746,44784.580265558034,1.3413629441367756
221,0.4434389140271493,0.26126078916597456,57111.29445164772,1.4525504875026998
221,0.3438914027149321,-0.03712405469889266,-7447.186484381931,0.9500077259726045
221,0.3891402714932127,0.10114825191700291,22699.679045117016,1.1656425096947582
221,0.4343891402714932,0.23535866303205696,49844.42926895105,1.3863185201954042
221,0.40271493212669685,0.14665926773637225,33621.73737307884,1.2493990507006159
221,0.45248868778280543,0.29125318280099144,59382.54841824503,1.4735900585971557
221,0.3891402714932127,0.0938955940808044,20630.15757150856,1.1490338037625623
221,0.45248868778280543,0.29386220513246797,62385.72249856472,1.505122482368704
221,0.3936651583710407,0.11791622415196162,25224.544392496315,1.1819540975377665
221,0.4253393665158371,0.21827243364986407,48452.55469248418,1.3748023220103347
221,0.4434389140271493,0.26795913288373124,59343.68923879533,1.4720984450613064
221,0.35294117647058826,-0.008356501557691043,-1081.1406738083688,0.9926054298186349
221,0.4117647058823529,0.17283338469829584,37347.05774662128,1.2793695524445408
221,0.39819004524886875,0.13000504185936,28970.295567796136,1.211938064810368
221,0.40271493212669685,0.14735443866191061,33492.83804513889,1.2491677852207046
221,0.4343891402714932,0.23886033279271304,52590.97546695609,1.414783128543756
221,0.3257918552036199,-0.08880199502603982,-18017.01279277318,0.8819702169751001
221,0.47058823529411764,0.34958870826619853,75906.6526509203,1.631320549704884
221,0.4298642533936652,0.22743752606807804,49422.23733683958,1.3832373231321835
221,0.4434389140271493,0.27002235195704516,59470.31055600123,1.474149136726332
221,0.4298642533936652,0.22235818646759958,49233.692464431675,1.38380530010628
221,0.4841628959276018,0.3870563233298072,82638.60359721043,1.7038914852888258
221,0.37104072398190047,0.0535419806508329,12369.19682284789,1.0872019360260174
221,0.43891402714932126,0.2569135155165858,55416.974311475366,1.4361674227423429
221,0.4434389140271493,0.23989298420806107,52956.653572618205,1.4191172451550036
221,0.4117647058823529,0.16247009007847124,35016.47925007179,1.2637667353600894
221,0.4117647058823529,0.1786807694504136,39869.341160571246,1.3031395325228077
221,0.42081447963800905,0.19167089549643856,41458.19018143279,1.3152639805503246
221,0.4479638009049774,0.2848969644819855,62784.46007384127,1.5035790355603307
221,0.42081447963800905,0.20555571933842748,44577.0565857411,1.339919984633454
221,0.4298642533936652,0.2196630306451289,46849.32714716203,1.3613478308668787
221,0.39819004524886875,0.13153153862162206,29266.66655971711,1.2160445653363996
221,0.3891402714932127,0.10191369575841747,24036.62640639436,1.1749975619756656
221,0.38009049773755654,0.06772721355624935,14883.481669881556,1.1060047009493421
221,0.46153846153846156,0.32104871873890845,68891.29134045048,1.5607837276550012
221,0.4479638009049774,0.28768202340874166,62604.596819625585,1.503838256419202
221,0.4343891402714932,0.24134476489928022,52354.42500984239,1.4074594277858716
221,0.43891402714932126,0.2382048911931804,51337.85507721058,1.4030068427263842
221,0.36199095022624433,0.015265640357347034,5949.07734933211,1.0412852261565577
221,0.45701357466063347,0.30584943313928353,67939.3978076848,1.5654941233302053
221,0.416289592760181,0.19029931227594862,40310.29675642827,1.3049260385782935
221,0.37104072398190047,0.050840741337006175,12149.01964552864,1.0851457593307454
221,0.40271493212669685,0.15405079507233954,33652.96478897265,1.2513222017813992
221,0.4479638009049774,0.2760559789287812,58977.791793813056,1.4718103663081674
221,0.3755656108597285,0.06767671777898573,14618.769389165556,1.1037405385659882
221,0.3755656108597285,0.06703055555409289,14855.981279284277,1.1049148536527273
221,0.416289592760181,0.17747132189661724,38962.29390294619,1.2955829719610972
221,0.33031674208144796,-0.0740784887172592,-15795.426503084407,0.8955100384651034
221,0.4298642533936652,0.2322879171343696,49026.1269022577,1.3817001872600236
221,0.42081447963800905,0.1993903074104419,42355.715533861796,1.3225695355345257
221,0.3936651583710407,0.12273200300648304,27100.36440783156,1.1978978878400943
221,0.416289592760181,0.1789675611828139,38230.99326980063,1.2872261990214093
221,0.3665158371040724,0.036235299065172165,8411.515547228175,1.0582727174368305
221,0.42081447963800905,0.1967514551969289,41483.71882214184,1.3136163499728322
221,0.4253393665158371,0.21178117750878223,44951.28098353307,1.3448378029008399
221,0.4253393665158371,0.20198335423851108,42450.88503856801,1.3236715113323718
221,0.3891402714932127,0.09682161054836216,20421.60629672446,1.1469986004095833
221,0.4343891402714932,0.2440668519280921,53912.3720776195,1.4229980337501125
221,0.4117647058823529,0.1764775998662385,37590.80436660477,1.2831272795868542
221,0.45248868778280543,0.29509542563400504,65013.46491309417,1.5230681451232353
221,0.39819004524886875,0.1320337597376485,29416.16540962112,1.215283305939815
221,0.416289592760181,0.17757744772266357,38620.35451945348,1.2907710123767517
221,0.3891402714932127,0.10393699129377733,23837.32390608347,1.1729535074859074
221,0.416289592760181,0.18206087529549086,39486.93341904468,1.3016297795876268
221,0.40271493212669685,0.14069762589856538,31870.458941708777,1.236574537706513
221,0.45248868778280543,0.28961807320435157,63393.125921384184,1.509961350859467
221,0.3936651583710407,0.11864355015931706,26000.74887163667,1.1894938793517895
221,0.4343891402714932,0.24072657690034813,53037.65675884597,1.415180674482793
221,0.34841628959276016,-0.01672839336542565,-4012.4280274198272,0.9730161092149852
221,0.42081447963800905,0.19623946833898762,42131.838708938994,1.3213807918000895
221,0.4479638009049774,0.27681378461196166,59714.479821961446,1.4770365834975971
221,0.4660633484162896,0.33862995082737885,73404.36151317359,1.6127577823162544
221,0.43891402714932126,0.2567007045272566,54371.798216573276,1.4284838835226825
221,0.3574660633484163,0.009912615926262204,3051.4629043967916,1.0209133954590113
221,0.4298642533936652,0.22753408277409018,49360.44782143725,1.3817275268587412
221,0.4072398190045249,0.16491267875664575,34300.3382057604,1.2558257868719431
221,0.38009049773755654,0.07464336848918766,15411.492803220177,1.10960778138649
221,0.40271493212669685,0.14681456742004706,32153.350647672763,1.2368549716480495
221,0.4117647058823529,0.16167545954805887,35539.85004150913,1.2661094804536015
221,0.4072398190045249,0.16111578424139067,35369.27933397707,1.2631758316213988
221,0.42081447963800905,0.20133511816462124,44490.14476253806,1.3388905062889493
221,0.416289592760181,0.17536622246227512,36520.23817231669,1.2757115656902214
221,0.4298642533936652,0.22085697262708393,47694.25808650275,1.3723854265781923
221,0.4072398190045249,0.1604375796787307,34852.146566281306,1.2600662748020692
221,0.3755656108597285,0.06461707895611316,14351.858669022948,1.1009489836599833
221,0.4117647058823529,0.17555468528164395,37625.686022067275,1.282007979814054
221,0.4434389140271493,0.27047899478620374,59909.08541175827,1.4780043861255623
221,0.334841628959276,-0.056190094881411426,-12190.728301244751,0.9193829714128942
221,0.3891402714932127,0.0990543654274028,21767.818948363056,1.1573154584844343
221,0.40271493212669685,0.1457161334490475,31081.63573752271,1.228052017110479
221,0.37104072398190047,0.0545609750100403,10445.139730166631,1.073203385468449
221,0.4751131221719457,0.3506534332889069,73656.56314774543,1.6155136112222273
221,0.4751131221719457,0.3627131222040632,76857.3941321823,1.6433471882566018
221,0.3891402714932127,0.09736115019555966,22120.168821321473,1.1612570211888762
221,0.38009049773755654,0.07722126079307227,17233.008719600588,1.1231128242439883
221,0.45248868778280543,0.3000805374497806,64805.12351562941,1.5263171037233554
221,0.4343891402714932,0.23178015085423395,50449.81127729121,1.3952329922640905
221,0.37104072398190047,0.04789608853430087,10079.279446156248,1.070432850931496
221,0.45248868778280543,0.2943707892952823,64600.5120956583,1.520955201292094
221,0.35294117647058826,-0.010589156895910279,-2119.0675031265528,0.9856827934031257
221,0.3755656108597285,0.06159156748255894,13447.336182265459,1.0947031183242977
221,0.45248868778280543,0.29462350226225326,62583.77750076954,1.5017112958335612
221,0.3665158371040724,0.03163200443034755,6959.612372052274,1.0484244965089755
221,0.416289592760181,0.18992161602950566,41801.214390601475,1.3178067569801477
221,0.3936651583710407,0.11847386362962954,25908.78099424053,1.1885913197790667
221,0.4072398190045249,0.16467758614134936,36434.90487692984,1.2729595589422782
221,0.3891402714932127,0.09192700255421134,21616.896676192988,1.1564473765788594
221,0.4434389140271493,0.26754449009570885,58331.91807847768,1.462187117585957
221,0.4253393665158371,0.20552899440613553,43516.83882666547,1.331911189246629
221,0.3167420814479638,-0.1116849139130244,-23845.866557938305,0.8463443489922226
221,0.4253393665158371,0.21229227147988047,47316.373227216805,1.3647694859328638
221,0.39819004524886875,0.13465535693524855,28461.747531730387,1.2083323981532712
221,0.38461538461538464,0.0836396127720026,18520.66537680048,1.132197482009822
221,0.4298642533936652,0.22018619875768008,47303.31379760013,1.3642576334035497
221,0.4117647058823529,0.176162788731256,39045.95920877636,1.2941265555148718
221,0.3574660633484163,0.005036344910281406,2868.431771471841,1.0197760174887596
221,0.43891402714932126,0.26046887923230216,55688.56427284053,1.4404503707015233
221,0.45701357466063347,0.3083702704554919,68012.93863631829,1.5543588919133826
221,0.38009049773755654,0.07620671921305933,16846.879531976534,1.1207634643799418
221,0.39819004524886875,0.12842984232977922,27208.860890283424,1.1989059735368832
221,0.37104072398190047,0.04222546374113628,9931.665045219579,1.0697355409822573
221,0.38461538461538464,0.09181767245037224,18302.180716509378,1.1302087362970694
221,0.38009049773755654,0.07859917528490724,17910.982414355996,1.1277572058341285
221,0.38009049773755654,0.07709745928312262,17287.176885595418,1.1224998882396513
221,0.39819004524886875,0.13391889415377634,28486.60290272048,1.208514219012223
221,0.4343891402714932,0.24030279033014187,51726.65265149985,1.4054062260020102
221,0.40271493212669685,0.1461749935325912,31788.44908520498,1.2342458346689409
221,0.40271493212669685,0.1466292718973758,31960.517777476,1.2360859682175027
221,0.3891402714932127,0.0869841056679883,20189.9086182486,1.1460025897131279
221,0.4253393665158371,0.1999079087167652,43405.28904318037,1.3323179032243808
221,0.3936651583710407,0.08725917673036246,19143.265359600144,1.1387605637054854
221,0.4479638009049774,0.2736667084169285,60099.5442326874,1.4810561092796688
221,0.3891402714932127,0.09749177285313804,21750.71892602604,1.156662799200915
221,0.3665158371040724,0.04035717150737116,9432.66090620707,1.0660007470522632
221,0.4253393665158371,0.20467542584180673,45364.19360734441,1.3482356316843935
221,0.4298642533936652,0.22753857729895094,49413.32043374667,1.3800234576822168
221,0.3755656108597285,0.057417444542010934,12940.39918617161,1.0912188663181677
221,0.4434389140271493,0.26863062543002686,59840.8866239228,1.4781260552961935
221,0.40271493212669685,0.14692533861650642,32039.150259739436,1.2354839333759118
221,0.45248868778280543,0.29150591866869985,62999.34135483366,1.5099510726956944
221,0.4117647058823529,0.16893026293723154,36048.75070629864,1.2713956464466287
221,0.4072398190045249,0.15710357276601078,33377.662258390716,1.2490365956631155
221,0.4253393665158371,0.20487375818574788,42048.80308256245,1.3198228465222093
221,0.4660633484162896,0.32829840170266,71595.01165759281,1.5921972440499703
221,0.4479638009049774,0.27218597665558225,59017.21220633066,1.4688997769481105
221,0.4434389140271493,0.267062622544433,57883.328624782625,1.458480637600332
221,0.45701357466063347,0.3080404853726464,66432.5201696887,1.5387171011327263
221,0.40271493212669685,0.15169053213203407,31590.222673386706,1.2345336570170027
221,0.4343891402714932,0.24315258899582606,53316.953290977224,1.420659177093771
221,0.45701357466063347,0.30779715877474095,65249.13789539046,1.5269489850789288
221,0.39819004524886875,0.13104746982624152,27696.42326142026,1.202300560279123
221,0.40271493212669685,0.13885966121181562,30940.459349764176,1.2284263212063038
221,0.3936651583710407,0.11753480671511556,27555.582374151716,1.200753600345598
221,0.4343891402714932,0.23316453202750093,48869.32302599221,1.3798625130258102
221,0.38461538461538464,0.09201879439595259,19590.81010103043,1.1397316371397712
221,0.4117647058823529,0.17247938668650256,36374.706930941895,1.2702095577461994
221,0.4479638009049774,0.28237310131066,60740.442822367404,1.4851709984811625
221,0.3665158371040724,0.026089906595579512,6376.587100421578,1.0442392718005136
221,0.4660633484162896,0.33893181296618485,71632.08843242942,1.5931767227980382
221,0.38461538461538464,0.09075796751016157,21141.52449504948,1.1515895867595338
221,0.4253393665158371,0.2090518395856159,46767.85097886036,1.3599672010000772
221,0.43891402714932126,0.25669866479852144,53699.76742810851,1.420200447705905
221,0.45701357466063347,0.3033860624884935,64775.56128034665,1.5247626117549595
221,0.39819004524886875,0.13191403559718137,28512.23651275101,1.2077248639223506
221,0.4298642533936652,0.22185311553001474,48516.498823462534,1.3776159620317383
221,0.38461538461538464,0.09372671300946107,20550.66305830299,1.1476778278460429
221,0.3665158371040724,0.03716085471871412,8355.836579529016,1.0582721737102971
221,0.46153846153846156,0.3216157679971426,69343.94912077939,1.564742543157711
221,0.4117647058823529,0.1744292672213626,35685.771733611866,1.2656169468280354
221,0.4072398190045249,0.15874646688341654,35469.10479806608,1.2642149947250398
221,0.3755656108597285,0.06470682944404586,13907.790728865988,1.0978112737410222
221,0.4072398190045249,0.15329916820556017,32843.28395080329,1.2436589447053392
221,0.4117647058823529,0.16868079513922532,37073.29841164863,1.2778716811792543
221,0.416289592760181,0.18807073593002988,41006.604957162075,1.3100059412704979
221,0.3755656108597285,0.06331733741500445,12700.854301854866,1.089103180738017
221,0.4434389140271493,0.2678040250626225,57769.65442665685,1.4559661151292047
221,0.4434389140271493,0.2712758368777192,58090.78293280372,1.459318902246318
221,0.4841628959276018,0.3834550035437505,83758.97199218604,1.716761011992834
221,0.35294117647058826,0.0038458434877887775,3035.766829672948,1.020954873730411
221,0.4479638009049774,0.28277632989446516,61431.19102908,1.4911988803304166
221,0.4072398190045249,0.1569600010690642,33288.827003146675,1.24952512379841
221,0.4434389140271493,0.2688618527158858,57914.95380302475,1.4561124609470342
221,0.45701357466063347,0.30972015016601956,67417.82386361278,1.548346438872144
221,0.37104072398190047,0.05070204547322926,10807.272589977909,1.0757713819478854
221,0.4479638009049774,0.28050590747027876,60318.47665461793,1.4794870271068628
221,0.4343891402714932,0.24084610928441394,52171.540700963014,1.407106813298562
221,0.4117647058823529,0.1682850517988786,36712.77148075893,1.2753624499910063
221,0.3936651583710407,0.11365419567655083,24769.17595582231,1.1792136834235591
221,0.4253393665158371,0.21654435390292218,48689.21294955256,1.3777965273215838
221,0.39819004524886875,0.11864356284360088,25348.99923449716,1.1860334315514665
221,0.3936651583710407,0.11192861410064839,24775.133879196797,1.180002653557088
221,0.4072398190045249,0.16183788674985253,34840.72472136468,1.2597774892664184
221,0.38461538461538464,0.09209079368776692,20042.911310691896,1.1438498699393198
221,0.3574660633484163,0.0179313541640759,4022.7576835684818,1.0278303112474985
221,0.46153846153846156,0.3240264070266251,69079.50257523207,1.5657332792097272
221,0.3665158371040724,0.03067784463473492,6883.860956754082,1.0479507144473459
221,0.40271493212669685,0.1496766938054475,32486.98680728372,1.2406909616579305
221,0.34841628959276016,-0.010179576221932092,810.7397210419513,1.005568237897973
221,0.37104072398190047,0.06008780533238559,12958.696505980526,1.091581063699308
221,0.4479638009049774,0.28260988986891605,61624.14793337673,1.4969647464554263
221,0.45701357466063347,0.30121028254631044,64906.46008958868,1.5263697436693862
221,0.36199095022624433,0.015680710512415326,3338.544401494015,1.0230905355235043
221,0.38009049773755654,0.07767711013771288,17119.36130451739,1.1216183189260691
221,0.43891402714932126,0.2549842256127194,55872.50671642638,1.4380933216026042
221,0.4434389140271493,0.27176774821258715,59506.59423050012,1.4765613651190141
221,0.4343891402714932,0.24077730687165871,51959.794409897324,1.4035860989694064
221,0.40271493212669685,0.14551443202139056,32611.939716097222,1.2430437152715383
221,0.4479638009049774,0.27284301561322544,57072.32974277063,1.4548512838888261
221,0.37104072398190047,0.05576337889345208,13603.4070789398,1.0961749066239472
221,0.3891402714932127,0.10457080347332583,21533.890076131298,1.1554641394471203
221,0.38009049773755654,0.07112006307626632,16073.95628028629,1.1143924436322683
221,0.4117647058823529,0.16867578425821161,36672.94889987266,1.2763523272203832
221,0.4117647058823529,0.1656783457994276,36075.47682620746,1.2697734870095534
221,0.45248868778280543,0.2936972703572431,62303.042802763244,1.5024558017231917
221,0.37104072398190047,0.05655115457268596,12256.840003052004,1.0862360725489857
221,0.42081447963800905,0.203114897826222,42946.91523928298,1.3281029384524163
221,0.416289592760181,0.17852577189944474,39127.2661651543,1.2956841754058013
221,0.37104072398190047,0.04574014481768832,11230.338614645065,1.0788919504277443
221,0.46153846153846156,0.32560613301834757,69791.90269263899,1.5724054448916696
221,0.416289592760181,0.18773564096029577,40613.317360567205,1.3066229414575936
221,0.416289592760181,0.18083870755806447,39793.05644140338,1.299941274854617
221,0.4117647058823529,0.1798192420548627,38668.97015214403,1.2928742025703555
221,0.39819004524886875,0.13156889394949178,25157.840827914682,1.1844042395013625
221,0.34841628959276016,-0.017175435883292442,-2215.6902058702026,0.9850543944135508
221,0.4117647058823529,0.1623474894320166,35346.11956284841,1.2639581512286304
221,0.4117647058823529,0.16079108978888457,36136.44038044209,1.2705467658518166
221,0.39819004524886875,0.12783987593246557,28045.457627977183,1.204378400718367
221,0.4117647058823529,0.16482130429308242,34919.06032773237,1.2610516172771213
221,0.4117647058823529,0.17821731814462857,37243.19039982562,1.2807731255798955
221,0.3755656108597285,0.06390557299968115,14269.748772870547,1.1012636283288253
221,0.38461538461538464,0.09236436562391898,19502.91039494556,1.1398432787761357
221,0.4072398190045249,0.15789719208096423,35306.15085707314,1.263418148382713
221,0.4253393665158371,0.20699578205327515,43659.9990702577,1.332805693230664
221,0.43891402714932126,0.25201075959528696,55042.6302040115,1.4318786373033001
221,0.3936651583710407,0.11845780761380345,24607.430315887977,1.178848028912176
221,0.42081447963800905,0.19288066305886864,40143.124416672166,1.303273822136705
221,0.4117647058823529,0.17671483962456652,37713.35035053957,1.2835784297315038
221,0.3076923076923077,-0.13750864003230232,-29407.410341142724,0.8130199277465288
221,0.4253393665158371,0.1999435735390666,41892.56784531919,1.3201702949800487
221,0.4298642533936652,0.2178168761054358,48338.096757818355,1.3737227672273005
221,0.46153846153846156,0.3222722100997586,70516.59653477318,1.5812236616057953
221,0.4117647058823529,0.1729670598926053,39744.2510399038,1.3024562742950139
221,0.46153846153846156,0.31196461052259045,66840.68467106606,1.5466256324751282
221,0.3936651583710407,0.11738909265107121,25699.365017029166,1.186407957239063
221,0.38461538461538464,0.09524290779639497,19818.62659217765,1.142404163846992
221,0.36199095022624433,0.016044625479394076,4933.636967143746,1.034032756236254
221,0.45701357466063347,0.3076508368943625,64772.538501191586,1.5226676679136781
221,0.4343891402714932,0.2395629176237392,52661.24308708509,1.4115330958911187
221,0.4660633484162896,0.3394300705165524,74961.0255684378,1.6253455301396815
221,0.4479638009049774,0.28127971786238354,61215.950041580014,1.4882544163518472
221,0.4479638009049774,0.27467563168622966,59892.44963679902,1.4800215189328556
221,0.42081447963800905,0.1743583313740473,39470.16565438766,1.3037059166583518
221,0.3936651583710407,0.11941425681408611,26518.831135762888,1.192678739784387
221,0.4298642533936652,0.21533639762785053,47380.14466326457,1.3680762476214818
221,0.4253393665158371,0.214662495993939,47945.40043525173,1.3701075646025547
221,0.43891402714932126,0.2551192779198068,54641.50772477763,1.4276444912709263
221,0.38009049773755654,0.06526401883608635,13021.462915851582,1.092609214124116
221,0.4343891402714932,0.23753958742267606,51053.125776843495,1.3948015383930423
221,0.3891402714932127,0.10493577273588753,21909.750067779667,1.1578347659999328
221,0.4117647058823529,0.1720447730046961,38922.85120250625,1.291667002515461
221,0.4660633484162896,0.334140206831578,70500.60599229198,1.5813481628755532
221,0.38009049773755654,0.07749592731409781,15750.121674925596,1.1111028764157354
221,0.34841628959276016,-0.017539675645250045,-2056.9493411607164,0.9860777951578082
221,0.35294117647058826,0.002681167880164396,754.5083189670122,1.0051830328237497
221,0.42081447963800905,0.1994330568730515,42594.63219039758,1.323378103106127
221,0.38009049773755654,0.07862744099016611,17266.981294297602,1.1229861748817258
221,0.3438914027149321,-0.02988513478119525,-5891.76657541345,0.9603096225283991
221,0.4298642533936652,0.2284465886614436,48324.95543871939,1.3724634509219404
221,0.37104072398190047,0.0554956854550379,11629.208880729435,1.0816233247136897
221,0.3936651583710407,0.11998793510158301,26580.234249151068,1.1935243384387664
221,0.4298642533936652,0.22763189297805791,49847.4131591544,1.3859383942529169
221,0.4072398190045249,0.15882941083661253,33281.353392379795,1.248278322503021
221,0.38461538461538464,0.08701136581932974,20849.38842771113,1.1502387940920207
221,0.4117647058823529,0.15798522794786576,35957.836165515466,1.270844699562452
221,0.3891402714932127,0.10423604492866029,23310.925945915296,1.1680601906705812
221,0.40271493212669685,0.14941456955078822,33848.12296074205,1.25317323979437
221,0.4660633484162896,0.3354376905889215,72857.58504788228,1.6019778161726612
221,0.4253393665158371,0.20746782858784585,45574.41668799806,1.3506073486421422
221,0.42081447963800905,0.19287632026903406,41632.78760141441,1.317166972600729
221,0.3936651583710407,0.1087204493648672,23943.856529454773,1.1750197044347575
221,0.3936651583710407,0.11917662275861907,26472.055246847318,1.1926973327158987
221,0.4072398190045249,0.1595189281530685,34421.3403836527,1.2562018924877583
221,0.36199095022624433,0.023058700055220264,3945.77937354642,1.027111268808418
221,0.4298642533936652,0.23278990870944266,51039.05727174799,1.3978207976399273
221,0.3891402714932127,0.10116807800700138,21349.016921702972,1.1546043547900673
221,0.4117647058823529,0.16286023795884294,35015.197571496275,1.2628162849440252
221,0.39819004524886875,0.1271713078789764,25278.26516827838,1.1852408409951825
221,0.4253393665158371,0.2145502142415824,46683.23055814044,1.3574913980972148
221,0.43891402714932126,0.25147470981531683,55959.928454836685,1.4453268523454128
221,0.4434389140271493,0.2673477141181486,57976.3561301302,1.460463940481115
221,0.4072398190045249,0.16010007477806915,35280.005171252466,1.262872875721521
221,0.40271493212669685,0.1381687591340096,30898.45174752738,1.2270750847782714
221,0.4072398190045249,0.16014437631029926,33951.953529435545,1.2542369300000962
221,0.48868778280542985,0.4032565509550954,85980.67345537725,1.7422790596090667
221,0.39819004524886875,0.13554872313785143,28427.204947999773,1.2086569701882623
221,0.45701357466063347,0.3110733147479793,66326.65050627175,1.5388068120793033
221,0.4434389140271493,0.2671573592499177,57448.64343120828,1.4535045982815875
221,0.4343891402714932,0.24131349910982175,51343.93192994286,1.3981189833040777
221,0.3755656108597285,0.06706486481094287,13590.388329891632,1.0961119308668854
221,0.47058823529411764,0.34889410331808585,76645.97292828481,1.6395788519739223
221,0.40271493212669685,0.1403294603256413,30847.47862983369,1.2277043472900706
221,0.42081447963800905,0.19135508455447764,41205.89181341672,1.3136851168030999
221,0.45701357466063347,0.3088996001290879,66345.40988071988,1.5384830598497343
221,0.416289592760181,0.18809482132308442,41704.96785480606,1.3173132769824398
221,0.4479638009049774,0.2761461973704389,60639.530763000985,1.4813591568186757
221,0.4841628959276018,0.3850565096662072,85037.77003375471,1.7298660092596887
221,0.47058823529411764,0.34095008836767776,73723.91140582986,1.6181805585049998
221,0.3665158371040724,0.03827169190322655,10286.782475170543,1.0725423392663054
221,0.4434389140271493,0.2669055818833673,58284.85884911074,1.4612330965062104
221,0.3891402714932127,0.10910863930913418,25162.126712189165,1.1833783931527528
221,0.3891402714932127,0.1041252174832588,22731.73422597096,1.1632309444018492
221,0.4343891402714932,0.2440127978276432,53072.53081842108,1.4152120535523434
221,0.3936651583710407,0.12491317542825837,26074.4010583011,1.1909699197445702
221,0.36199095022624433,0.023280752658544346,5646.825367012701,1.038888209634199
221,0.3891402714932127,0.09652896698599707,20608.776543328953,1.1485473369528012
221,0.45701357466063347,0.3010372549110014,64756.68722282519,1.5244574369704849
221,0.49321266968325794,0.4147753869405405,88858.87912368978,1.7749468322452249
221,0.4479638009049774,0.28239160597912916,61091.909437698836,1.4869302286820556
221,0.37104072398190047,0.04683833265354339,12674.91383596258,1.0896280126240871
221,0.4796380090497738,0.38132359330505,82008.7684515937,1.6982706296607917
221,0.4434389140271493,0.27052185297931,57895.93695022756,1.4614294460045063
221,0.4117647058823529,0.17579570667835928,39689.70678670008,1.2995614307741423
221,0.3755656108597285,0.06866528242224192,15774.499872108701,1.1119189923071737
221,0.38009049773755654,0.07615911093445768,15417.199894236594,1.1089976258142178
221,0.3665158371040724,0.04102254372245321,10866.897516973117,1.0762680343655657
221,0.416289592760181,0.1812679104640966,39575.53396366738,1.2999407890153356
221,0.4343891402714932,0.2401105154753471,51127.38954133753,1.3952940294169995
221,0.43891402714932126,0.257242173619821,55608.60549614546,1.439010305563796
221,0.38009049773755654,0.06803767366916301,14592.65908437728,1.1041187839968016
221,0.4298642533936652,0.23159903013866748,50115.77561431267,1.388219755779781
221,0.416289592760181,0.18405807454119813,39416.81971545575,1.297180076216869
221,0.4479638009049774,0.28212038885858853,60688.86651657845,1.4875185825527582
221,0.3936651583710407,0.11832551763296437,25784.965457431506,1.1864601979064422
221,0.3891402714932127,0.10875903413874896,25452.58929938101,1.186078749076702
221,0.45248868778280543,0.2969940965217216,65934.4335947286,1.5349526494464336
221,0.4479638009049774,0.27517514858757064,59218.19292849677,1.4740576654328652
221,0.5203619909502263,0.4894465213828983,103559.65426917399,1.9426290901147898
221,0.3936651583710407,0.11709597890372672,25821.0042623794,1.1881047735410861
221,0.3574660633484163,0.010684077489830912,2263.100529916258,1.015501413116694
221,0.40271493212669685,0.14823217727195476,33648.11252364062,1.2503075183994048
221,0.4796380090497738,0.3785240472679004,82317.23263408367,1.6993041491199021
221,0.43891402714932126,0.2475578969054153,54366.71289454745,1.4273829643859661
221,0.4751131221719457,0.36665098745786745,79340.42897309597,1.665844734316875
221,0.4298642533936652,0.22601661929271114,48184.51686172707,1.3721080822824894
221,0.38461538461538464,0.09168361463604138,20983.033937534845,1.1504745162779677
221,0.3755656108597285,0.06430058683723479,15918.028200887424,1.1127162694152337
221,0.4298642533936652,0.2277577158855623,49520.59726987683,1.382239301111814
221,0.43891402714932126,0.23830989269100436,51432.07544266275,1.4061723928714935
221,0.35294117647058826,-0.003275559130049453,216.9547407992941,1.0014751030474303
221,0.4117647058823529,0.16532864551601234,36922.60129999044,1.276749937661663
221,0.4117647058823529,0.17100495531926435,37046.630795525445,1.2777217508805003
221,0.31221719457013575,-0.12475027681775777,-25784.93677627128,0.8346308479658114
221,0.3665158371040724,0.04210125430410629,6135.648961217847,1.0425689440588568
221,0.4434389140271493,0.26717282475341075,56714.30423917184,1.4470443934744406
221,0.40271493212669685,0.14008657366823715,29403.441899116282,1.2165746892014393
221,0.40271493212669685,0.14631198049687502,32451.87848895165,1.2392633589127982
221,0.4253393665158371,0.21575602415231185,47266.73901273698,1.3639033940032304
221,0.4751131221719457,0.3545617456817211,75153.07209821595,1.6290795680789572
221,0.4343891402714932,0.22904407085251,48129.33388235042,1.3724909932487432
221,0.45248868778280543,0.2911979113702214,62344.07428587071,1.5038104633061218
221,0.45701357466063347,0.3057236475581308,63893.498943435035,1.518246454698138
221,0.39819004524886875,0.12366773406447545,26160.8569365953,1.190244355277201
221,0.3755656108597285,0.06627539489408467,14226.02282513,1.1017038563988288
221,0.38009049773755654,0.0774432894678703,16688.539716258252,1.1181017246204301
221,0.40271493212669685,0.14236525073492748,31139.638013522985,1.2292665093213644
221,0.4072398190045249,0.15461416729815092,34884.46031087475,1.2593447195109977
221,0.3936651583710407,0.10590638891561037,23601.88017246336,1.1714017781504698
221,0.42081447963800905,0.19091129639020268,40974.24896067825,1.310823378575337
221,0.4117647058823529,0.17352294742107469,36967.58597327106,1.2759093411040914
221,0.40271493212669685,0.14351036815950405,30960.512974950514,1.2293092219478916
221,0.40271493212669685,0.1446787734060402,29379.121485392963,1.2150532959812939
221,0.35294117647058826,0.00340923975928876,1306.9127893943023,1.0089520247775665
221,0.4343891402714932,0.24022302018918895,52503.90533120097,1.4080475212764192
221,0.45248868778280543,0.28773185283548014,61369.23901408588,1.4923706529732161
221,0.4072398190045249,0.149774216259845,33867.04166494855,1.2521140587607353
221,0.37104072398190047,0.047630365138000834,10014.341610069474,1.0699676773482931
221,0.45701357466063347,0.2763764751081954,59832.011449881305,1.4831808423152726
221,0.4479638009049774,0.28270720142034933,60534.9087696951,1.4831067217574225
221,0.3665158371040724,0.040222323442262495,8637.4098382981,1.0602454471937828
221,0.3665158371040724,0.03837250369894946,9332.548116427315,1.065353252280737
221,0.416289592760181,0.19022025109353008,41185.004197997514,1.3124782790301732
221,0.47058823529411764,0.33261522080197,71868.00523875054,1.5980325982479215
221,0.39819004524886875,0.1391289091039948,30588.488935799887,1.225977769041851
221,0.40271493212669685,0.13854904769738607,29732.08210691398,1.2192083585894309
221,0.49321266968325794,0.4218690599379288,91252.15310699918,1.8030037739712854
221,0.4479638009049774,0.2719532015219881,59424.42958262157,1.4717592520005403
221,0.3936651583710407,0.12121258665224845,26761.6605559434,1.1948984637189188
221,0.4072398190045249,0.15837079978769145,33750.148137732525,1.250308639451715
221,0.39819004524886875,0.13286539658370547,29590.820503504183,1.2170397563733815
221,0.46153846153846156,0.30755432853919634,66296.20113889777,1.54150018413616
221,0.4343891402714932,0.24502890281839146,52701.22917807066,1.41151557767807
221,0.4253393665158371,0.2136514960609253,45974.75113351579,1.3516308552701528
221,0.3755656108597285,0.06444433036202074,15425.045785695125,1.1093650800630344
221,0.4117647058823529,0.15951712410428184,33204.05199071212,1.2480012355315435
221,0.4751131221719457,0.3678368798721561,80262.05679955833,1.6794605688427646
221,0.46153846153846156,0.31465729682858523,67989.97328099917,1.553942358287036
221,0.4253393665158371,0.20919779934858465,45919.362639361934,1.353377420663604
221,0.45248868778280543,0.2911226502687515,61843.584395325095,1.4951656323292988
221,0.4072398190045249,0.15914250035905866,34911.40398320311,1.2599383615516038
221,0.3891402714932127,0.10587459577642659,23675.216546510095,1.1717489279812308
221,0.43891402714932126,0.24739516954671112,51398.90371464731,1.4031632463478274
221,0.4117647058823529,0.1606814313272595,34022.77986918506,1.2555300108690242
221,0.4343891402714932,0.24099505807535523,52786.755146620766,1.4115592619783235
221,0.4479638009049774,0.27274327598712644,58829.05987630985,1.4671243574060515
221,0.39819004524886875,0.13257746661552108,29008.119091892127,1.211858472185221
221,0.4841628959276018,0.393520538540745,86267.22767127735,1.7420264792905027
221,0.39819004524886875,0.11986423166409678,27287.424565951787,1.2004944132619613
221,0.4479638009049774,0.27462003534326296,60281.29512868366,1.4800088811487064
221,0.4117647058823529,0.16801505477557713,35708.230359226174,1.2667416257401702
221,0.4434389140271493,0.26626689204174514,59514.375169126375,1.4722615038196127
221,0.39819004524886875,0.13517986069544516,29021.00429762592,1.2132486975627954
221,0.4117647058823529,0.1688866934066449,34067.08212665749,1.2556602716992353
221,0.3891402714932127,0.10521725876538394,21599.43746734363,1.1551388110427638
221,0.4434389140271493,0.2632541226368812,57970.30123257271,1.4648393567209825
221,0.3755656108597285,0.05840673449003935,13770.211152293557,1.097971605536212
221,0.4479638009049774,0.26711296698736486,58281.10452401491,1.4653375783047233
221,0.4253393665158371,0.22235871393525483,47654.89324632139,1.370155450615681
221,0.4479638009049774,0.28065553081911615,59346.55523482534,1.4694904219844775
221,0.4434389140271493,0.2689955032449324,55888.41574287514,1.4400274774730366
221,0.3891402714932127,0.09392825335157808,19607.61826109208,1.1421186818693698
221,0.4072398190045249,0.16166087619515185,33623.78396307353,1.2495624098522773
221,0.4117647058823529,0.16941311641013398,36910.1331944047,1.2791332496495298
221,0.39819004524886875,0.1276650052238889,28240.99832185491,1.2070622187433833
221,0.37104072398190047,0.04628891269769264,9770.105007778191,1.068326336134039
221,0.39819004524886875,0.12666554520038584,28303.28884474571,1.2081827569773798
221,0.4253393665158371,0.218191022965149,48233.5729588607,1.3738523788123458
221,0.4072398190045249,0.16286984288784656,36075.183947919424,1.2689934423040967
221,0.40271493212669685,0.13485964612155238,28002.085871066512,1.2050607136615255
221,0.47058823529411764,0.3374828528544582,70400.24343981483,1.5825444499469246
221,0.4479638009049774,0.27220263162972974,58774.685997711815,1.4675924867840795
221,0.42081447963800905,0.20368260498749374,43779.315049481025,1.3340809977930932
221,0.4117647058823529,0.165067013829041,36647.4936821894,1.2761483434904706
221,0.4072398190045249,0.15949456426699976,34731.78567659666,1.2582747934034637
221,0.3936651583710407,0.11543948870883325,24150.399075233294,1.1770088417529132
221,0.42081447963800905,0.2007734004554976,41438.82596760953,1.3143338010186905
221,0.4117647058823529,0.17220066046731197,37527.19899082742,1.279923627822757
221,0.37104072398190047,0.0510005087144896,10504.096843174386,1.073644750960893
221,0.48868778280542985,0.4031173191321826,85554.97926955018,1.7355428104573793
221,0.36199095022624433,0.024355219238098663,5275.540193822344,1.0363073749964538
221,0.4343891402714932,0.23717557217749088,52280.066428827486,1.4119539734234614
221,0.3665158371040724,0.040869651116955695,8575.99605802062,1.0598924311226883
221,0.38009049773755654,0.07687166754098304,18831.969373773944,1.134718387211283
221,0.4117647058823529,0.1759592353918453,37685.34724020039,1.2822731272766017
221,0.38009049773755654,0.07225829876442613,15030.563652476185,1.1066613402151548
221,0.43891402714932126,0.2468218986839773,54680.47395214011,1.4298988866587556
221,0.4072398190045249,0.14941881283788477,30244.3355317202,1.2248849249109912
221,0.42081447963800905,0.19982786586544865,42586.956698549264,1.3242411789975301
221,0.40271493212669685,0.14552412168669493,32484.400385626086,1.239528194169029
221,0.40271493212669685,0.14208281084113292,30582.955187031326,1.2280663784926868
221,0.4298642533936652,0.20630086811638165,44458.58134416752,1.3421912704094476
221,0.4343891402714932,0.23452392762282148,50904.26911346479,1.398771144479204
221,0.416289592760181,0.18604635570648895,41315.26321527921,1.312898502513359
221,0.3438914027149321,-0.0354091301104742,-7913.016278497438,0.9468297901498017
221,0.4253393665158371,0.20550971019823497,44185.544049873955,1.3359362302562903
221,0.4253393665158371,0.20506410860578397,44389.37940674455,1.339758846150847
221,0.38009049773755654,0.072706748462791,16254.705448579374,1.1161785191250253
221,0.416289592760181,0.1814417936478415,40047.37297574066,1.3016468248294026
221,0.39819004524886875,0.13256928679156393,29525.74096914164,1.2168937843028702
221,0.4298642533936652,0.22912119023921823,49660.37193585228,1.3867426788075214
221,0.38461538461538464,0.08341575671917598,15751.973959577048,1.1121202445879415
221,0.3438914027149321,-0.026715835024582905,-5810.653197067892,0.9608178942255893
221,0.42081447963800905,0.19976263012149845,44501.27204731238,1.3379470688362767
221,0.38461538461538464,0.09084085220456706,21672.989616143655,1.1555911373356476
221,0.3936651583710407,0.1268076229184992,26329.590951516137,1.1933307795210497
221,0.37104072398190047,0.054439005134406575,11864.099175915619,1.083073711165539
221,0.4298642533936652,0.2210484563863289,48298.5205907836,1.3721895275420382
221,0.3755656108597285,0.06438132537956785,13864.775454257622,1.0981491939936991
221,0.4660633484162896,0.3386240544237116,72162.21113217704,1.5966357368182738
221,0.3755656108597285,0.05759958130434003,11938.318859355295,1.0839621996926379
221,0.42081447963800905,0.19170097575367104,41444.49195192265,1.3137989182716001
221,0.45701357466063347,0.31193285382180014,66197.00670516801,1.5377313576206355
221,0.4841628959276018,0.38560560835470653,83929.19171170582,1.717237251717147
221,0.3755656108597285,0.06756073300298074,16515.90893074782,1.1173669831117674
221,0.43891402714932126,0.24748190291699418,54142.413088588146,1.4287494468423834
221,0.4072398190045249,0.15384413903091582,34809.4043341886,1.2586926765847128
221,0.4253393665158371,0.21501601043971486,45472.62687652458,1.3473878088906137
221,0.4434389140271493,0.27208750560584793,59654.58779759666,1.4761469466095292
221,0.36199095022624433,0.022717186207183892,5062.349156312666,1.0350330293483663
221,0.42081447963800905,0.20005188999358575,43410.52152577725,1.328716383250894
221,0.3755656108597285,0.061076360434532975,12604.345594066694,1.088282405833362
221,0.34841628959276016,-0.02871206710127358,-6159.99551211666,0.9582944745614782
221,0.4117647058823529,0.16568588202453693,36468.60605277808,1.2760026171602574
221,0.416289592760181,0.18700135650308294,38700.85831712929,1.290450478118012
221,0.42081447963800905,0.20083881343845175,42144.07273987107,1.3174241888177225
221,0.4117647058823529,0.17765667974899027,38170.21328690322,1.2874372450182148
221,0.43891402714932126,0.2590214535913788,55554.07104543821,1.4397364229669083
221,0.39819004524886875,0.13240133432229376,29277.97584200975,1.2147783055777366
221,0.45701357466063347,0.30756707469368644,65316.78449785346,1.5271441821656924
221,0.4479638009049774,0.27444629758076117,61111.748067164765,1.4914932338258116
221,0.43891402714932126,0.25316517367466573,55513.66809488871,1.4365705720695248
221,0.35294117647058826,-0.003046649062327536,-934.6922868615629,0.9936454601274053
221,0.4343891402714932,0.24354152827958644,53471.57559314318,1.4194949369915084
221,0.43891402714932126,0.25185213793948735,53901.85179779891,1.424007786656494
221,0.4343891402714932,0.2329544948738221,50524.36150992589,1.393912563503132
221,0.4434389140271493,0.26765768769628995,56545.909572246346,1.4459205223442364
221,0.4072398190045249,0.15451611693842698,34026.47326811755,1.252938060204632
221,0.3891402714932127,0.10383664674553618,22092.001595440644,1.1585265905891327
221,0.3891402714932127,0.09732989016474765,20831.81037293843,1.1494810332813943
221,0.40271493212669685,0.15202592543900006,33151.35219717766,1.2462296907004273
221,0.3936651583710407,0.11816116728054632,24875.543124512256,1.1799204358395459
221,0.4298642533936652,0.2225259971989522,49186.663164550446,1.3818303736974549
221,0.39819004524886875,0.1318451590974959,29114.656666232073,1.2134894518832569
221,0.43891402714932126,0.25643786814569697,55977.310017569805,1.440839068557869
221,0.4072398190045249,0.15040418726513605,32784.61923618244,1.2441241886404928
221,0.38461538461538464,0.09138763060458117,18887.76242583391,1.1346665202420152
221,0.36199095022624433,0.0232001058586035,4773.068037481664,1.032767735787393
221,0.4117647058823529,0.16641849102470122,36936.07658508605,1.2768323674457722
221,0.4298642533936652,0.22989280568736326,50351.431460414635,1.391319260236801
221,0.4253393665158371,0.20537456026942644,42623.29601338385,1.3267236112468084
221,0.416289592760181,0.19171348131296032,41479.1813589907,1.3157681530460412
221,0.4253393665158371,0.21321849548838048,45189.4213178835,1.3464258314803728
221,0.4434389140271493,0.27182875482488195,56858.470345660695,1.4497630469509988
221,0.4479638009049774,0.2860944096694306,61493.043973601176,1.4945870440147517
221,0.3574660633484163,0.005365906177766693,1358.6421286340828,1.009342339530656
221,0.4479638009049774,0.27477459720235875,61335.468817575405,1.4941531029756898
221,0.40271493212669685,0.14566817660947834,32617.458589068716,1.240995755196472
221,0.40271493212669685,0.1415402362006031,30301.966517199926,1.2234732989185293
221,0.38009049773755654,0.08319414581429567,16883.844834573916,1.1208416826597314
221,0.3755656108597285,0.06396961260065498,13164.450674481688,1.0926182687010901
221,0.3936651583710407,0.11790809189171708,25731.265804120987,1.1867139968273606
221,0.42081447963800905,0.19566068173922999,41978.93079271964,1.3200900469219319
221,0.3891402714932127,0.11238830981425842,23043.55220233936,1.1672695560131905
221,0.3936651583710407,0.11031503912999054,25431.25410275607,1.1856134978944004
221,0.4072398190045249,0.1520274040375186,32653.429710290045,1.2427917904583545
221,0.3393665158371041,-0.04041425479630109,-8914.020635195488,0.9402405023515311
221,0.416289592760181,0.18760241915672823,40063.814715222914,1.3031837980202696
221,0.4117647058823529,0.1803757698510329,39483.96967682978,1.3008666552586525
221,0.38009049773755654,0.0700464802073838,12355.125560952158,1.0867032303018822
221,0.40271493212669685,0.14700779807938177,29560.219167529725,1.2167499617008353
221,0.38009049773755654,0.07168901415380509,13220.383482210067,1.093445929292524
221,0.3891402714932127,0.10533188786627448,23018.43415534165,1.1658551806577606
221,0.45248868778280543,0.29455643569397977,64540.38913365772,1.5197415636087899
221,0.37104072398190047,0.04925845340430183,11585.641789711104,1.0809614742431803
221,0.38461538461538464,0.08719960413014821,18961.437153302868,1.1365162408684328
221,0.40271493212669685,0.14490828884317372,31903.553116968607,1.2374693181316843
221,0.42081447963800905,0.19918785700287978,43440.84626206034,1.3305230785871611
221,0.416289592760181,0.1860725341020642,39286.862691905146,1.294736429249747
221,0.3755656108597285,0.064499841945469,13320.133034530121,1.0935252571299998
221,0.43891402714932126,0.2549220108684944,56327.98803251626,1.44447784049595
221,0.39819004524886875,0.13455471210824757,28104.542318897744,1.2057902866758163
221,0.38461538461538464,0.08788495370290043,20510.157125028243,1.1469845732401
221,0.416289592760181,0.17634695650320753,37734.14184086584,1.2863087250871603
221,0.38009049773755654,0.06519734679287278,14193.380813685397,1.100613379908874
221,0.42081447963800905,0.19314147113215893,41598.02918987002,1.3156737342456788
221,0.4298642533936652,0.22799631712713495,48419.77414224521,1.3728985038363155
221,0.4072398190045249,0.14773827309274212,31901.504487979008,1.2370729193212617
221,0.39819004524886875,0.13619727214126792,30318.896586108884,1.2232834699908481
221,0.39819004524886875,0.13281102578648651,29719.470062691427,1.217625725432766
221,0.43891402714932126,0.23827124217671034,51103.7849702248,1.4002921351979174
221,0.43891402714932126,0.24571580295840323,53314.75274918074,1.4187402334451662
221,0.45248868778280543,0.2870331811759619,62003.86597765667,1.4982610254535236
221,0.3891402714932127,0.10509320004363769,22588.500318729526,1.1626802186131382
221,0.4072398190045249,0.15530839616318398,32858.3856123858,1.2434249045646388
221,0.4298642533936652,0.22685351847946517,48491.17553793945,1.37405369742932
221,0.37104072398190047,0.0521876150736236,10846.023922402437,1.0759924874479068
221,0.3936651583710407,0.12007579271412551,25984.96189682652,1.1908787876613185
221,0.4072398190045249,0.1478461740079162,32590.95550755996,1.2412580991340354
221,0.416289592760181,0.18841630032693746,40991.78771881334,1.3088798028735096
221,0.3936651583710407,0.12036186160506637,26906.94720096669,1.1970964524859526
221,0.416289592760181,0.19003309280699784,41578.768571813715,1.3165456294432245
221,0.42081447963800905,0.19717415324564214,44009.17382506909,1.3361139483166562
221,0.4343891402714932,0.24067427353837095,52808.921320921494,1.4130180521248805
221,0.4253393665158371,0.20878184772737263,46429.60267785446,1.356350085367545
221,0.38009049773755654,0.07334662630772215,17200.755956502035,1.124135386186097
221,0.3438914027149321,-0.03390572960061589,-8057.481039656205,0.9459467505518017
221,0.45701357466063347,0.3120421174186953,66760.2449972726,1.5435374182751922
221,0.4253393665158371,0.21399793175863108,44665.63633599713,1.3399928406980706
221,0.38461538461538464,0.08962172775143208,19613.41081818674,1.1409263953715367
221,0.4343891402714932,0.2407496876982602,52948.07428226109,1.415843956475458
221,0.4479638009049774,0.28502069498702176,62264.331960280666,1.5030717082927876
221,0.4479638009049774,0.2814347423136901,60405.02065322304,1.4811665010469728
221,0.4343891402714932,0.23722383539688235,49895.40641267781,1.3886898633951292
221,0.3755656108597285,0.04759432309960623,11094.132754018845,1.078976864150714
221,0.3891402714932127,0.10405874049346858,22950.329986622863,1.165749926929232
221,0.3755656108597285,0.050133727153906286,11481.245427787168,1.080668781531492
221,0.48868778280542985,0.3855562207080637,84069.64352477681,1.7266569193344776
221,0.36199095022624433,0.027581744619528722,5739.468242831226,1.0398949596891855
221,0.42081447963800905,0.19662860073839653,40877.63432332444,1.3088079864895232
221,0.47058823529411764,0.34503453945172813,72292.2606487044,1.601081263562222
221,0.4479638009049774,0.271973214578417,58928.49779487534,1.470616104037289
221,0.46153846153846156,0.32157744139140726,69492.76491771099,1.5653133908314945
221,0.4298642533936652,0.2189199620432556,45997.402975410936,1.3543256704398774
221,0.4117647058823529,0.17414064905653687,37279.37648937916,1.279058709960197
221,0.40271493212669685,0.1387557294997431,30672.1774639012,1.2267980723089271
221,0.4434389140271493,0.2578451358336843,56359.415494771965,1.4451350382803618
221,0.3936651583710407,0.12032887442506707,26721.075700554644,1.1958069919084837
221,0.4072398190045249,0.16315846370799417,35089.645446468865,1.2611673785560589
221,0.4072398190045249,0.16050743990028152,33585.41457092954,1.2486596759892095
221,0.38461538461538464,0.09079459799053513,20511.439693092354,1.1466125611319893
221,0.40271493212669685,0.1491022603457404,34604.003606409155,1.2589366575210785
221,0.4796380090497738,0.38229138229194787,82038.76861470452,1.6980734570431208
221,0.4072398190045249,0.16005742241397347,35293.28356143051,1.2621520059244082
221,0.3393665158371041,-0.044347095997800776,-9906.841086030927,0.9344346002346107
221,0.38461538461538464,0.09033288359378622,20090.643529686953,1.1434778027157215
221,0.3936651583710407,0.12002840278948394,26057.62055651238,1.1891676064635412
221,0.4434389140271493,0.2705117256104548,59715.23305063858,1.4773819977672622
221,0.42081447963800905,0.19220641253548854,42780.538025845715,1.3261222161930921
221,0.3936651583710407,0.12266849795560171,28174.099021786187,1.2065225666690853
221,0.42081447963800905,0.1941366996452233,41055.91322229437,1.3118790059183352
221,0.40271493212669685,0.1470690766369062,31802.95757409152,1.2346991101147629
221,0.43891402714932126,0.25370719632052635,53552.85741110711,1.4171709843154148
221,0.38009049773755654,0.06982291420099339,15697.1512546651,1.1118939076932577
221,0.43891402714932126,0.2472684489471788,52000.728080445355,1.4044127792096635
221,0.37104072398190047,0.04894486168477455,9023.491592767663,1.0633231953269726
221,0.4434389140271493,0.27508115254130855,59809.02373313732,1.4788960622008478
221,0.4343891402714932,0.23331899586139732,49748.52501972753,1.3871273289108066
221,0.42081447963800905,0.19169173649477741,40924.50655282388,1.3115387317812814
221,0.4434389140271493,0.26807562073507657,58685.88880362811,1.465762901099507
221,0.4434389140271493,0.2676720477608477,55171.46801671234,1.4328641394046087
221,0.4298642533936652,0.2314978712094269,51284.72396574644,1.40007421430646
221,0.416289592760181,0.1842951735281055,41523.38069683804,1.3165120828576826
221,0.40271493212669685,0.14506515420375135,32543.65626082206,1.2403245850810456
221,0.4298642533936652,0.22686368070465207,48387.926807499454,1.373729990560746
221,0.4343891402714932,0.24043000583502205,51994.30873355226,1.404343685155665
221,0.46153846153846156,0.3170996001351973,68099.56548910268,1.556029706391002
221,0.416289592760181,0.18728566787083079,38712.654998736965,1.2898744161405178
221,0.3755656108597285,0.05709613074538446,12994.312055091872,1.0913605810933789
221,0.42081447963800905,0.20010603784081335,42762.5575471644,1.3228573145884346
221,0.42081447963800905,0.19775272014634662,42940.98907400627,1.327166024491309
221,0.37104072398190047,0.057706992513498825,12391.290286553236,1.0874645865839059
221,0.3936651583710407,0.11935899796094637,25748.533057200526,1.1863054487080706
221,0.39819004524886875,0.13615942857021154,29244.449716202296,1.2150197877953772
221,0.4072398190045249,0.1641930077334252,35340.68641157935,1.2647373819973589
221,0.35294117647058826,-0.0032034144393191574,-930.5277373592653,0.9936782242050243
221,0.4298642533936652,0.22757819076779875,48673.15812816667,1.380086532405547
221,0.4434389140271493,0.2683704634688915,57171.13193161534,1.4510866396241133
221,0.3574660633484163,0.010141825232500004,2941.0041841727834,1.020229492678139
221,0.4343891402714932,0.24307635350016116,52526.51593685413,1.4127227599836532
221,0.40271493212669685,0.14111734919214677,29121.118288825244,1.2171377828082877
221,0.4072398190045249,0.16140647149648468,34794.59781027456,1.259278686085755
221,0.3665158371040724,0.02689103495251001,5447.614645686537,1.0379108304850222
221,0.3755656108597285,0.06334993801017971,14931.392980734749,1.106438167252286
221,0.3936651583710407,0.12209008012859845,26617.48799053981,1.1943516976416855
221,0.4479638009049774,0.2787432902089937,60873.10564978973,1.4844742104762831
221,0.42081447963800905,0.20501746197742446,43556.101595903456,1.33234431164566
221,0.42081447963800905,0.19549844734927205,41796.53048094975,1.3181815300037372
221,0.4343891402714932,0.2446705994859447,52631.57548009898,1.4115218367316236
221,0.4072398190045249,0.16070600180865438,33976.527942319386,1.2539612929267192
221,0.3891402714932127,0.0986873876804048,22180.943720984596,1.1602398712293795
221,0.40271493212669685,0.14555120630717056,30761.65551101109,1.2274384327618821
221,0.39819004524886875,0.1237421862289054,26837.975407933343,1.198216715115172
221,0.3755656108597285,0.06406541626882553,14328.202283087081,1.1012488516454164
221,0.4117647058823529,0.1557729334472238,32623.910430784705,1.245838094759502
221,0.3755656108597285,0.06226702797263758,14675.3376608228,1.1040394914091118
221,0.45701357466063347,0.3125297789350986,66904.057993911,1.545778784444519
221,0.3665158371040724,0.0376447198964435,8688.2234472518,1.060480338390068
221,0.38009049773755654,0.0686558373894119,15327.107883063836,1.1087900940749078
221,0.3891402714932127,0.10892106104135979,23705.280069591463,1.1723735720295396
221,0.4117647058823529,0.1638883009087643,33861.18750403142,1.252398588652955
221,0.3891402714932127,0.10726151599822648,22708.095119831836,1.16457734088985
221,0.3665158371040724,0.0275303092317168,7648.379399966245,1.0537144491934616
221,0.4117647058823529,0.17350597214634908,38556.320941633174,1.2887650919967726
221,0.38461538461538464,0.09478680570955009,21327.261130969928,1.153746957232557
221,0.40271493212669685,0.14494348821763411,31838.07017541336,1.2344330471939189
221,0.36199095022624433,-0.0018745414101232964,675.7276837301529,1.004699797661806
221,0.4298642533936652,0.21786463188232436,47499.600486614436,1.369127486927104
221,0.4298642533936652,0.23356510337836872,49569.73245033667,1.3870057400658464
221,0.4298642533936652,0.2206419629092365,46236.82938079749,1.3568843696289932
221,0.4117647058823529,0.17318874311715224,38164.22220319493,1.285791059793911
221,0.3665158371040724,0.03747907144122407,8042.900351371481,1.055836389689782
221,0.47058823529411764,0.35006296647652335,74588.3399082164,1.6264462580264007
221,0.3936651583710407,0.11906665115552176,25872.53112521856,1.1879566315063554
221,0.4253393665158371,0.2132516083358687,45921.3945987655,1.3508786572999638
221,0.37104072398190047,0.0491492720725257,12089.40189883716,1.0850486946680353
221,0.34841628959276016,-0.01438308682188858,-3517.301395438172,0.976149601559066
221,0.42081447963800905,0.19362286603421794,42439.811903964786,1.323073524063967
221,0.4479638009049774,0.28063658997678453,61357.58460200587,1.4906213511407924
221,0.4298642533936652,0.226272826885204,49506.232465754845,1.3817498511492297
221,0.38009049773755654,0.07380266436558025,15664.736871117431,1.111214327104509
221,0.4072398190045249,0.1566971421238289,31945.90202794174,1.2394535956971406
221,0.3755656108597285,0.04831518793421777,11701.345576558171,1.0827766506372547
221,0.39819004524886875,0.11769434814789254,24851.82388919979,1.1808902282954272
221,0.4117647058823529,0.1728653276465447,36909.035635350156,1.2751118039243539
221,0.4298642533936652,0.22721108830710277,49321.17988950017,1.3799959368330903
221,0.4298642533936652,0.22738498701531587,48354.235366178196,1.3788734821970474
221,0.45248868778280543,0.28351874181895154,60833.44267469953,1.490060557215043
221,0.3755656108597285,0.06470246846890236,11928.425990107242,1.084443438559411
221,0.3755656108597285,0.050332573441189445,11274.94062562503,1.0797791600198197
221,0.36199095022624433,0.02012826407709161,4476.963938072604,1.0307754622241683
221,0.4072398190045249,0.16265549412783084,34212.8505001539,1.2549129613482863
221,0.416289592760181,0.18756308550770057,39987.53289377658,1.302125474570482
221,0.4117647058823529,0.17561540485502228,38563.27623836752,1.290473793995025
221,0.40271493212669685,0.14277994026777915,32249.93720528396,1.2395657958968977
221,0.42081447963800905,0.19654255290316888,41858.687958752016,1.3198899488240097
221,0.37104072398190047,0.05943887609374448,12508.481406509392,1.0886268072634695
221,0.416289592760181,0.19161434072055597,38817.55643995755,1.2936247483794507
221,0.4117647058823529,0.17275537677810024,37054.57361745323,1.276032095674944
221,0.4117647058823529,0.17440353649332102,37465.98094762785,1.2807285675893585
221,0.4072398190045249,0.15724189066922228,34205.73111769698,1.2556343421163971
221,0.45248868778280543,0.29607873406530916,65357.259094983456,1.52861822908366
221,0.4343891402714932,0.24117634201297058,53523.93331902531,1.4165892937986444
221,0.4117647058823529,0.16480532907959877,35605.31949752314,1.2679928656827335
221,0.4343891402714932,0.24209513078455625,53307.795324386454,1.4215937443709161
221,0.36199095022624433,0.022555662375366478,5297.448853593562,1.0365931238833732
221,0.42081447963800905,0.20054786693436275,43504.82679849147,1.3306695885102662
221,0.3665158371040724,0.04220067918579986,8817.515974323624,1.0616487332665367
221,0.3936651583710407,0.12419847284143426,26878.34068130395,1.1969420480299824
221,0.42081447963800905,0.199070172089553,44390.48164645329,1.3393603212022192
221,0.4072398190045249,0.16450388922954665,35947.36823969059,1.2679039200009932
221,0.4343891402714932,0.24012246369948623,52731.91678930321,1.4107622288526889
221,0.39819004524886875,0.13573903045786476,28911.224391542786,1.212832381767227
221,0.3755656108597285,0.0674377004385357,15885.780224338998,1.1127300938281945
221,0.43891402714932126,0.2520920583975205,54770.562739264475,1.4310977496114576
221,0.4479638009049774,0.2649802088533387,58108.71324557287,1.4678546667827317
221,0.40271493212669685,0.13693364418587228,28862.59485715729,1.2124371950876134
221,0.3574660633484163,0.009997310352765977,1757.0493074028254,1.0119899808510557
221,0.40271493212669685,0.13668591880592676,29244.609788640977,1.2148223764427488
221,0.38009049773755654,0.06759007003570118,15883.446529477294,1.1138872436157876
221,0.37104072398190047,0.05090875912727266,12369.542218231538,1.087223713048553
221,0.37104072398190047,0.05510138083014575,11999.788994342449,1.0843201439895356
221,0.40271493212669685,0.152685332011504,33052.81322701295,1.2460692885805855
221,0.39819004524886875,0.13240981288924775,29215.89878584606,1.2138351237617362
221,0.416289592760181,0.18334368719052302,40297.60545473191,1.3046421239933907
221,0.4072398190045249,0.15899014550189652,32134.62832129032,1.2367889002413035
221,0.39819004524886875,0.1330922971867324,29115.473435100237,1.2129644824976575
221,0.3755656108597285,0.0657002594980933,15474.853997803359,1.1104837528022422
221,0.416289592760181,0.1871874715580664,43333.38727610541,1.3306014739000693
221,0.416289592760181,0.18365993071920295,37949.16272177848,1.2841877012367415
221,0.39819004524886875,0.1270509163136594,27002.92649090141,1.1980514428324665
221,0.38461538461538464,0.09176388896645339,19198.51651769776,1.1379779303209545
221,0.39819004524886875,0.1345885254149106,27122.922714403387,1.1985611671574128
221,0.3891402714932127,0.10510285820207634,23880.70563308611,1.171950536819864
221,0.45248868778280543,0.28873966398789314,63043.43693031256,1.509477912646947
221,0.37104072398190047,0.03880058054414932,8952.740738767325,1.0628234623303083
221,0.4298642533936652,0.2198217561873764,47578.540532403,1.3649410732011056
221,0.3574660633484163,0.010064337157679612,2101.238663279404,1.0143451558001626
221,0.39819004524886875,0.12398935480695177,27035.031663842696,1.1977779185500057
221,0.4479638009049774,0.26898200956717067,56102.231586111186,1.4459001560523963
221,0.4434389140271493,0.26059014523927077,57295.155082996695,1.4542066628578474
221,0.42081447963800905,0.1774087587256401,37369.471612045636,1.2814566510642884
221,0.4298642533936652,0.22423617257608963,46969.11837620101,1.3633510814487182
221,0.37104072398190047,0.0545496640830539,12526.923408077077,1.0882288243929774
221,0.416289592760181,0.1818963640150853,39363.61881494705,1.2990516371359853
221,0.4434389140271493,0.2673789830172167,57548.29102021983,1.454866082682903
221,0.43891402714932126,0.2521982206828608,54585.90309304143,1.4312700986121387
221,0.42081447963800905,0.19174308259847558,40266.06893756572,1.3047840026534834
221,0.4434389140271493,0.27046467314580397,57702.891879704475,1.4567615350285805
221,0.45701357466063347,0.3093541146846731,65697.81941043085,1.5289336255860284
221,0.45701357466063347,0.31351314935094843,68058.32087546361,1.5550054349570275
221,0.43891402714932126,0.2590125207989262,55141.268329406535,1.4353844389081367
221,0.39819004524886875,0.13376369605964458,30336.894996749237,1.2229205988395906
221,0.40271493212669685,0.1462080077141201,32010.221762568643,1.2365840701919983
221,0.42081447963800905,0.1990135251548453,43386.784474140266,1.3291191836254475
221,0.39819004524886875,0.13185352494663793,29060.56317313606,1.21217422200907
221,0.39819004524886875,0.11981693815823337,25117.855474862827,1.1838207867712514
221,0.43891402714932126,0.2540458098038512,55811.386407226106,1.4387147550709025
221,0.4343891402714932,0.24091568294526533,52363.82793567133,1.408830772134421
221,0.4479638009049774,0.2812754169313311,60875.54857354039,1.4856893754449125
221,0.4072398190045249,0.14695133812762975,30023.934466694045,1.2232390865666989
221,0.4072398190045249,0.15017889009666352,32277.394883149565,1.2388544714869547
221,0.4072398190045249,0.15881098854914172,36312.9554588211,1.2720231943634726
221,0.416289592760181,0.17914761307772148,37386.63116284673,1.2806530948757957
221,0.4253393665158371,0.21399089650020695,45929.89393908565,1.3519910693645347
221,0.45248868778280543,0.28123529775016914,60575.87259640946,1.4870075551456703
221,0.4072398190045249,0.16251336369768937,34157.791682738156,1.2542919646180795
221,0.38009049773755654,0.07806263714965574,16983.69169175062,1.1204649033840113
221,0.39819004524886875,0.13115252656344487,28530.261654206734,1.2100260610972404
221,0.4072398190045249,0.1576929156580284,35242.955356750936,1.261338776105959
221,0.40271493212669685,0.1485710603681127,32495.61984624028,1.239620232423395
