date,cash,market_value,equity,unrealized_pnl,open_positions,daily_return,realized_pnl
2021-01-01,715411.1863060816,326066.2684326172,1041477.4547386988,14918.281597850508,4,0.00036649648182041084,0.0
2021-01-04,715411.1863060816,334867.169921875,1050278.3562279567,23719.183087108333,4,0.008450400389575341,0.0
2021-01-05,715411.1863060816,340172.11181640625,1055583.298122488,29024.124981639583,4,0.005050986591386808,0.0
2021-01-06,795577.1402217203,259866.12463378906,1055443.2648555094,18809.442010887957,3,-0.00013265960841524205,10074.649703773126
2021-01-07,909186.6415160716,147824.373046875,1057011.0145629467,10500.610684849602,2,0.001485394582201316,9876.581033475626
2021-01-08,909186.6415160716,147713.3291015625,1056899.9706176342,10389.566739537087,2,-0.00010505467188381967,0.0
2021-01-11,909186.6415160716,147639.97387695312,1056826.6153930249,10316.211514927712,2,-6.940602388938455e-05,0.0
2021-01-12,986291.0308366165,76979.84741210938,1063270.878248726,6758.49875540476,1,0.006097748449781948,10001.975615224133
2021-01-13,986291.0308366165,77117.65258789062,1063408.6834245073,6896.30393118601,1,0.0001296049563666024,0.0
2021-01-14,986291.0308366165,76142.45129394531,1062433.482130562,5921.102637240698,1,-0.0009170522200410147,0.0
2021-01-15,986291.0308366165,78153.79870605469,1064444.8295426713,7932.450049350073,1,0.0018931513792994625,0.0
2021-01-18,986291.0308366165,79468.20129394531,1065759.232130562,9246.852637240698,1,0.0012348245314464101,0.0
2021-01-19,571880.4859936943,494117.21831152844,1065997.7043052227,-586.1346914088112,4,0.00022375801913909754,10071.459503310498
2021-01-20,442544.9777315868,627261.6299799884,1069806.6077115752,3222.7687149436897,5,0.003573087813387943,0.0
2021-01-21,442544.9777315868,634683.8305664062,1077228.8082979931,10644.969301361438,5,0.006937890019481863,0.0
2021-01-22,745178.5077228906,331580.34173583984,1076758.8494587303,5886.179018395061,3,-0.0004362664975562369,4288.831443703803
2021-01-25,745178.5077228906,330967.3801269531,1076145.8878498436,5273.217409508342,3,-0.0005692654480572434,0.0
2021-01-27,614103.8301374069,458827.16332141834,1072930.9934588252,2058.3230184898816,4,-0.002987415021806994,0.0
2021-01-28,621661.7042344682,443922.29716686753,1065584.0014013357,335.19295439670674,4,-0.006847590480916987,-5623.861993396365
2021-01-29,440174.6228399224,613843.1183019789,1054017.7411419014,-11231.067305037786,6,-0.010854386180933373,0.0
2021-02-01,112061.2608590251,957792.3352459717,1069853.5961049967,-146.26112759083782,9,0.015024277433830724,4751.048785648613
2021-02-02,224876.2019493365,844795.9394683838,1069672.1414177204,5257.029326376353,8,-0.00016960702654733595,-5584.745141243714
2021-02-03,145731.14882149163,929346.2972283174,1075077.446049809,10662.333958464942,9,0.005053234933205308,0.0
2021-02-04,249387.87318044025,838188.4568939209,1087576.330074361,12859.357229202138,8,0.011626031287770955,10301.860753815034
2021-02-05,358784.9503849035,737994.5319824219,1096779.4823673253,11713.348220981345,7,0.008462074834172828,10349.161301185035
2021-02-08,432226.11771308654,674635.2802124023,1106861.397925489,11441.491613952534,6,0.009192290446938811,10353.772165192322
2021-02-09,432226.11771308654,678365.8912200928,1110592.0089331793,15172.102621642962,6,0.0033704409736237118,0.0
2021-02-10,432226.11771308654,680145.1674194336,1112371.2851325201,16951.37882098378,6,0.0016020970662755651,0.0
2021-02-11,432226.11771308654,682339.6222076416,1114565.7399207281,19145.833609191774,6,0.00197277187710454,0.0
2021-02-12,432226.11771308654,675715.8094177246,1107941.9271308111,12522.020819274783,6,-0.005942953881202251,0.0
2021-02-15,432226.11771308654,669711.7116088867,1101937.8293219733,6517.923010436878,6,-0.005419144868347381,0.0
2021-02-16,432226.11771308654,670613.8580169678,1102839.9757300543,7420.069418517993,6,0.0008186908408762683,0.0
2021-02-17,550223.0762381601,549984.0082397461,1100207.084477906,10412.59796372558,5,-0.002387373789570213,-5625.419797355689
2021-02-18,550223.0762381601,552844.9149169922,1103067.9911551522,13273.504640971674,5,0.0026003347166263513,0.0
2021-02-19,694583.3294066559,398688.8619232178,1093272.1913298736,9216.299488576946,4,-0.008880504106569376,-5738.59467288393
2021-02-22,909611.0615542408,185331.4197998047,1094942.4813540454,6078.588078492385,2,0.001527789728320128,4808.001434256298
2021-02-23,1000051.9876757363,99491.56311035156,1099543.5507860878,208.68360567537002,1,0.00420211062260778,10470.973904859438
2021-02-24,1000051.9876757363,100882.2431640625,1100934.2308397987,1599.3636593863075,1,0.0012647794193478834,0.0
2021-02-25,1000051.9876757363,105129.52392578125,1105181.5116015174,5846.6444211050575,1,0.0038578878217629953,0.0
2021-02-26,1000051.9876757363,102799.15283203125,1102851.1405077674,3516.2733273550575,1,-0.002108586751847774,0.0
2021-03-01,785582.2223756354,318668.63172739546,1104250.8541030309,4915.986922618326,3,0.0012691772659536582,0.0
2021-03-02,658219.3030635901,446719.42055222,1104938.72361581,5603.856435397558,4,0.0006229286671803891,0.0
2021-03-03,658219.3030635901,447227.38272094727,1105446.6857845373,6111.818604124859,4,0.000459719763522326,0.0
2021-03-04,767918.5855891875,341475.7864379883,1109394.3720271757,-356.89817415799007,3,0.00357112314271113,10416.403020921227
2021-03-05,767918.5855891875,339207.61544799805,1107126.2010371855,-2625.06916414821,3,-0.0020445127965140752,0.0
2021-03-08,889449.0223641371,216912.39517211914,1106361.4175362564,2442.6298720182263,2,-0.0006907825866758754,-5832.4825370957105
2021-03-09,889449.0223641371,216870.77003479004,1106319.7923989273,2401.0047346891392,2,-3.7623453483903724e-05,0.0
2021-03-10,752106.6110081953,357171.69223515585,1109278.3032433512,5359.515579113092,3,0.0026741913728296485,0.0
2021-03-12,752106.6110081953,352931.6794433594,1105038.2904515546,1119.502787316621,3,-0.0038223165272407433,0.0
2021-03-15,883578.5242462909,221160.01174926758,1104738.5359955584,6690.246449166663,2,-0.0002712616011466551,-5870.49811784628
2021-03-16,883578.5242462909,221924.83863830566,1105503.3628845965,7455.073338204764,2,0.0006923148456561279,0.0
2021-03-17,883578.5242462909,218300.47149658203,1101878.9957428728,3830.706196481117,2,-0.0032784768128307773,0.0
2021-03-18,883578.5242462909,215415.06393432617,1098993.588180617,945.298634225272,2,-0.002618624706890338,0.0
2021-03-19,818233.9836714648,275363.1455414146,1093597.1292128796,1402.9943040093985,3,-0.004910364378623244,-5854.154637521644
2021-03-22,731499.2534748741,362761.2655527062,1094260.5190275803,2066.3841187102275,4,0.0006066126153587703,0.0
2021-03-23,731499.2534748741,361343.73028564453,1092842.9837605185,648.8488516486153,4,-0.001295427590060072,0.0
2021-03-24,809480.6623961336,276559.49420166016,1086040.1565977938,-468.76360521299466,3,-0.006224889818403634,-5685.214705863169
2021-03-25,890521.4826673736,190549.67651367188,1081071.1591810454,256.1489033894497,2,-0.004575334886616544,-5693.909925350756
2021-03-26,765274.9646681132,315939.814698003,1081214.779366116,399.7690884601484,4,0.00013284989045447837,0.0
2021-03-30,661390.9028955166,421442.3395583124,1082833.242453829,2018.2321761729488,5,0.0014968932339805008,0.0
2021-03-31,661390.9028955166,416672.85638046265,1078063.7592759794,-2751.2510016767974,5,-0.004404633133575864,0.0
2021-04-01,588702.8828792698,495690.89533895947,1084393.7782182293,3578.767940573243,6,0.005871655445037094,0.0
2021-04-05,588702.8828792698,487858.43992614746,1076561.3228054172,-4253.687472238778,6,-0.007222888557772422,0.0
2021-04-06,588702.8828792698,491086.3114128113,1079789.194292081,-1025.8159855749532,6,0.0029983164156894837,0.0
2021-04-07,485787.9001186448,604727.9846015682,1090515.884720213,9700.87444255701,7,0.009934059800593253,0.0
2021-04-08,599749.324436962,495515.6556968689,1095264.980133831,4001.855814503031,6,0.004354907140886377,10448.114041671852
2021-04-09,697292.0046572883,394478.59535980225,1091770.6000170906,-10254.987188926505,5,-0.003190442660107262,10762.46288668912
2021-04-12,1025562.9943991561,49558.80171203613,1075121.796111192,-4352.5992163306955,1,-0.015249360905704834,-22551.1918784942
2021-04-13,859228.5568273455,217969.128543837,1077197.6853711824,-2276.709956340413,3,0.0019308410149425637,0.0
2021-04-15,859228.5568273455,218724.34865570068,1077952.905483046,-1521.4898444767034,3,0.0007010970429290886,0.0
2021-04-16,859228.5568273455,219888.50470733643,1079117.0615346818,-357.33379284096145,3,0.0010799693063716642,0.0
2021-04-19,907600.0903264687,162907.93648147583,1070508.0268079445,-3426.501090334736,2,-0.007977850627710281,-5539.867429243707
2021-04-20,907600.0903264687,166866.27855682373,1074466.3688832924,531.8409850131571,2,0.0036976295144193205,0.0
2021-04-22,907600.0903264687,167363.02669143677,1074963.1170179055,1028.589119626209,2,0.00046232078452979053,0.0
2021-04-23,907600.0903264687,168008.1577796936,1075608.2481061623,1673.7202078830376,2,0.0006001425333053145,0.0
2021-04-26,832416.6831431818,244837.39243691726,1077254.0755800991,3319.5476818198526,3,0.0015301365314319693,0.0
2021-04-27,832416.6831431818,249895.30257415771,1082311.9857173394,8377.457819060308,3,0.004695187748086749,0.0
2021-04-28,832416.6831431818,254526.717754364,1086943.4008975457,13008.872999266614,3,0.004279186816116276,0.0
2021-04-29,951875.5889681441,139350.15323257446,1091225.7422007187,6896.938745772192,2,0.003939801556950284,10394.275556667139
2021-04-30,951875.5889681441,138611.1956100464,1090486.7845781907,6157.981123244116,2,-0.0006771812595236515,0.0
2021-05-03,951875.5889681441,139691.94316482544,1091567.5321329697,7238.728678023169,2,0.0009910689153349583,0.0
2021-05-04,951875.5889681441,141502.02950668335,1093377.6184748276,9048.81501988108,2,0.0016582449446080894,0.0
2021-05-05,951875.5889681441,143100.31857299805,1094975.9075411423,10647.104086195784,2,0.0014617905463842895,0.0
2021-05-06,951875.5889681441,144219.48922729492,1096095.0781954392,11766.274740492652,2,0.0010220961453024646,0.0
2021-05-07,951875.5889681441,147052.27551651,1098927.8644846543,14599.06102970774,2,0.002584434822824777,0.0
2021-05-10,951875.5889681441,147485.47452545166,1099361.063493596,15032.26003864939,2,0.00039420149669688875,0.0
2021-05-11,1037599.1196255318,62890.70342254639,1100489.8230480782,5620.896119030957,1,0.001026741433697298,10540.123474100814
2021-05-12,1037599.1196255318,63114.91062927246,1100714.0302548043,5845.103325757032,1,0.00020373401191942087,0.0
2021-05-14,1037599.1196255318,62554.38823699951,1100153.5078625313,5284.580933484082,1,-0.0005092352571750558,0.0
2021-05-17,951424.4296051636,148402.7695083017,1099827.1991134654,4958.2721844180705,2,-0.00029660292562261326,0.0
2021-05-18,951424.4296051636,148534.0301437378,1099958.4597489014,5089.532819854161,2,0.00011934659875834086,0.0
2021-05-19,951424.4296051636,147877.79499053955,1099302.2245957032,4433.297666655919,2,-0.0005965999419178525,0.0
2021-05-20,951424.4296051636,148208.03997802734,1099632.469583191,4763.542654143712,2,0.0003004132804418358,0.0
2021-05-21,951424.4296051636,148385.66983032227,1099810.099435486,4941.172506438641,2,0.00016153565596543906,0.0
2021-05-24,951424.4296051636,156374.64123153687,1107799.0708367005,12930.143907653233,2,0.007263955300387925,0.0
2021-05-25,1019290.7901866776,90016.02618408203,1109306.8163707596,3841.3361637138287,1,0.0013610279821956173,10596.553277998504
2021-05-26,1019290.7901866776,88824.6752319336,1108115.4654186112,2649.985211565391,1,-0.0010739598229875247,0.0
2021-05-27,1019290.7901866776,91974.88500976562,1111265.6751964432,5800.194989397422,1,0.002842853363337783,0.0
2021-05-28,1019290.7901866776,90709.05737304688,1109999.8475597245,4534.367352678672,1,-0.0011390864173816961,0.0
2021-05-31,1019290.7901866776,90565.88549804688,1109856.6756847245,4391.195477678672,1,-0.0001289836888849205,0.0
2021-06-01,1019290.7901866776,90016.02618408203,1109306.8163707596,3841.3361637138287,1,-0.0004954327220905164,0.0
2021-06-02,1019290.7901866776,89884.29382324219,1109175.0840099198,3709.603802873985,1,-0.00011875196194210957,0.0
2021-06-03,1019290.7901866776,90239.40539550781,1109530.1955821854,4064.71537513961,1,0.00032015826661191404,0.0
2021-06-04,1019290.7901866776,92845.49377441406,1112136.2839610917,6670.80375404586,1,0.002348821500562037,0.0
2021-06-07,1019290.7901866776,93561.46209716797,1112852.2522838456,7386.772076799766,1,0.0006437775055803119,0.0
2021-06-08,1019290.7901866776,95245.39489746094,1114536.1850841385,9070.704877092736,1,0.001513168344528415,0.0
2021-06-09,1116151.0654649502,0.0,1116151.0654649502,0.0,0,0.0014489259320815684,10685.585257904415
2021-06-10,1116151.0654649502,0.0,1116151.0654649502,0.0,0,0.0,0.0
2021-06-11,1116151.0654649502,0.0,1116151.0654649502,0.0,0,0.0,0.0
2021-06-14,1116151.0654649502,0.0,1116151.0654649502,0.0,0,0.0,0.0
2021-06-15,1116151.0654649502,0.0,1116151.0654649502,0.0,0,0.0,0.0
2021-06-16,1116151.0654649502,0.0,1116151.0654649502,0.0,0,0.0,0.0
2021-06-17,973616.9418845056,142365.24622387748,1115982.188108383,-168.8773565671653,1,-0.00015130331528812047,0.0
2021-06-18,973616.9418845056,143102.1845703125,1116719.126454818,568.0609898678596,1,0.0006603495595967068,0.0
2021-06-21,866386.9773594758,249597.1223157725,1115984.0996752484,-166.96578970186224,2,-0.0006582020153117485,0.0
2021-06-22,866386.9773594758,250850.28466796875,1117237.2620274446,1086.1965624943987,2,0.0011229213324461806,0.0
2021-06-23,866386.9773594758,250698.99462890625,1117085.971988382,934.9065234318988,2,-0.00013541442288445005,0.0
2021-06-24,866386.9773594758,252787.0107421875,1119173.9881016633,3022.9226367131487,2,0.0018691633102907446,0.0
2021-06-25,866386.9773594758,253344.94580078125,1119731.923160257,3580.8576953068987,2,0.0004985239690391552,0.0
2021-06-28,866386.9773594758,251842.47412109375,1118229.4514805696,2078.3860156193987,2,-0.0013418137400664776,0.0
2021-06-29,866386.9773594758,252346.7001953125,1118733.6775547883,2582.6120898381487,2,0.0004509146790501184,0.0
2021-06-30,866386.9773594758,252210.904296875,1118597.8816563508,2446.8161914006487,2,-0.00012138357963287216,0.0
2021-07-01,866386.9773594758,252512.36572265625,1118899.343082132,2748.2776171818987,2,0.0002694993712439864,0.0
2021-07-02,866386.9773594758,255204.01123046875,1121590.9885899446,5439.923124994399,2,0.002405618990174885,0.0
2021-07-05,866386.9773594758,254092.8095703125,1120479.7869297883,4328.721464838149,2,-0.0009907369722658155,0.0
2021-07-06,1019615.3250189514,107798.3740234375,1127413.699042389,568.4094984077892,1,0.006188341988390578,10694.22407903096
2021-07-07,793782.5687438274,334766.738698934,1128549.3074427615,1704.017898780218,2,0.0010072685841382434,0.0
2021-07-08,793782.5687438274,332303.7990722656,1126086.367816093,-758.9217278881581,2,-0.002182394345045968,0.0
2021-07-09,793782.5687438274,333400.81939697266,1127183.3881408,338.09859681887315,2,0.0009741884424323555,0.0
2021-07-12,793782.5687438274,328964.7435455322,1122747.3122893595,-4097.977254621556,2,-0.003935540479138355,0.0
2021-07-13,793782.5687438274,329979.12271118164,1123761.691455009,-3083.5980889721422,2,0.0009034794869211549,0.0
2021-07-14,838326.4741457306,284615.8513231233,1122942.325468854,2344.0485605289787,2,-0.0007291278857298744,-6247.012635656228
2021-07-15,741513.2368288051,384067.37017764855,1125580.6070064537,4982.330098128661,3,0.00234943636708862,0.0
2021-07-16,741513.2368288051,387291.68280029297,1128804.919629098,8206.642720773061,3,0.002864577270231594,0.0
2021-07-19,741513.2368288051,383711.25915527344,1125224.4959840784,4626.21907575353,3,-0.003171871049424513,0.0
2021-07-20,600514.601263178,524358.225863256,1124872.827126434,4274.55021810909,4,-0.0003125321737124098,0.0
2021-07-22,264081.4188948213,868136.5214515729,1132217.9403463942,11619.663438069325,6,0.0065297276659475045,0.0
2021-07-23,449854.118540196,680401.0234985352,1130255.1420387311,-1073.9962774038017,5,-0.0017335870045148694,10730.861407810036
2021-07-26,551493.4625300536,576179.5677490234,1127673.0302790771,1934.5124981141907,4,-0.00228453882987556,-5590.620535172071
2021-07-27,794265.4465138785,339031.2507324219,1133296.6972463005,2598.068364065162,2,0.00498696591673542,4960.111101272362
2021-07-28,794265.4465138785,336093.1403808594,1130358.586894738,-340.04198749733825,2,-0.0025925341163541837,0.0
2021-07-29,794265.4465138785,340439.3796386719,1134704.8261525505,4006.197270315162,2,0.00384500928130449,0.0
2021-07-30,694377.2320907534,441093.0192344099,1135470.2513251633,4771.62244292801,3,0.0006745588411816161,0.0
2021-08-02,694377.2320907534,450403.3447265625,1144780.576817316,14081.947935080634,3,0.008199532732175996,0.0
2021-08-03,909556.9342331834,233381.38696289062,1142938.3211960741,1519.729700830792,2,-0.0016092652675534502,10719.962613007934
2021-08-04,909556.9342331834,234019.28564453125,1143576.2198777148,2157.628382471417,2,0.0005581217024668295,0.0
2021-08-05,909556.9342331834,234779.26416015625,1144336.1983933398,2917.606898096417,2,0.0006645630631478827,0.0
2021-08-06,909556.9342331834,235414.79028320312,1144971.7245163866,3553.1330211432924,2,0.0005553666168554017,0.0
2021-08-09,909556.9342331834,245518.90600585938,1155075.8402390429,13657.248743799542,2,0.00882477314182073,0.0
2021-08-10,909556.9342331834,247597.27294921875,1157154.2071824023,15735.615687158916,2,0.0017993337501798212,0.0
2021-08-11,324213.39934164786,829017.9541403844,1153231.3534820322,11812.761986789223,7,-0.0033900872295334894,0.0
2021-08-12,435156.11042658775,737280.6868858337,1172436.7973124215,19963.709155363555,6,0.016653591469223405,11054.496661814737
2021-08-13,95944.41533740913,1073481.69886717,1169426.114204579,16953.026047521045,8,-0.002567885206898879,0.0
2021-08-16,95944.41533740913,1069131.545501709,1165075.960839118,12602.872682060179,8,-0.0037199044151838834,0.0
2021-08-17,95944.41533740913,1076686.4329414368,1172630.848278846,20157.760121787975,8,0.0064844591199757495,0.0
2021-08-18,95944.41533740913,1072697.8813781738,1168642.296715583,16169.208558525008,8,-0.00340137014911146,0.0
2021-08-20,283069.26417439594,855076.8100395203,1138146.0742139162,-2277.619763233287,6,-0.026095429360528,-12049.394179908415
2021-08-23,323535.86376669625,813305.349356465,1136841.2131231613,2662.281345031196,6,-0.0011464794548943225,-6244.762199019329
2021-08-24,284844.10582654434,848765.3818005045,1133609.487627049,5392.700437768211,7,-0.0028427237320453047,-5962.144588849482
2021-08-25,284844.10582654434,844852.6555900574,1129696.7614166017,1479.9742273210804,7,-0.0034515644524444333,0.0
2021-08-26,284844.10582654434,844502.6269035339,1129346.7327300783,1129.9455407976284,7,-0.0003098430468053692,0.0
2021-08-27,284844.10582654434,849229.4666671753,1134073.5724937196,5856.7853044389885,7,0.0041854637080454005,0.0
2021-08-30,284844.10582654434,858544.41065979,1143388.5164863344,15171.729297053735,7,0.00821370343030936,0.0
2021-08-31,284844.10582654434,864341.9926338196,1149186.098460364,20969.311271083276,7,0.005070526676134168,0.0
2021-09-01,619226.784092957,541520.8413696289,1160747.625462586,10198.206734328778,5,0.010060622050433565,22332.63153897657
2021-09-02,619226.784092957,544029.9513549805,1163256.7354479376,12707.31671968034,5,0.0021616326670077513,0.0
2021-09-03,619226.784092957,546085.143371582,1165311.9274645392,14762.508736281903,5,0.001766757031335997,0.0
2021-09-06,619226.784092957,547979.2153930664,1167205.9994860236,16656.580757766278,5,0.0016253777008921055,0.0
2021-09-07,761854.8737230196,406673.3245239258,1168528.1982469454,7051.878507300989,4,0.0011327895517192488,10926.90101138729
2021-09-08,761854.8737230196,408965.763671875,1170820.6373948946,9344.317655250208,4,0.0019618175679358973,0.0
2021-09-09,761854.8737230196,412402.4545288086,1174257.3282518282,12781.008512183802,4,0.0029352838062202125,0.0
2021-09-13,761854.8737230196,416388.66485595703,1178243.5385789766,16767.21883933224,4,0.0033946650629661512,0.0
2021-09-14,840997.6404170938,338209.8063354492,1179207.446752543,6662.696967456537,3,0.0008180890809119656,11068.43004544205
2021-09-15,840997.6404170938,342807.0439453125,1183804.6843624064,11259.934577319818,3,0.0038985825797859253,0.0
2021-09-16,840997.6404170938,338136.0686645508,1179133.7090816447,6588.9592965581,3,-0.003945731371452932,0.0
2021-09-17,840997.6404170938,335449.00579833984,1176446.6462154337,3901.8964303471616,3,-0.002278844922772749,0.0
2021-09-20,931729.7963009248,237537.04077148438,1169266.8370724092,2618.6509450966655,2,-0.006102961971222065,-5896.563657773848
2021-09-21,931729.7963009248,236727.6025390625,1168457.3988399873,1809.2127126747905,2,-0.0006922613442527092,0.0
2021-09-22,931729.7963009248,238003.49389648438,1169733.2901974092,3085.1040700966655,2,0.0010919451224224996,0.0
2021-09-23,931729.7963009248,238905.1357421875,1170634.9320431123,3986.7459157997905,2,0.0007708097677128212,0.0
2021-09-24,931729.7963009248,239233.908203125,1170963.7045040498,4315.518376737291,2,0.0002808496927080295,0.0
2021-09-27,931729.7963009248,237302.48217773438,1169032.2784786592,2384.0923513466655,2,-0.0016494328713704265,0.0
2021-09-28,1023215.2551750772,143428.57470703125,1166643.8298821086,5991.946568119836,1,-0.002043098929363052,-5996.302813323894
2021-09-29,1023215.2551750772,144674.64135742188,1167889.8965324992,7238.013218510461,1,0.0010680780358787167,0.0
2021-09-30,1171935.2778367205,0.0,1171935.2778367205,0.0,0,0.0034638379150568888,11283.394522731762
2021-10-01,1171935.2778367205,0.0,1171935.2778367205,0.0,0,0.0,0.0
2021-10-04,1054190.6577811802,117605.11381180369,1171795.771592984,-139.50624373652064,1,-0.00011903920495848208,0.0
2021-10-05,1054190.6577811802,117347.61328125,1171538.2710624302,-397.0067742902113,1,-0.00021974864289164842,0.0
2021-10-06,844767.0747790441,325525.225124841,1170292.299903885,-1642.9779328353268,2,-0.0010635343200656733,0.0
2021-10-07,754776.1579207967,412855.82038331166,1167631.9783041084,-4303.29953261217,3,-0.0022732112310702712,0.0
2021-10-08,957886.6608962405,211251.46044921875,1169138.1213454593,3515.9235354310567,2,0.0012899124632903547,-6313.080026692256
2021-10-11,957886.6608962405,209248.27587890625,1167134.9367751468,1512.7389651185565,2,-0.0017133857272630948,0.0
2021-10-12,957886.6608962405,210308.884765625,1168195.5456618655,2573.3478518373067,2,0.0009087285910995835,0.0
2021-10-13,957886.6608962405,209650.49560546875,1167537.1565017093,1914.9586916810565,2,-0.0005635949928085582,0.0
2021-10-14,957886.6608962405,211328.11669921875,1169214.7775954593,3592.5797854310567,2,0.0014368888256854895,0.0
2021-10-18,957886.6608962405,213671.0439453125,1171557.704841553,5935.507031524807,2,0.0020038467619372113,0.0
2021-10-19,957886.6608962405,211205.25048828125,1169091.9113845218,3469.7135744935567,2,-0.0021047136191765237,0.0
2021-10-20,957886.6608962405,210298.0087890625,1168184.669685303,2562.4718752748067,2,-0.0007760225610869975,0.0
2021-10-21,957886.6608962405,213415.91748046875,1171302.5783767093,5680.380566681057,2,0.0026690203803532153,0.0
2021-10-22,957886.6608962405,209621.7822265625,1167508.443122803,1886.2453127748067,2,-0.0032392443455255826,0.0
2021-10-25,1069487.4521841686,93720.02880859375,1163207.4809927624,3729.111950346268,1,-0.003683880964951869,-6143.828767612107
2021-10-26,940836.3868587017,222566.53485062864,1163402.9217093303,3924.552666914256,2,0.00016801879265870845,0.0
2021-10-27,940836.3868587017,232840.0498046875,1173676.4366633892,14198.067620973117,2,0.008830573451684698,0.0
2021-10-28,940836.3868587017,229852.4755859375,1170688.8624446392,11210.493402223117,2,-0.0025454836830867134,0.0
2021-10-29,940836.3868587017,231382.57958984375,1172218.9664485455,12740.597406129367,2,0.0013070116689339883,0.0
2021-11-01,856961.8900467415,321068.00441273546,1178029.894459477,7378.501889570525,3,0.0049572035406804105,11173.02352749031
2021-11-02,958241.6604371491,223482.86372375488,1181724.5241609039,-215.72194116252922,2,0.0031362783905599656,11288.853532160203
2021-11-03,958241.6604371491,223898.27507781982,1182139.9355149688,199.68941290242674,2,0.0003515297732861189,0.0
2021-11-04,791362.7663972168,391502.4022509899,1182865.1686482066,924.9225461402107,3,0.0006134917799911488,0.0
2021-11-08,791362.7663972168,393702.5514450073,1185065.3178422241,3125.071740157671,3,0.0018600168914701953,0.0
2021-11-09,791362.7663972168,392672.8109664917,1184035.5773637085,2095.331261642031,3,-0.0008689314107939161,0.0
2021-11-10,791362.7663972168,391297.47008514404,1182660.2364823609,719.9903802943604,3,-0.0011615705707170854,0.0
2021-11-11,791362.7663972168,391104.69451904297,1182467.4609162598,527.2148141932862,3,-0.00016300164675731033,0.0
2021-11-12,630952.1228870288,553664.1402206245,1184616.2631076532,2676.0170055868066,4,0.0018172188769816078,0.0
2021-11-15,726312.7629403351,453881.5923919678,1180194.3553323029,4406.086672925687,3,-0.003732776522711423,-6151.977442689387
2021-11-16,726312.7629403351,447962.76042175293,1174275.523362088,-1512.745297289142,3,-0.005015133264680172,0.0
2021-11-17,726312.7629403351,446425.96253967285,1172738.725480008,-3049.54317936922,3,-0.0013087200163042212,0.0
2021-11-18,726312.7629403351,443496.40257263184,1169809.165512967,-5979.103146410236,3,-0.002498049994760665,0.0
2021-11-22,886849.6491280166,273502.3051147461,1160351.9542427626,-9094.306564363751,2,-0.008084405173947484,-6342.007852250779
2021-11-23,1080144.6413039886,76648.74245056372,1156793.3837545523,-90.92273116216239,1,-0.0030668026844774543,-12561.954321411822
2021-11-24,1080144.6413039886,76020.04272460938,1156164.684028598,-719.6224571165046,1,-0.0005434848908919543,0.0
2021-11-25,1080144.6413039886,78000.22583007812,1158144.8671340668,1260.5606483522454,1,0.0017127171698143595,0.0
2021-11-26,1080144.6413039886,72998.39599609375,1153143.0373000824,-3741.26918563213,1,-0.004318829168894811,0.0
2021-11-29,1150912.3775902642,0.0,1150912.3775902642,0.0,0,-0.0019344171864758009,-5971.928895450312
2021-11-30,1150912.3775902642,0.0,1150912.3775902642,0.0,0,0.0,0.0
2021-12-01,1150912.3775902642,0.0,1150912.3775902642,0.0,0,0.0,0.0
2021-12-02,1150912.3775902642,0.0,1150912.3775902642,0.0,0,0.0,0.0
2021-12-03,1150912.3775902642,0.0,1150912.3775902642,0.0,0,0.0,0.0
2021-12-06,1150912.3775902642,0.0,1150912.3775902642,0.0,0,0.0,0.0
2021-12-07,1150912.3775902642,0.0,1150912.3775902642,0.0,0,0.0,0.0
2021-12-08,1150912.3775902642,0.0,1150912.3775902642,0.0,0,0.0,0.0
2021-12-09,1150912.3775902642,0.0,1150912.3775902642,0.0,0,0.0,0.0
2021-12-10,1150912.3775902642,0.0,1150912.3775902642,0.0,0,0.0,0.0
2021-12-13,1150912.3775902642,0.0,1150912.3775902642,0.0,0,0.0,0.0
2021-12-14,1150912.3775902642,0.0,1150912.3775902642,0.0,0,0.0,0.0
2021-12-15,1150912.3775902642,0.0,1150912.3775902642,0.0,0,0.0,0.0
2021-12-16,1150912.3775902642,0.0,1150912.3775902642,0.0,0,0.0,0.0
2021-12-17,1150912.3775902642,0.0,1150912.3775902642,0.0,0,0.0,0.0
2021-12-20,1150912.3775902642,0.0,1150912.3775902642,0.0,0,0.0,0.0
2021-12-21,1150912.3775902642,0.0,1150912.3775902642,0.0,0,0.0,0.0
2021-12-22,1150912.3775902642,0.0,1150912.3775902642,0.0,0,0.0,0.0
2021-12-23,1150912.3775902642,0.0,1150912.3775902642,0.0,0,0.0,0.0
2021-12-24,1150912.3775902642,0.0,1150912.3775902642,0.0,0,0.0,0.0
2021-12-27,1150912.3775902642,0.0,1150912.3775902642,0.0,0,0.0,0.0
2021-12-28,1150912.3775902642,0.0,1150912.3775902642,0.0,0,0.0,0.0
2021-12-29,1150912.3775902642,0.0,1150912.3775902642,0.0,0,0.0,0.0
2021-12-30,1150912.3775902642,0.0,1150912.3775902642,0.0,0,0.0,0.0
2021-12-31,1150912.3775902642,0.0,1150912.3775902642,0.0,0,0.0,0.0
2022-01-03,1150912.3775902642,0.0,1150912.3775902642,0.0,0,0.0,0.0
2022-01-04,1150912.3775902642,0.0,1150912.3775902642,0.0,0,0.0,0.0
2022-01-05,1150912.3775902642,0.0,1150912.3775902642,0.0,0,0.0,0.0
2022-01-06,1150912.3775902642,0.0,1150912.3775902642,0.0,0,0.0,0.0
2022-01-07,1150912.3775902642,0.0,1150912.3775902642,0.0,0,0.0,0.0
2022-01-10,1150912.3775902642,0.0,1150912.3775902642,0.0,0,0.0,0.0
2022-01-11,1150912.3775902642,0.0,1150912.3775902642,0.0,0,0.0,0.0
2022-01-12,1150912.3775902642,0.0,1150912.3775902642,0.0,0,0.0,0.0
2022-01-13,1150912.3775902642,0.0,1150912.3775902642,0.0,0,0.0,0.0
2022-01-14,1150912.3775902642,0.0,1150912.3775902642,0.0,0,0.0,0.0
2022-01-17,1150912.3775902642,0.0,1150912.3775902642,0.0,0,0.0,0.0
2022-01-18,1150912.3775902642,0.0,1150912.3775902642,0.0,0,0.0,0.0
2022-01-19,1150912.3775902642,0.0,1150912.3775902642,0.0,0,0.0,0.0
2022-01-20,1150912.3775902642,0.0,1150912.3775902642,0.0,0,0.0,0.0
2022-01-21,1150912.3775902642,0.0,1150912.3775902642,0.0,0,0.0,0.0
2022-01-24,1150912.3775902642,0.0,1150912.3775902642,0.0,0,0.0,0.0
2022-01-25,1150912.3775902642,0.0,1150912.3775902642,0.0,0,0.0,0.0
2022-01-27,1150912.3775902642,0.0,1150912.3775902642,0.0,0,0.0,0.0
2022-01-28,1150912.3775902642,0.0,1150912.3775902642,0.0,0,0.0,0.0
2022-01-31,1150912.3775902642,0.0,1150912.3775902642,0.0,0,0.0,0.0
2022-02-01,1150912.3775902642,0.0,1150912.3775902642,0.0,0,0.0,0.0
2022-02-02,1150912.3775902642,0.0,1150912.3775902642,0.0,0,0.0,0.0
2022-02-03,1150912.3775902642,0.0,1150912.3775902642,0.0,0,0.0,0.0
2022-02-04,1150912.3775902642,0.0,1150912.3775902642,0.0,0,0.0,0.0
2022-02-07,1150912.3775902642,0.0,1150912.3775902642,0.0,0,0.0,0.0
2022-02-08,1150912.3775902642,0.0,1150912.3775902642,0.0,0,0.0,0.0
2022-02-09,1150912.3775902642,0.0,1150912.3775902642,0.0,0,0.0,0.0
2022-02-10,1150912.3775902642,0.0,1150912.3775902642,0.0,0,0.0,0.0
2022-02-11,1150912.3775902642,0.0,1150912.3775902642,0.0,0,0.0,0.0
2022-02-14,1150912.3775902642,0.0,1150912.3775902642,0.0,0,0.0,0.0
2022-02-15,1150912.3775902642,0.0,1150912.3775902642,0.0,0,0.0,0.0
2022-02-16,1150912.3775902642,0.0,1150912.3775902642,0.0,0,0.0,0.0
2022-02-17,1150912.3775902642,0.0,1150912.3775902642,0.0,0,0.0,0.0
2022-02-18,1150912.3775902642,0.0,1150912.3775902642,0.0,0,0.0,0.0
2022-02-21,1150912.3775902642,0.0,1150912.3775902642,0.0,0,0.0,0.0
2022-02-22,1150912.3775902642,0.0,1150912.3775902642,0.0,0,0.0,0.0
2022-02-23,1102862.0470703233,47993.39950162371,1150855.446571947,-56.93101831721308,1,-4.946598839805638e-05,0.0
2022-02-24,1102862.0470703233,46793.47674560547,1149655.5238159287,-1256.8537743354539,1,-0.0010426355104740104,0.0
2022-02-25,770658.283078125,378811.58463614236,1149469.8677142672,-1442.5098759968441,4,-0.0001614884613829748,0.0
2022-02-28,770658.283078125,383557.54597473145,1154215.8290528564,3303.451462592255,4,0.004128826228413152,0.0
2022-03-02,895911.0511030566,264716.6162414551,1160627.6673445117,-1452.1722339077692,3,0.00555514673275348,11167.461988155263
2022-03-03,983957.1249706664,171035.1522216797,1154992.277192346,-1094.3986835466114,2,-0.00485546770141998,-5993.163702526766
2022-03-04,1101973.9134833605,50063.14514160156,1152037.058624962,2012.81462166064,1,-0.002558647902449862,-6062.431872591288
2022-03-07,1101973.9134833605,46944.057067871094,1148917.9705512316,-1106.2734520698289,1,-0.0027074546347087836,0.0
2022-03-08,1101973.9134833605,45703.591735839844,1147677.5052192004,-2346.7387841010786,1,-0.0010796813731063226,0.0
2022-03-09,1101973.9134833605,46205.52020263672,1148179.4336859973,-1844.8103173042039,1,0.00043734277661999776,0.0
2022-03-10,1101973.9134833605,44900.52490234375,1146874.4383857043,-3149.8056175971724,1,-0.0011365778396705828,0.0
2022-03-11,1101973.9134833605,43997.060791015625,1145970.9742743762,-4053.2697289252974,1,-0.0007877620087163306,0.0
2022-03-14,1101973.9134833605,42849.805908203125,1144823.7193915637,-5200.524611737797,1,-0.0010011203674150648,0.0
2022-03-15,1101973.9134833605,43832.14245605468,1145806.0559394152,-4218.188063886242,1,0.0008580679551029036,0.0
2022-03-16,1101973.9134833605,43301.53350830078,1145275.4469916613,-4748.797011640141,1,-0.0004630879240019592,0.0
2022-03-17,1101973.9134833605,43036.23571777344,1145010.149201134,-5014.094802167485,1,-0.00023164540130871103,0.0
2022-03-21,1144183.4169863183,0.0,1144183.4169863183,0.0,0,-0.0007220304688063672,-5840.827016983181
2022-03-22,1144183.4169863183,0.0,1144183.4169863183,0.0,0,0.0,0.0
2022-03-23,1144183.4169863183,0.0,1144183.4169863183,0.0,0,0.0,0.0
2022-03-24,1144183.4169863183,0.0,1144183.4169863183,0.0,0,0.0,0.0
2022-03-25,1144183.4169863183,0.0,1144183.4169863183,0.0,0,0.0,0.0
2022-03-28,1144183.4169863183,0.0,1144183.4169863183,0.0,0,0.0,0.0
2022-03-29,1144183.4169863183,0.0,1144183.4169863183,0.0,0,0.0,0.0
2022-03-30,1144183.4169863183,0.0,1144183.4169863183,0.0,0,0.0,0.0
2022-03-31,1144183.4169863183,0.0,1144183.4169863183,0.0,0,0.0,0.0
2022-04-01,1144183.4169863183,0.0,1144183.4169863183,0.0,0,0.0,0.0
2022-04-04,1144183.4169863183,0.0,1144183.4169863183,0.0,0,0.0,0.0
2022-04-05,1144183.4169863183,0.0,1144183.4169863183,0.0,0,0.0,0.0
2022-04-06,1144183.4169863183,0.0,1144183.4169863183,0.0,0,0.0,0.0
2022-04-07,1144183.4169863183,0.0,1144183.4169863183,0.0,0,0.0,0.0
2022-04-08,1144183.4169863183,0.0,1144183.4169863183,0.0,0,0.0,0.0
2022-04-11,1144183.4169863183,0.0,1144183.4169863183,0.0,0,0.0,0.0
2022-04-12,1144183.4169863183,0.0,1144183.4169863183,0.0,0,0.0,0.0
2022-04-13,1144183.4169863183,0.0,1144183.4169863183,0.0,0,0.0,0.0
2022-04-18,1144183.4169863183,0.0,1144183.4169863183,0.0,0,0.0,0.0
2022-04-19,1144183.4169863183,0.0,1144183.4169863183,0.0,0,0.0,0.0
2022-04-20,1144183.4169863183,0.0,1144183.4169863183,0.0,0,0.0,0.0
2022-04-21,1144183.4169863183,0.0,1144183.4169863183,0.0,0,0.0,0.0
2022-04-22,1144183.4169863183,0.0,1144183.4169863183,0.0,0,0.0,0.0
2022-04-25,1144183.4169863183,0.0,1144183.4169863183,0.0,0,0.0,0.0
2022-04-26,1144183.4169863183,0.0,1144183.4169863183,0.0,0,0.0,0.0
2022-04-27,1144183.4169863183,0.0,1144183.4169863183,0.0,0,0.0,0.0
2022-04-28,1144183.4169863183,0.0,1144183.4169863183,0.0,0,0.0,0.0
2022-04-29,1144183.4169863183,0.0,1144183.4169863183,0.0,0,0.0,0.0
2022-05-02,1144183.4169863183,0.0,1144183.4169863183,0.0,0,0.0,0.0
2022-05-04,1144183.4169863183,0.0,1144183.4169863183,0.0,0,0.0,0.0
2022-05-05,1144183.4169863183,0.0,1144183.4169863183,0.0,0,0.0,0.0
2022-05-06,1144183.4169863183,0.0,1144183.4169863183,0.0,0,0.0,0.0
2022-05-09,1144183.4169863183,0.0,1144183.4169863183,0.0,0,0.0,0.0
2022-05-10,1144183.4169863183,0.0,1144183.4169863183,0.0,0,0.0,0.0
2022-05-11,1144183.4169863183,0.0,1144183.4169863183,0.0,0,0.0,0.0
2022-05-12,1144183.4169863183,0.0,1144183.4169863183,0.0,0,0.0,0.0
2022-05-13,1061461.2012646773,82624.20474174703,1144085.4060064245,-98.0109798939836,1,-8.566019961375737e-05,0.0
2022-05-16,845760.6914043617,297992.0469824318,1143752.7383867935,-430.6785995248712,3,-0.00029077166607005545,0.0
2022-05-17,845760.6914043617,301969.4838256836,1147730.1752300453,3546.7582437269384,3,0.003477532083430823,0.0
2022-05-18,845760.6914043617,299893.33880615234,1145654.030210514,1470.6132241956884,3,-0.0018089138582725317,0.0
2022-05-19,922608.4333690089,220118.0962524414,1142726.5296214502,4417.586392125766,2,-0.002555309466790723,-5874.473756993812
2022-05-20,922608.4333690089,225852.31134033203,1148460.7447093409,10151.801480016391,2,0.005018011693305402,0.0
2022-05-23,1035760.6226945975,115525.41943359375,1151286.0421281913,1847.4827417161969,1,0.0024600731299402323,11129.616157150484
2022-05-24,1035760.6226945975,113024.84930419922,1148785.4719987968,-653.0873876783345,1,-0.0021719798884838326,0.0
2022-05-25,1035760.6226945975,117448.87280273438,1153209.495497332,3770.936110856822,1,0.00385104408644521,0.0
2022-05-26,1035760.6226945975,118602.99865722656,1154363.6213518241,4925.061965349009,1,0.0010007946162413628,0.0
2022-05-27,1035760.6226945975,115756.21499633789,1151516.8376909355,2078.2783044603375,1,-0.002466106526776146,0.0
2022-05-30,1035760.6226945975,116102.45544433594,1151863.0781389335,2424.5187524583844,1,0.0003006820540221167,0.0
2022-05-31,1035760.6226945975,120026.37030029297,1155786.9929948905,6348.433608415416,1,0.0034065809820875703,0.0
2022-06-01,1035760.6226945975,120641.923828125,1156402.5465227226,6963.987136247447,1,0.0005325838857530574,0.0
2022-06-02,1035760.6226945975,122373.05877685547,1158133.681471453,8695.122084977915,1,0.0014970002910630331,0.0
2022-06-03,1035760.6226945975,119256.98895263672,1155017.6116472343,5579.052260759166,1,-0.0026905959770202603,0.0
2022-06-06,1035760.6226945975,119410.87060546875,1155171.4933000663,5732.933913591197,1,0.00013322883675570552,0.0
2022-06-07,1035760.6226945975,120988.13735961914,1156748.7600542167,7310.2006677415875,1,0.001365396188616641,0.0
2022-06-08,1035760.6226945975,120834.25570678711,1156594.8784013847,7156.319014909556,1,-0.00013302945129145538,0.0
2022-06-09,1035760.6226945975,119372.39346313477,1155133.0161577323,5694.4567712572125,1,-0.0012639362934694365,0.0
2022-06-10,1035760.6226945975,119449.33428955078,1155209.9569841484,5771.397597673228,1,6.660776320965844e-05,0.0
2022-06-13,1035760.6226945975,114563.63891601562,1150324.2616106132,885.7022241380718,1,-0.004229270483687708,0.0
2022-06-14,1035760.6226945975,116487.14611816406,1152247.7688127616,2809.2094262865094,1,0.0016721434697510862,0.0
2022-06-15,1035760.6226945975,113986.60290527344,1149747.225599871,308.66621339588426,1,-0.0021701436796593976,0.0
2022-06-16,1035760.6226945975,109985.70684814453,1145746.329542742,-3692.229843733022,1,-0.0034798049241140383,0.0
2022-06-17,1143420.7709041839,0.0,1143420.7709041839,0.0,0,-0.0020297325669691446,-6017.7884822910455
2022-06-20,1143420.7709041839,0.0,1143420.7709041839,0.0,0,0.0,0.0
2022-06-21,1143420.7709041839,0.0,1143420.7709041839,0.0,0,0.0,0.0
2022-06-22,1143420.7709041839,0.0,1143420.7709041839,0.0,0,0.0,0.0
2022-06-23,1143420.7709041839,0.0,1143420.7709041839,0.0,0,0.0,0.0
2022-06-24,1143420.7709041839,0.0,1143420.7709041839,0.0,0,0.0,0.0
2022-06-27,1143420.7709041839,0.0,1143420.7709041839,0.0,0,0.0,0.0
2022-06-28,1143420.7709041839,0.0,1143420.7709041839,0.0,0,0.0,0.0
2022-06-29,1143420.7709041839,0.0,1143420.7709041839,0.0,0,0.0,0.0
2022-06-30,1143420.7709041839,0.0,1143420.7709041839,0.0,0,0.0,0.0
2022-07-01,1143420.7709041839,0.0,1143420.7709041839,0.0,0,0.0,0.0
2022-07-04,1143420.7709041839,0.0,1143420.7709041839,0.0,0,0.0,0.0
2022-07-05,1143420.7709041839,0.0,1143420.7709041839,0.0,0,0.0,0.0
2022-07-06,1143420.7709041839,0.0,1143420.7709041839,0.0,0,0.0,0.0
2022-07-07,1143420.7709041839,0.0,1143420.7709041839,0.0,0,0.0,0.0
2022-07-08,1143420.7709041839,0.0,1143420.7709041839,0.0,0,0.0,0.0
2022-07-11,1143420.7709041839,0.0,1143420.7709041839,0.0,0,0.0,0.0
2022-07-12,1143420.7709041839,0.0,1143420.7709041839,0.0,0,0.0,0.0
2022-07-13,1143420.7709041839,0.0,1143420.7709041839,0.0,0,0.0,0.0
2022-07-14,1143420.7709041839,0.0,1143420.7709041839,0.0,0,0.0,0.0
2022-07-15,1143420.7709041839,0.0,1143420.7709041839,0.0,0,0.0,0.0
2022-07-18,1143420.7709041839,0.0,1143420.7709041839,0.0,0,0.0,0.0
2022-07-19,1143420.7709041839,0.0,1143420.7709041839,0.0,0,0.0,0.0
2022-07-20,1143420.7709041839,0.0,1143420.7709041839,0.0,0,0.0,0.0
2022-07-21,1143420.7709041839,0.0,1143420.7709041839,0.0,0,0.0,0.0
2022-07-22,1143420.7709041839,0.0,1143420.7709041839,0.0,0,0.0,0.0
2022-07-25,1143420.7709041839,0.0,1143420.7709041839,0.0,0,0.0,0.0
2022-07-26,1143420.7709041839,0.0,1143420.7709041839,0.0,0,0.0,0.0
2022-07-27,1143420.7709041839,0.0,1143420.7709041839,0.0,0,0.0,0.0
2022-07-28,1143420.7709041839,0.0,1143420.7709041839,0.0,0,0.0,0.0
2022-07-29,1143420.7709041839,0.0,1143420.7709041839,0.0,0,0.0,0.0
2022-08-01,1143420.7709041839,0.0,1143420.7709041839,0.0,0,0.0,0.0
2022-08-02,1143420.7709041839,0.0,1143420.7709041839,0.0,0,0.0,0.0
2022-08-03,1143420.7709041839,0.0,1143420.7709041839,0.0,0,0.0,0.0
2022-08-04,1143420.7709041839,0.0,1143420.7709041839,0.0,0,0.0,0.0
2022-08-05,1143420.7709041839,0.0,1143420.7709041839,0.0,0,0.0,0.0
2022-08-08,1143420.7709041839,0.0,1143420.7709041839,0.0,0,0.0,0.0
2022-08-10,1143420.7709041839,0.0,1143420.7709041839,0.0,0,0.0,0.0
2022-08-11,1143420.7709041839,0.0,1143420.7709041839,0.0,0,0.0,0.0
2022-08-12,1143420.7709041839,0.0,1143420.7709041839,0.0,0,0.0,0.0
2022-08-16,1143420.7709041839,0.0,1143420.7709041839,0.0,0,0.0,0.0
2022-08-17,1143420.7709041839,0.0,1143420.7709041839,0.0,0,0.0,0.0
2022-08-18,1143420.7709041839,0.0,1143420.7709041839,0.0,0,0.0,0.0
2022-08-19,1143420.7709041839,0.0,1143420.7709041839,0.0,0,0.0,0.0
2022-08-22,1143420.7709041839,0.0,1143420.7709041839,0.0,0,0.0,0.0
2022-08-23,1143420.7709041839,0.0,1143420.7709041839,0.0,0,0.0,0.0
2022-08-24,1143420.7709041839,0.0,1143420.7709041839,0.0,0,0.0,0.0
2022-08-25,1143420.7709041839,0.0,1143420.7709041839,0.0,0,0.0,0.0
2022-08-26,1143420.7709041839,0.0,1143420.7709041839,0.0,0,0.0,0.0
2022-08-29,1143420.7709041839,0.0,1143420.7709041839,0.0,0,0.0,0.0
2022-08-30,1143420.7709041839,0.0,1143420.7709041839,0.0,0,0.0,0.0
2022-09-01,1143420.7709041839,0.0,1143420.7709041839,0.0,0,0.0,0.0
2022-09-02,1143420.7709041839,0.0,1143420.7709041839,0.0,0,0.0,0.0
2022-09-05,1143420.7709041839,0.0,1143420.7709041839,0.0,0,0.0,0.0
2022-09-06,1143420.7709041839,0.0,1143420.7709041839,0.0,0,0.0,0.0
2022-09-07,955705.2908182121,187493.07093041422,1143198.3617486262,-222.40915555750152,1,-0.0001945120827058222,0.0
2022-09-08,955705.2908182121,186872.748046875,1142578.038865087,-842.7320390967235,1,-0.0005426205147724961,0.0
2022-09-09,955705.2908182121,185694.8203125,1141400.111130712,-2020.6597734717234,1,-0.0010309385392572867,0.0
2022-09-12,955705.2908182121,185694.8203125,1141400.111130712,-2020.6597734717234,1,0.0,0.0
2022-09-13,955705.2908182121,191200.2890625,1146905.579880712,3484.8089765282766,1,0.0048234345662943046,0.0
2022-09-14,955705.2908182121,190655.8330078125,1146361.1238260246,2940.3529218407766,1,-0.00047471741722981964,0.0
2022-09-15,955705.2908182121,189360.90087890625,1145066.1916971183,1645.4207929345266,1,-0.0011296022710403086,0.0
2022-09-16,955705.2908182121,185188.5439453125,1140893.8347635246,-2526.9361406592234,1,-0.0036437692107649244,0.0
2022-09-19,948291.2877701728,188741.29975337634,1137032.587523549,-223.88983704124857,1,-0.003384405386655298,-6164.293543593442
2022-09-20,826045.5880924233,309655.26915385283,1135700.857246276,-1555.6201143142657,2,-0.0011712331659495812,0.0
2022-09-21,826045.5880924233,311488.56298828125,1137534.1510807045,277.6737201141391,2,0.0016142400727545692,0.0
2022-09-22,826045.5880924233,316692.7302246094,1142738.3183170327,5481.840956442264,2,0.004574954722356139,0.0
2022-09-23,942422.2715855549,194705.04345703125,1137127.315042586,5739.85386661366,1,-0.0049101383794587505,-5869.016184617875
2022-09-26,942422.2715855549,193144.24365234375,1135566.5152378986,4179.05406192616,1,-0.0013725814023112237,0.0
2022-09-27,727617.2781997111,409052.28587020584,1136669.564069917,5282.102893944507,3,0.0009713643518163284,0.0
2022-09-28,727617.2781997111,409190.1396713257,1136807.4178710368,5419.956695064332,3,0.00012127869477418507,0.0
2022-09-29,727617.2781997111,409631.5332260132,1137248.8114257243,5861.350249751832,3,0.00038827469609059584,0.0
2022-09-30,341910.76991005044,803232.8500912176,1145143.620001268,13756.158825295446,6,0.006942024028713911,0.0
2022-10-03,341910.76991005044,787375.2099533081,1129285.9798633587,-2101.481312613968,6,-0.013847730416462367,0.0
2022-10-04,173252.53032930393,973216.9980003648,1146469.5283296686,15082.067153696098,7,0.015216294873676706,0.0
2022-10-06,173252.53032930393,976951.8096618652,1150204.339991169,18816.878815196655,7,0.0032576632603065203,0.0
2022-10-07,173252.53032930393,982033.8679504395,1155286.3982797433,23898.937103770862,7,0.004418396029190141,0.0
2022-10-10,335733.99936514255,809143.4567260742,1144877.4560912168,19666.765460152143,6,-0.00900983704475855,-6176.770544907901
2022-10-11,434230.61724684027,699413.7302246094,1133644.3474714495,14396.900561513066,5,-0.009811625305400584,-5963.243721128051
2022-10-12,548463.2986037086,592145.350692749,1140608.6492964576,10296.769096987664,4,0.006143286331856901,11064.433289533474
2022-10-13,548463.2986037086,586071.7565460205,1134535.0551497291,4223.174950259149,4,-0.005324871199665848,0.0
2022-10-14,548463.2986037086,586728.7906112671,1135192.0892149757,4880.209015505716,4,0.0005791218722279723,0.0
2022-10-17,548463.2986037086,591922.1309127808,1140385.4295164894,10073.549317019388,4,0.004574855965658653,0.0
2022-10-18,548463.2986037086,600201.177192688,1148664.4757963966,18352.595596926614,4,0.007259866765763068,0.0
2022-10-19,548463.2986037086,598788.6745986938,1147251.9732024025,16940.093002932488,4,-0.0012296911968264768,0.0
2022-10-20,548463.2986037086,597842.2913131714,1146305.58991688,15993.709717410013,4,-0.000824913190500598,0.0
2022-10-21,548463.2986037086,597045.1735229492,1145508.4721266578,15196.59192718786,4,-0.0006953798334700112,0.0
2022-10-24,728605.5663388621,414783.26010894775,1143388.8264478098,2098.637926594176,3,-0.0018503972082484221,10978.308321745675
2022-10-25,911401.291161411,228353.42934417725,1139754.7205055882,4633.996752241229,2,-0.0031783640509341904,-6169.4647678687315
2022-10-27,911401.291161411,230858.09162902832,1142259.3827904393,7138.659037092317,2,0.002197544997874612,0.0
2022-10-28,911401.291161411,225254.697265625,1136655.988427036,1535.2646736889965,2,-0.004905535859740295,0.0
2022-10-31,911401.291161411,230136.21549224854,1141537.5066536595,6416.782900312532,2,0.004294631160461249,0.0
2022-11-01,911401.291161411,235726.26517486572,1147127.5563362767,12006.83258292972,2,0.004896947888294978,0.0
2022-11-02,911401.291161411,234870.64742279053,1146271.9385842015,11151.214830854524,2,-0.0007458784747599312,0.0
2022-11-03,1034609.0265307162,118747.958984375,1153356.985515091,7111.213665866172,1,0.006180947724883312,11125.048095878026
2022-11-04,1034609.0265307162,118550.982421875,1153160.008952591,6914.237103366172,1,-0.00017078542461168578,0.0
2022-11-07,1034609.0265307162,120113.91796875,1154722.944499466,8477.172650241173,1,0.0013553501116421174,0.0
2022-11-09,1034609.0265307162,114280.064453125,1148889.090983841,2643.319134616172,1,-0.005052167312873279,0.0
2022-11-10,1034609.0265307162,116599.61376953125,1151208.6403002474,4962.868451022422,1,0.002018949726835695,0.0
2022-11-11,1034609.0265307162,116192.80224609375,1150801.8287768099,4556.056927584922,1,-0.00035337775377664027,0.0
2022-11-14,1034609.0265307162,111382.48095703125,1145991.5074877474,-254.26436147757778,1,-0.004179973622544075,0.0
2022-11-15,1034609.0265307162,111480.05078125,1146089.077311966,-156.69453725882778,1,8.514009360571784e-05,0.0
2022-11-16,1034609.0265307162,111767.2216796875,1146376.2482104036,130.47636117867222,1,0.0002505659499967283,0.0
2022-11-17,1034609.0265307162,114953.8408203125,1149562.8673510286,3317.095501803672,1,0.0027797323484324288,0.0
2022-11-18,1034609.0265307162,113865.8681640625,1148474.8946947786,2229.122845553672,1,-0.0009464229292278636,0.0
2022-11-21,1034609.0265307162,113508.7275390625,1148117.7540697786,1871.9822205536723,1,-0.0003109694662458695,0.0
2022-11-22,1034609.0265307162,112643.50390625,1147252.530436966,1006.7585877411723,1,-0.0007536018232846553,0.0
2022-11-23,1034609.0265307162,114110.70654296875,1148719.7330736849,2473.961224459922,1,0.0012788837660353547,0.0
2022-11-24,1034609.0265307162,115055.10302734375,1149664.1295580599,3418.357708834922,1,0.0008221295910431081,0.0
2022-11-25,1034609.0265307162,113799.5908203125,1148408.6173510286,2162.845501803672,1,-0.001092068696197268,0.0
2022-11-28,1034609.0265307162,114259.8212890625,1148868.8478197786,2623.075970553672,1,0.00040075497675351457,0.0
2022-11-29,1034609.0265307162,111014.30029296875,1145623.3268236849,-622.4450255400777,1,-0.002824970841756924,0.0
2022-11-30,1034609.0265307162,110480.44482421875,1145089.4713549349,-1156.3004942900777,1,-0.00046599563421090284,0.0
2022-12-01,1034609.0265307162,110228.240234375,1144837.266765091,-1408.5050841338277,1,-0.00022024880688609194,0.0
2022-12-02,1034609.0265307162,109648.34130859375,1144257.3678393099,-1988.4040099150777,1,-0.0005065339350979192,0.0
2022-12-05,1034609.0265307162,109556.29150390625,1144165.3180346224,-2080.453814602578,1,-8.044501811799165e-05,0.0
2022-12-06,1034609.0265307162,108396.53076171875,1143005.5572924349,-3240.214556790078,1,-0.0010136303940585512,0.0
2022-12-07,1034609.0265307162,109315.13623046875,1143924.1627611849,-2321.609088040078,1,0.0008036754177520589,0.0
2022-12-08,1034609.0265307162,110025.7158203125,1144634.7423510286,-1611.0294981963277,1,0.0006211771837467683,0.0
2022-12-09,1034609.0265307162,109594.94091796875,1144203.9674486849,-2041.8044005400777,1,-0.0003763426763186972,0.0
2022-12-12,1034609.0265307162,110138.01806640625,1144747.0445971224,-1498.7272521025777,1,0.0004746331632186074,0.0
2022-12-13,1034609.0265307162,110202.44921875,1144811.475749466,-1434.2960997588277,1,5.628418317193962e-05,0.0
2022-12-14,1034609.0265307162,110701.34765625,1145310.374186966,-935.3976622588277,1,0.00043579091236267686,0.0
2022-12-15,1034609.0265307162,107884.74609375,1142493.772624466,-3751.999224758828,1,-0.0024592474022593347,0.0
2022-12-16,1140300.2824242422,0.0,1140300.2824242422,0.0,0,-0.0019199143599576418,-5945.489424982799
2022-12-19,1024524.015536539,115639.09278922023,1140163.1083257592,-137.17409848298556,1,-0.00012029646979605513,0.0
2022-12-20,1024524.015536539,112224.36914062499,1136748.384677164,-3551.897747078231,1,-0.002994943112665127,0.0
2022-12-21,1024524.015536539,112509.40039062499,1137033.415927164,-3266.866497078231,1,0.00025074260394131187,0.0
2022-12-22,1024524.015536539,114240.61523437499,1138764.630770914,-1535.6516533282309,1,0.001522571649610116,0.0
2022-12-23,1024524.015536539,112963.3271484375,1137487.3426849765,-2812.9397392657165,1,-0.0011216436227675652,0.0
2022-12-26,176.1510708377439,1139866.127721446,1140042.2787922837,-258.0036319583843,10,0.0022461226700565273,0.0
2022-12-27,176.1510708377439,1150142.2981376648,1150318.4492085024,10018.166784260355,10,0.009013850282030722,0.0
2022-12-28,176.1510708377439,1152241.9680862427,1152418.1191570803,12117.83673283819,10,0.0018252945086838501,0.0
2022-12-29,176.1510708377439,1154918.0228538513,1155094.173924689,14793.891500446849,10,0.002322121392508203,0.0
2022-12-30,176.1510708377439,1165995.5155410767,1166171.6666119143,25871.38418767219,10,0.009590120820700765,0.0
2023-01-02,133770.3972948091,1045855.6456298828,1179626.042924692,28299.62414081391,9,0.011537217630974261,11026.1363596358
2023-01-03,133770.3972948091,1046009.3939666748,1179779.791261484,28453.372477605917,9,0.0001303365059750483,0.0
2023-01-04,133770.3972948091,1029064.6828575134,1162835.0801523225,11508.661368444533,9,-0.01436260498329367,0.0
2023-01-05,133770.3972948091,1030944.444568634,1164714.8418634431,13388.423079565138,9,0.001616533370213169,0.0
2023-01-06,240675.22605719315,918733.8355674744,1159409.0616246676,13992.524736618838,8,-0.004555432839068785,-5909.881895829324
2023-01-09,240675.22605719315,930029.700340271,1170704.9263974642,25288.38950941547,8,0.009742777718994011,0.0
2023-01-10,240675.22605719315,924102.2752761841,1164777.5013333773,19360.96444532855,8,-0.005063124729753232,0.0
2023-01-11,285096.14501128765,883043.6777773048,1168139.8227885924,11671.59808748264,8,0.002886664149475804,11051.687813061066
2023-01-12,285096.14501128765,878909.2669219971,1164005.4119332847,7537.187232174958,8,-0.003539311625758934,0.0
2023-01-13,285096.14501128765,887404.3336791992,1172500.4786904869,16032.253989377108,8,0.007298133385043926,0.0
2023-01-16,285096.14501128765,886632.29637146,1171728.4413827476,15260.21668163785,8,-0.000658453724983965,0.0
2023-01-17,285096.14501128765,882689.7883453369,1167785.9333566246,11317.708655514833,8,-0.0033646943155792863,0.0
2023-01-18,285096.14501128765,880238.1735687256,1165334.3185800132,8866.093878903475,8,-0.0020993700185825137,0.0
2023-01-19,372020.24173169816,792237.7931365967,1164258.0348682948,13828.383550113615,6,-0.000923583639954817,-6038.573382928593
2023-01-20,372020.24173169816,791123.6064453125,1163143.8481770107,12714.196858829493,6,-0.0009569929155869294,0.0
2023-01-23,498853.3839587538,669742.0126342773,1168595.396593031,7108.869935497583,5,0.004686908179555305,11056.875339352382
2023-01-24,498853.3839587538,667932.2310943604,1166785.615053114,5299.088395580562,5,-0.001548681044947875,0.0
2023-01-25,800961.0384628247,349586.62268066406,1150547.6611434887,1118.869198188232,3,-0.013916827307547952,-12057.734712233
2023-01-27,898242.5638892901,246914.4536743164,1145157.0175636066,1705.135483565754,2,-0.004685284896867703,-5976.909865259774
2023-01-30,1043724.1400171935,95430.50390625,1139154.6439234435,1806.6596804388832,1,-0.0052415289328039405,-6103.8978370361265
2023-01-31,1043724.1400171935,102641.93041992188,1146366.0704371154,9018.086194110758,1,0.006330507058141421,0.0
2023-02-01,1043724.1400171935,99910.73657226562,1143634.8765894591,6286.892346454508,1,-0.002382479661679815,0.0
2023-02-02,1148412.946320738,0.0,1148412.946320738,0.0,0,0.004177967836664687,11064.96207773331
2023-02-03,1148412.946320738,0.0,1148412.946320738,0.0,0,0.0,0.0
2023-02-06,1148412.946320738,0.0,1148412.946320738,0.0,0,0.0,0.0
2023-02-07,1148412.946320738,0.0,1148412.946320738,0.0,0,0.0,0.0
2023-02-08,1148412.946320738,0.0,1148412.946320738,0.0,0,0.0,0.0
2023-02-09,1148412.946320738,0.0,1148412.946320738,0.0,0,0.0,0.0
2023-02-10,1148412.946320738,0.0,1148412.946320738,0.0,0,0.0,0.0
2023-02-13,1148412.946320738,0.0,1148412.946320738,0.0,0,0.0,0.0
2023-02-14,1148412.946320738,0.0,1148412.946320738,0.0,0,0.0,0.0
2023-02-15,1148412.946320738,0.0,1148412.946320738,0.0,0,0.0,0.0
2023-02-16,1148412.946320738,0.0,1148412.946320738,0.0,0,0.0,0.0
2023-02-17,1148412.946320738,0.0,1148412.946320738,0.0,0,0.0,0.0
2023-02-20,1148412.946320738,0.0,1148412.946320738,0.0,0,0.0,0.0
2023-02-21,1148412.946320738,0.0,1148412.946320738,0.0,0,0.0,0.0
2023-02-22,1148412.946320738,0.0,1148412.946320738,0.0,0,0.0,0.0
2023-02-23,1148412.946320738,0.0,1148412.946320738,0.0,0,0.0,0.0
2023-02-24,1148412.946320738,0.0,1148412.946320738,0.0,0,0.0,0.0
2023-02-27,1148412.946320738,0.0,1148412.946320738,0.0,0,0.0,0.0
2023-02-28,1148412.946320738,0.0,1148412.946320738,0.0,0,0.0,0.0
2023-03-01,1148412.946320738,0.0,1148412.946320738,0.0,0,0.0,0.0
2023-03-02,1148412.946320738,0.0,1148412.946320738,0.0,0,0.0,0.0
2023-03-03,1148412.946320738,0.0,1148412.946320738,0.0,0,0.0,0.0
2023-03-06,1148412.946320738,0.0,1148412.946320738,0.0,0,0.0,0.0
2023-03-08,1148412.946320738,0.0,1148412.946320738,0.0,0,0.0,0.0
2023-03-09,1148412.946320738,0.0,1148412.946320738,0.0,0,0.0,0.0
2023-03-10,1148412.946320738,0.0,1148412.946320738,0.0,0,0.0,0.0
2023-03-13,1148412.946320738,0.0,1148412.946320738,0.0,0,0.0,0.0
2023-03-14,1148412.946320738,0.0,1148412.946320738,0.0,0,0.0,0.0
2023-03-15,1148412.946320738,0.0,1148412.946320738,0.0,0,0.0,0.0
2023-03-16,1148412.946320738,0.0,1148412.946320738,0.0,0,0.0,0.0
2023-03-17,1148412.946320738,0.0,1148412.946320738,0.0,0,0.0,0.0
2023-03-20,1148412.946320738,0.0,1148412.946320738,0.0,0,0.0,0.0
2023-03-21,1148412.946320738,0.0,1148412.946320738,0.0,0,0.0,0.0
2023-03-22,1148412.946320738,0.0,1148412.946320738,0.0,0,0.0,0.0
2023-03-23,1148412.946320738,0.0,1148412.946320738,0.0,0,0.0,0.0
2023-03-24,1148412.946320738,0.0,1148412.946320738,0.0,0,0.0,0.0
2023-03-27,1148412.946320738,0.0,1148412.946320738,0.0,0,0.0,0.0
2023-03-28,1148412.946320738,0.0,1148412.946320738,0.0,0,0.0,0.0
2023-03-29,978009.5502568015,170201.4986210332,1148211.0488778348,-201.89744290323372,1,-0.00017580561378205406,0.0
2023-03-31,978009.5502568015,171193.10302734375,1149202.6532841453,789.7069634073027,1,0.0008636081383117666,0.0
2023-04-03,978009.5502568015,174139.79901123047,1152149.349268032,3736.4029472940215,1,0.0025641221550138926,0.0
2023-04-05,978009.5502568015,173289.79327392578,1151299.3435307273,2886.397209989334,1,-0.0007377565572073141,0.0
2023-04-06,978009.5502568015,170683.10766601562,1148692.6579228172,279.71160207917774,1,-0.002264124984138527,0.0
2023-04-10,978009.5502568015,178106.5665283203,1156116.1167851218,7703.170464383865,1,0.006462528345683394,0.0
2023-04-11,978009.5502568015,180259.94537353516,1158269.4956303367,9856.54930959871,1,0.001862597375774655,0.0
2023-04-12,978009.5502568015,178673.25048828125,1156682.8007450828,8269.854424344803,1,-0.0013698840306507476,0.0
2023-04-13,1159410.7058010967,0.0,1159410.7058010967,0.0,0,0.00235838646019193,10997.759480358709
2023-04-17,1159410.7058010967,0.0,1159410.7058010967,0.0,0,0.0,0.0
2023-04-18,1159410.7058010967,0.0,1159410.7058010967,0.0,0,0.0,0.0
2023-04-19,1159410.7058010967,0.0,1159410.7058010967,0.0,0,0.0,0.0
2023-04-20,1159410.7058010967,0.0,1159410.7058010967,0.0,0,0.0,0.0
2023-04-21,1159410.7058010967,0.0,1159410.7058010967,0.0,0,0.0,0.0
2023-04-24,1159410.7058010967,0.0,1159410.7058010967,0.0,0,0.0,0.0
2023-04-25,1159410.7058010967,0.0,1159410.7058010967,0.0,0,0.0,0.0
2023-04-26,1159410.7058010967,0.0,1159410.7058010967,0.0,0,0.0,0.0
2023-04-27,1159410.7058010967,0.0,1159410.7058010967,0.0,0,0.0,0.0
2023-04-28,1159410.7058010967,0.0,1159410.7058010967,0.0,0,0.0,0.0
2023-05-02,1159410.7058010967,0.0,1159410.7058010967,0.0,0,0.0,0.0
2023-05-03,1159410.7058010967,0.0,1159410.7058010967,0.0,0,0.0,0.0
2023-05-04,1159410.7058010967,0.0,1159410.7058010967,0.0,0,0.0,0.0
2023-05-05,1159410.7058010967,0.0,1159410.7058010967,0.0,0,0.0,0.0
2023-05-08,1159410.7058010967,0.0,1159410.7058010967,0.0,0,0.0,0.0
2023-05-09,1159410.7058010967,0.0,1159410.7058010967,0.0,0,0.0,0.0
2023-05-10,1159410.7058010967,0.0,1159410.7058010967,0.0,0,0.0,0.0
2023-05-11,1159410.7058010967,0.0,1159410.7058010967,0.0,0,0.0,0.0
2023-05-12,1159410.7058010967,0.0,1159410.7058010967,0.0,0,0.0,0.0
2023-05-15,1159410.7058010967,0.0,1159410.7058010967,0.0,0,0.0,0.0
2023-05-16,1159410.7058010967,0.0,1159410.7058010967,0.0,0,0.0,0.0
2023-05-17,1159410.7058010967,0.0,1159410.7058010967,0.0,0,0.0,0.0
2023-05-18,1159410.7058010967,0.0,1159410.7058010967,0.0,0,0.0,0.0
2023-05-19,1159410.7058010967,0.0,1159410.7058010967,0.0,0,0.0,0.0
2023-05-22,1159410.7058010967,0.0,1159410.7058010967,0.0,0,0.0,0.0
2023-05-23,1159410.7058010967,0.0,1159410.7058010967,0.0,0,0.0,0.0
2023-05-24,1159410.7058010967,0.0,1159410.7058010967,0.0,0,0.0,0.0
2023-05-25,1159410.7058010967,0.0,1159410.7058010967,0.0,0,0.0,0.0
2023-05-26,1159410.7058010967,0.0,1159410.7058010967,0.0,0,0.0,0.0
2023-05-29,1159410.7058010967,0.0,1159410.7058010967,0.0,0,0.0,0.0
2023-05-30,1159410.7058010967,0.0,1159410.7058010967,0.0,0,0.0,0.0
2023-05-31,1159410.7058010967,0.0,1159410.7058010967,0.0,0,0.0,0.0
2023-06-01,1159410.7058010967,0.0,1159410.7058010967,0.0,0,0.0,0.0
2023-06-02,1159410.7058010967,0.0,1159410.7058010967,0.0,0,0.0,0.0
2023-06-05,1159410.7058010967,0.0,1159410.7058010967,0.0,0,0.0,0.0
2023-06-06,1159410.7058010967,0.0,1159410.7058010967,0.0,0,0.0,0.0
2023-06-07,1159410.7058010967,0.0,1159410.7058010967,0.0,0,0.0,0.0
2023-06-08,1159410.7058010967,0.0,1159410.7058010967,0.0,0,0.0,0.0
2023-06-09,1159410.7058010967,0.0,1159410.7058010967,0.0,0,0.0,0.0
2023-06-12,1159410.7058010967,0.0,1159410.7058010967,0.0,0,0.0,0.0
2023-06-13,1159410.7058010967,0.0,1159410.7058010967,0.0,0,0.0,0.0
2023-06-14,1159410.7058010967,0.0,1159410.7058010967,0.0,0,0.0,0.0
2023-06-15,1159410.7058010967,0.0,1159410.7058010967,0.0,0,0.0,0.0
2023-06-16,1159410.7058010967,0.0,1159410.7058010967,0.0,0,0.0,0.0
2023-06-19,1159410.7058010967,0.0,1159410.7058010967,0.0,0,0.0,0.0
2023-06-20,1159410.7058010967,0.0,1159410.7058010967,0.0,0,0.0,0.0
2023-06-21,1159410.7058010967,0.0,1159410.7058010967,0.0,0,0.0,0.0
2023-06-22,1159410.7058010967,0.0,1159410.7058010967,0.0,0,0.0,0.0
2023-06-23,1159410.7058010967,0.0,1159410.7058010967,0.0,0,0.0,0.0
2023-06-26,1159410.7058010967,0.0,1159410.7058010967,0.0,0,0.0,0.0
2023-06-27,1159410.7058010967,0.0,1159410.7058010967,0.0,0,0.0,0.0
2023-06-28,1159410.7058010967,0.0,1159410.7058010967,0.0,0,0.0,0.0
2023-06-30,1159410.7058010967,0.0,1159410.7058010967,0.0,0,0.0,0.0
2023-07-03,1159410.7058010967,0.0,1159410.7058010967,0.0,0,0.0,0.0
2023-07-04,1159410.7058010967,0.0,1159410.7058010967,0.0,0,0.0,0.0
2023-07-05,1159410.7058010967,0.0,1159410.7058010967,0.0,0,0.0,0.0
2023-07-06,1159410.7058010967,0.0,1159410.7058010967,0.0,0,0.0,0.0
2023-07-07,1159410.7058010967,0.0,1159410.7058010967,0.0,0,0.0,0.0
2023-07-10,1159410.7058010967,0.0,1159410.7058010967,0.0,0,0.0,0.0
2023-07-11,1159410.7058010967,0.0,1159410.7058010967,0.0,0,0.0,0.0
2023-07-12,1007332.6632743167,151897.85733906014,1159230.5206133767,-180.18518771988394,1,-0.00015541100907423555,0.0
2023-07-13,1007332.6632743167,150130.49877929685,1157463.1620536135,-1947.5437474831758,1,-0.001524596297575176,0.0
2023-07-14,863220.1842104096,294373.0939440389,1157593.2781544486,-1817.4276466481429,2,0.00011241489586955034,0.0
2023-07-17,863220.1842104096,294617.31689453125,1157837.501104941,-1573.2046961557976,2,0.00021097474829989693,0.0
2023-07-18,863220.1842104096,293173.1359863281,1156393.3201967378,-3017.3856043589226,2,-0.0012473088035452884,0.0
2023-07-19,863220.1842104096,298931.2028808594,1162151.387091269,2740.6812901723274,2,0.004979332545393511,0.0
2023-07-20,863220.1842104096,297265.3818359375,1160485.5660463471,1074.8602452504524,2,-0.001433394188937176,0.0
2023-07-21,863220.1842104096,301190.3879394531,1164410.5721498628,4999.866348766077,2,0.00338221018714413,0.0
2023-07-24,648714.4125196195,511141.7231425205,1159856.1356621399,445.4298610432346,4,-0.003911366485889967,0.0
2023-07-25,115088.21949994515,1040180.1111817239,1155268.330681669,-4142.375119427627,7,-0.003955494857861619,0.0
2023-07-26,690.255001176396,1154454.6769507811,1155144.9319519575,-4265.773849139075,8,-0.00010681391191491585,0.0
2023-07-27,690.255001176396,1146628.4448242188,1147318.6998253951,-12092.005975701553,8,-0.006775108395565277,0.0
2023-07-28,690.255001176396,1159092.582397461,1159782.8373986373,372.13159754063463,8,0.010863709948368383,0.0
2023-07-31,106299.4358120824,1053949.6637254935,1160249.0995375759,10508.984976632117,7,0.0004020253826004794,-9670.591240152804
2023-08-01,269456.66958994546,896650.9489746094,1166107.618564555,5288.312752527947,6,0.005049363131860218,11079.191251083043
2023-08-02,502917.2520515538,657448.0101318359,1160365.2621833896,5967.322315772959,5,-0.004924379439552928,-6421.365944410092
2023-08-03,666299.8501568526,497309.37854003906,1163609.2286968916,15435.650189636133,4,0.0027956425612034597,-6224.361360361193
2023-08-04,290497.9185974609,885519.9217047921,1176017.840302253,16740.747690278487,6,0.010663899270769495,11103.514104718992
2023-08-07,168343.67634044687,1017138.640979978,1185482.3173204248,26205.22470845035,7,0.008047902586018063,0.0
2023-08-08,243585.01432873931,958504.3669268774,1202089.3812556167,20358.26020332707,7,0.014008698141301013,22454.02844031518
2023-08-09,397947.54496000183,799235.6282196045,1197183.1731796064,4320.193007671129,6,-0.004081400395439472,11131.859119645544
2023-08-10,650047.9260287618,546875.0157165527,1196922.9417453145,-986.9495874833524,4,-0.00021736977274811053,5046.9111608626
2023-08-11,650047.9260287618,546194.087600708,1196242.0136294698,-1667.8777033280799,4,-0.0005688988756885616,0.0
2023-08-14,765974.3817281266,424576.95684814453,1190551.3385762712,-1130.7661988775267,3,-0.004757126892686814,-6227.786557649222
2023-08-16,909571.2792813317,280576.9660644531,1190148.2453457848,4871.359165426673,2,-0.0003385769411409223,-6405.21859479053
2023-08-17,757405.1313875803,433012.8567300694,1190417.9881176497,5141.101937291563,3,0.00022664636352631717,0.0
2023-08-18,757405.1313875803,435083.5855102539,1192488.716897834,7211.8307174760575,3,0.0017394972193411906,0.0
2023-08-21,524574.5783673467,664498.5416130057,1189073.1199803525,3796.2337999942806,4,-0.0028642593167397257,0.0
2023-08-22,524574.5783673467,671095.489074707,1195670.0674420537,10393.1812616956,4,0.005547974595380811,0.0
2023-08-23,636098.5511251992,562002.3457641602,1198100.8968893592,1522.396772848482,3,0.002033026930669868,11301.61393615273
2023-08-24,636098.5511251992,559761.0098266602,1195859.5609518592,-718.9391646515181,3,-0.0018707405555902223,0.0
2023-08-25,636098.5511251992,559999.8642578125,1196098.4153830116,-480.0847334991742,3,0.0001997345164528319,0.0
2023-08-28,636098.5511251992,556393.3032836914,1192491.8544088905,-4086.645707620268,3,-0.0030152710911888203,0.0
2023-08-29,1031497.784720672,152571.88256835938,1184069.6672890312,405.73467460797826,1,-0.007062678951408108,-12914.567502087517
2023-08-30,1031497.784720672,154629.435546875,1186127.2202675468,2463.2876531236034,1,0.0017376958766510686,0.0
2023-08-31,1031497.784720672,153858.56079101562,1185356.3455116875,1692.4128972642284,1,-0.000649909000221327,0.0
2023-09-01,1031497.784720672,152993.13623046875,1184490.9209511406,826.9883367173533,1,-0.0007300965349565924,0.0
2023-09-04,1031497.784720672,153649.38159179688,1185147.1663124687,1483.2336980454784,1,0.0005540315672500906,0.0
2023-09-05,1031497.784720672,155921.86108398438,1187419.6458046562,3755.7131902329784,1,0.0019174660808227717,0.0
2023-09-06,1031497.784720672,156795.8994140625,1188293.6841347343,4629.751520311103,1,0.0007360820861994632,0.0
2023-09-07,1031497.784720672,156824.54956054688,1188322.3342812187,4658.401666795478,1,2.4110324633452862e-05,0.0
2023-09-08,1031497.784720672,158778.95336914062,1190276.7380898125,6612.805475389228,1,0.0016446748093612573,0.0
2023-09-11,1031497.784720672,158790.41918945312,1190288.203910125,6624.271295701728,1,9.632902959078038e-06,0.0
2023-09-12,921465.8828827123,265958.103849508,1187423.9867322203,3760.0541177969017,2,-0.002406322408720518,0.0
2023-09-13,921465.8828827123,268258.6662597656,1189724.549142478,6060.616528054542,2,0.0019374397316909153,0.0
2023-09-14,921465.8828827123,269136.9775390625,1190602.860421775,6938.927807351417,2,0.000738247588426999,0.0
2023-09-15,921465.8828827123,270131.3532714844,1191597.2361541968,7933.303539773292,2,0.0008351867490639098,0.0
2023-09-18,921465.8828827123,268799.3537597656,1190265.236642478,6601.304028054542,2,-0.0011178269563780763,0.0
2023-09-20,921465.8828827123,268534.9011230469,1190000.7840057593,6336.851391335792,2,-0.0002221795853374342,0.0
2023-09-21,921465.8828827123,267141.0168457031,1188606.8997284155,4942.967113992042,2,-0.0011713305537931484,0.0
2023-09-22,921465.8828827123,263152.3054199219,1184618.1883026343,954.255688210792,2,-0.0033557868683856684,0.0
2023-09-25,755960.7233820689,428242.4654913498,1184203.1888734186,539.2562589952827,3,-0.0003503233643662451,0.0
2023-09-26,755960.7233820689,429369.8385925293,1185330.561974598,1666.6293601747707,3,0.0009520098508195574,0.0
2023-09-27,639351.1337472317,549169.2187563124,1188520.3525035442,4856.419889120696,4,0.002691055669426401,0.0
2023-09-28,785217.4344728189,396954.72915649414,1182172.163629313,4808.078183053889,3,-0.005341253821071867,-6299.847168164244
2023-09-29,785217.4344728189,398972.8864746094,1184190.3209474282,6826.235501169094,3,0.001707160242988115,0.0
2023-10-03,785217.4344728189,399046.53692626953,1184263.9713990884,6899.8859528292505,3,6.21947759218422e-05,0.0
2023-10-04,785217.4344728189,393829.5827331543,1179047.0172059732,1682.9317597139866,3,-0.004405229171121294,0.0
2023-10-05,631343.3679231422,548652.5338828736,1179995.9018060158,2631.816359756535,4,0.000804789449610821,0.0
2023-10-06,631343.3679231422,549078.7339630127,1180422.1018861549,3058.016439895661,4,0.0003611877630140814,0.0
2023-10-09,631343.3679231422,538750.2371063232,1170093.6050294654,-7270.480416793764,4,-0.008749833504630211,0.0
2023-10-10,278409.7608058342,895228.6372778289,1173638.398083663,-3725.6873625960407,6,0.0030294952805152153,0.0
2023-10-11,278409.7608058342,902481.1966552734,1180890.9574611075,3526.8720148484026,6,0.006179551886924095,0.0
2023-10-12,278409.7608058342,916826.2744140625,1195236.0352198966,17871.949773637465,6,0.012147673473282161,0.0
2023-10-13,278409.7608058342,912820.2143859863,1191229.9751918204,13865.889745561293,6,-0.003351689465536545,0.0
2023-10-16,278409.7608058342,911662.0631713867,1190071.8239772208,12707.738530961684,6,-0.0009722314235864893,0.0
2023-10-17,278409.7608058342,922856.7304077148,1201266.491213549,23902.405767289838,6,0.009406715637477747,0.0
2023-10-18,278409.7608058342,920818.1637268066,1199227.9245326407,21863.839086381668,6,-0.0016970145224385336,0.0
2023-10-19,421009.9190655088,768210.8008728027,1189220.7199383115,18098.394394420833,5,-0.008344706114335354,-6241.759902368513
2023-10-20,421009.9190655088,754797.3896789551,1175807.3087444638,4684.983200573203,5,-0.011279160351783557,0.0
2023-10-23,766286.7456299844,385350.7968444824,1151637.5424744668,-6795.854128957859,3,-0.02055589048498574,-12688.928940465918
2023-10-25,925436.3827313646,222595.31787109375,1148031.7006024583,-4046.1736017031176,2,-0.0031310562038997514,-6355.522399263201
2023-10-26,925436.3827313646,220020.62060546875,1145457.0033368333,-6620.870867328118,2,-0.002242705723434213,0.0
2023-10-27,342119.22791395336,806179.8157832965,1148299.0436972498,-3778.8305069116186,5,0.0024811410224367947,0.0
2023-10-30,342119.22791395336,807331.584564209,1149450.8124781623,-2627.0617259990845,5,0.001003021632069112,0.0
2023-10-31,342119.22791395336,801225.3162841797,1143344.544198133,-8733.33000602838,5,-0.005312335433357518,0.0
2023-11-01,556347.7017979994,581247.3502197266,1137595.052017726,-2069.8045976846383,3,-0.005028661053732786,-12413.017588750816
2023-11-02,556347.7017979994,586778.7569580078,1143126.4587560073,3461.6021405966117,3,0.0048623688442299695,0.0
2023-11-03,556347.7017979994,591801.6905517578,1148149.3923497573,8484.535734346611,3,0.0043940314348214216,0.0
2023-11-06,556347.7017979994,597744.0623474121,1154091.7641454116,14426.907530000908,3,0.00517560853600485,0.0
2023-11-07,556347.7017979994,602679.2553100586,1159026.957108058,19362.10049264739,3,0.004276256980571214,0.0
2023-11-08,698943.3568858346,463846.4915161133,1162789.8484019479,12029.456920477262,2,0.0032465951467417486,11095.534866059985
2023-11-09,698943.3568858346,464686.3423461914,1163629.699232026,12869.307750555385,2,0.0007222722413962046,0.0
2023-11-10,698943.3568858346,466126.99725341797,1165070.3541392526,14309.962657781947,2,0.001238069901599692,0.0
2023-11-13,698943.3568858346,467076.86114501953,1166020.2180308541,15259.82654938351,2,0.0008152845776454587,0.0
2023-11-15,916227.7174378429,254445.99914550784,1170673.7165833507,9014.600066360816,1,0.0039909244115468034,10898.725035519226
2023-11-16,916227.7174378429,254325.46844482422,1170553.185882667,8894.069365677193,1,-0.00010295840675000889,0.0
2023-11-17,916227.7174378429,253722.83172607422,1169950.549163917,8291.432646927193,1,-0.0005148307022850851,0.0
2023-11-20,1172443.41600072,0.0,1172443.41600072,0.0,0,0.0021307454734600384,10784.299483730252
2023-11-21,1172443.41600072,0.0,1172443.41600072,0.0,0,0.0,0.0
2023-11-22,1172443.41600072,0.0,1172443.41600072,0.0,0,0.0,0.0
2023-11-23,1172443.41600072,0.0,1172443.41600072,0.0,0,0.0,0.0
2023-11-24,1172443.41600072,0.0,1172443.41600072,0.0,0,0.0,0.0
2023-11-28,1172443.41600072,0.0,1172443.41600072,0.0,0,0.0,0.0
2023-11-29,1172443.41600072,0.0,1172443.41600072,0.0,0,0.0,0.0
2023-11-30,1172443.41600072,0.0,1172443.41600072,0.0,0,0.0,0.0
2023-12-01,1172443.41600072,0.0,1172443.41600072,0.0,0,0.0,0.0
2023-12-04,1172443.41600072,0.0,1172443.41600072,0.0,0,0.0,0.0
2023-12-05,1172443.41600072,0.0,1172443.41600072,0.0,0,0.0,0.0
2023-12-06,1172443.41600072,0.0,1172443.41600072,0.0,0,0.0,0.0
2023-12-07,1172443.41600072,0.0,1172443.41600072,0.0,0,0.0,0.0
2023-12-08,1172443.41600072,0.0,1172443.41600072,0.0,0,0.0,0.0
2023-12-11,1172443.41600072,0.0,1172443.41600072,0.0,0,0.0,0.0
2023-12-12,1172443.41600072,0.0,1172443.41600072,0.0,0,0.0,0.0
2023-12-13,1172443.41600072,0.0,1172443.41600072,0.0,0,0.0,0.0
2023-12-14,1172443.41600072,0.0,1172443.41600072,0.0,0,0.0,0.0
2023-12-15,1172443.41600072,0.0,1172443.41600072,0.0,0,0.0,0.0
2023-12-18,1172443.41600072,0.0,1172443.41600072,0.0,0,0.0,0.0
2023-12-19,1172443.41600072,0.0,1172443.41600072,0.0,0,0.0,0.0
2023-12-20,1172443.41600072,0.0,1172443.41600072,0.0,0,0.0,0.0
2023-12-21,1046311.0442518294,125982.92752470484,1172293.9717765343,-149.44422418592055,1,-0.00012746391181550631,0.0
2023-12-22,1046311.0442518294,123563.23901367188,1169874.2832655013,-2569.132735218881,1,-0.002064062913644582,0.0
2023-12-26,1046311.0442518294,126088.91235351562,1172399.956605345,-43.459395375130924,1,0.002158927139413347,0.0
2023-12-27,1046311.0442518294,130650.30395507812,1176961.3482069075,4517.932206187369,1,0.003890644635274443,0.0
2023-12-28,1046311.0442518294,128963.69677734375,1175274.7410291731,2831.325028452994,1,-0.0014330183232473814,0.0
2023-12-29,1046311.0442518294,128124.63061523438,1174435.6748670638,1992.258866343619,1,-0.0007139319282695178,0.0
2024-01-01,1046311.0442518294,132970.423828125,1179281.4680799544,6838.052079234244,1,0.004126060981108237,0.0
2024-01-02,1046311.0442518294,130678.46997070312,1176989.5142225325,4546.098221812369,1,-0.0019435172344000051,0.0
2024-01-03,1046311.0442518294,129952.01220703125,1176263.0564588606,3819.640458140494,1,-0.000617216852736191,0.0
2024-01-04,1046311.0442518294,132956.3408203125,1179267.385072142,6823.969071421744,1,0.0025541298749327535,0.0
2024-01-05,1046311.0442518294,134628.85107421875,1180939.8953260481,8496.479325327995,1,0.0014182621134763984,0.0
2024-01-08,1046311.0442518294,131230.33740234375,1177541.3816541731,5097.965653452994,1,-0.0028778040993666654,0.0
2024-01-09,1046311.0442518294,129901.35791015625,1176212.4021619856,3768.986161265494,1,-0.0011286053406637242,0.0
2024-01-10,1046311.0442518294,128879.24047851562,1175190.284730345,2746.868729624869,1,-0.0008689905239579465,0.0
2024-01-11,1046311.0442518294,129932.30712890625,1176243.3513807356,3799.935380015494,1,0.000896081821023742,0.0
2024-01-12,1046311.0442518294,129718.306640625,1176029.3508924544,3585.934891734244,1,-0.00018193555613299495,0.0
2024-01-15,1046311.0442518294,129141.09814453125,1175452.1423963606,3008.726395640494,1,-0.000490811301312899,0.0
2024-01-16,1046311.0442518294,127175.75317382812,1173486.7974256575,1043.381424937369,1,-0.0016719906322144595,0.0
2024-01-17,1046311.0442518294,123422.46459960938,1169733.5088514388,-2709.907149281381,1,-0.0031984071592902064,0.0
2024-01-18,1046311.0442518294,122845.22827148438,1169156.2725233138,-3287.143477406381,1,-0.0004934767823243646,0.0
2024-01-19,778137.1808958274,392556.90133463335,1170694.0822304608,-1749.3337702593515,3,0.0013153157907865864,0.0
2024-01-23,898132.8821786348,258653.70471191406,1156786.586890549,-9520.158644087915,2,-0.011879700727123077,-6136.6704660833275
2024-01-24,280857.76917453704,881279.9449130909,1162137.7140876278,-4169.0314470086905,7,0.004625855155757641,0.0
2024-01-25,280857.76917453704,874827.6420898438,1155685.411264381,-10621.334270255851,7,-0.005552098296984109,0.0
2024-01-29,280857.76917453704,877415.2528076172,1158273.0219821543,-8033.723552482415,7,0.002239026894821139,0.0
2024-01-30,280857.76917453704,875868.489440918,1156726.2586154551,-9580.486919181632,7,-0.0013354048115981065,0.0
2024-01-31,396498.18789927807,774110.6236572266,1170608.8115565046,10395.009104906701,6,0.012001588826786147,-6092.943083038706
2024-02-01,536714.2448121506,622399.6303710938,1159113.8751832442,5124.517366996124,5,-0.00981962228524147,-6224.44463534969
2024-02-02,681795.1433880001,479623.89782714844,1161419.0412151485,13488.875109122215,4,0.001988731289701784,-6059.191710221974
2024-02-05,681795.1433880001,473456.7810058594,1155251.9243938595,7321.758287833152,4,-0.005309984254121325,0.0
2024-02-06,681795.1433880001,476820.5496826172,1158615.6930706173,10685.526964590965,4,0.0029117187392029287,0.0
2024-02-07,862494.5770030444,300810.9686279297,1163305.5456309742,4248.034392933426,3,0.004047806868494597,11127.345132014349
2024-02-08,957498.1773064923,205474.4940185547,1162972.671325047,9941.692359295614,2,-0.00028614520680092514,-6026.532272289314
2024-02-09,957498.1773064923,202495.0252685547,1159993.202575047,6962.223609295614,2,-0.0025619421878635418,0.0
2024-02-12,957498.1773064923,199059.2080078125,1156557.3853143048,3526.406348553426,2,-0.0029619287881300638,0.0
2024-02-13,1096194.139178468,48996.65234375,1145190.791522218,-1662.3902850513973,1,-0.009827954874022882,-6177.797158482135
2024-02-14,1140914.1554061342,0.0,1140914.1554061342,0.0,0,-0.003734431107675129,-5939.026401135048
2024-02-15,1140914.1554061342,0.0,1140914.1554061342,0.0,0,0.0,0.0
2024-02-16,1140914.1554061342,0.0,1140914.1554061342,0.0,0,0.0,0.0
2024-02-19,1140914.1554061342,0.0,1140914.1554061342,0.0,0,0.0,0.0
2024-02-20,1140914.1554061342,0.0,1140914.1554061342,0.0,0,0.0,0.0
2024-02-21,1140914.1554061342,0.0,1140914.1554061342,0.0,0,0.0,0.0
2024-02-22,1140914.1554061342,0.0,1140914.1554061342,0.0,0,0.0,0.0
2024-02-23,1140914.1554061342,0.0,1140914.1554061342,0.0,0,0.0,0.0
2024-02-26,1140914.1554061342,0.0,1140914.1554061342,0.0,0,0.0,0.0
2024-02-27,1140914.1554061342,0.0,1140914.1554061342,0.0,0,0.0,0.0
2024-02-28,1140914.1554061342,0.0,1140914.1554061342,0.0,0,0.0,0.0
2024-02-29,1140914.1554061342,0.0,1140914.1554061342,0.0,0,0.0,0.0
2024-03-01,1140914.1554061342,0.0,1140914.1554061342,0.0,0,0.0,0.0
2024-03-04,1140914.1554061342,0.0,1140914.1554061342,0.0,0,0.0,0.0
2024-03-05,1140914.1554061342,0.0,1140914.1554061342,0.0,0,0.0,0.0
2024-03-06,1140914.1554061342,0.0,1140914.1554061342,0.0,0,0.0,0.0
2024-03-07,1140914.1554061342,0.0,1140914.1554061342,0.0,0,0.0,0.0
2024-03-11,1140914.1554061342,0.0,1140914.1554061342,0.0,0,0.0,0.0
2024-03-12,1140914.1554061342,0.0,1140914.1554061342,0.0,0,0.0,0.0
2024-03-13,1140914.1554061342,0.0,1140914.1554061342,0.0,0,0.0,0.0
2024-03-14,347320.32060666085,792653.5685274933,1139973.8891341542,-940.2662719800944,9,-0.0008241341099368693,0.0
2024-03-15,347320.32060666085,793997.6659011841,1141317.9865078449,403.8311017106171,9,0.0011790597894409949,0.0
2024-03-18,232229.71932033554,906793.9507067619,1139023.6700270975,-1890.4853790368795,10,-0.0020102342273317086,0.0
2024-03-19,232229.71932033554,895689.411315918,1127919.1306362534,-12995.024769880822,10,-0.009749173509783104,0.0
2024-03-20,232229.71932033554,898277.9154586792,1130507.6347790146,-10406.520627119593,10,0.0022949377064835907,0.0
2024-03-21,232229.71932033554,914936.4977035522,1147166.2170238877,6252.061617753454,10,0.014735488494183713,0.0
2024-03-22,232229.71932033554,924084.8182373047,1156314.53755764,15400.382151505888,10,0.007974712293643105,0.0
2024-03-26,232229.71932033554,933582.4338302612,1165812.1531505967,24897.997744462435,10,0.008213695568523471,0.0
2024-03-27,232229.71932033554,939962.6355667114,1172192.3548870469,31278.199480912648,10,0.005472752809453807,0.0
2024-03-28,232229.71932033554,950280.3243408203,1182510.0436611557,41595.88825502152,10,0.00880204407671914,0.0
2024-04-01,358344.6453530038,842461.5768356323,1200806.2221886362,48867.742036158874,9,0.015472323998901416,11024.324746342923
2024-04-02,482727.46609886864,729201.5267333984,1211928.9928322672,48921.32153953711,8,0.009262752339306068,11069.191140252717
2024-04-03,482727.46609886864,733612.7341079712,1216340.20020684,53332.52891410987,8,0.003639823290524369,0.0
2024-04-04,611712.2384943058,607730.3491363525,1219442.5876306584,45369.6974658833,7,0.0025505918683694784,11065.218872044994
2024-04-05,734463.0206413723,492041.2277145386,1226504.2483559109,41411.6652691019,6,0.005790892328086716,11019.692922034028
2024-04-08,841934.6268813391,388182.637550354,1230117.2644316931,33912.63842758938,5,0.0029457835801427468,11112.04291729475
2024-04-09,841934.6268813391,380948.72537994385,1222883.352261283,26678.72625717923,5,-0.005880668761894192,0.0
2024-04-10,955435.695868294,272472.41034698486,1227908.1062152789,20606.7724841698,4,0.004108939699525971,11096.707727005338
2024-04-12,955435.695868294,272443.74115753174,1227879.4370258257,20578.103294716682,4,-2.334799266168197e-05,0.0
2024-04-15,955435.695868294,267899.7268371582,1223335.4227054522,16034.088974343149,4,-0.003700700723012429,0.0
2024-04-16,1066344.9548630128,164363.01458740234,1230707.969450415,12293.958526655246,3,0.006026594675610841,11112.677192650834
2024-04-18,1066344.9548630128,162899.67922973633,1229244.634092749,10830.62316898923,3,-0.0011890191613201928,0.0
2024-04-19,845995.3185920183,380696.0475810284,1226691.3661730466,8277.355249286884,4,-0.0020771031647308646,0.0
2024-04-22,499249.3377685908,730470.8782900516,1229720.2160586424,11306.205134882468,6,0.0024691213854752814,0.0
2024-04-23,499249.3377685908,729982.2839813232,1229231.621749914,10817.610826154101,6,-0.0003973215226910076,0.0
2024-04-24,499249.3377685908,739471.2818527222,1238720.619621313,20306.60869755304,6,0.007719454741890397,0.0
2024-04-25,499249.3377685908,744474.2598342896,1243723.5976028803,25309.586679120424,6,0.004038826755864422,0.0
2024-04-26,556447.3860063314,695918.5262145996,1252365.9122209311,22705.2439348816,5,0.006948742176081435,11246.657362289568
2024-04-29,788442.0707831943,476223.3204345703,1264665.3912177645,23359.674425846777,4,0.009820994708344966,11645.04850586835
2024-04-30,788442.0707831943,479651.5918960571,1268093.6626792513,26787.945887333593,4,0.0027108130619322157,0.0
2024-05-02,992418.9799771026,281751.6957473755,1274170.675724478,21147.614429940197,3,0.00479224305276249,11717.344502620088
2024-05-03,992418.9799771026,282455.1445007324,1274874.124477835,21851.063183297145,3,0.0005520836154520037,0.0
2024-05-06,1061369.2194999817,216478.7014312744,1277847.9209312561,13606.14315316817,2,0.0023326196652075915,11218.716483550179
2024-05-07,1061369.2194999817,207411.8259048462,1268781.045404828,4539.267626739948,2,-0.007095426128502447,0.0
2024-05-08,1061369.2194999817,208607.84469604492,1269977.0641960267,5735.286417938679,2,0.0009426518433028885,0.0
2024-05-09,1061369.2194999817,203543.45275115967,1264912.6722511414,670.8944730534174,2,-0.003987782210926216,0.0
2024-05-10,902597.985117487,365218.59793700767,1267816.5830544946,3574.8052764066906,3,0.002295740146381231,0.0
2024-05-13,902597.985117487,371833.0555267334,1274431.0406442205,10189.26286613245,3,0.005217203874861909,0.0
2024-05-14,902597.985117487,371377.7373275757,1273975.7224450628,9733.944666974736,3,-0.0003572717429477512,0.0
2024-05-15,902597.985117487,372159.97119903564,1274757.9563165228,10516.17853843469,3,0.0006140100299232287,0.0
2024-05-16,902597.985117487,378587.5129928589,1281185.498110346,16943.720332257937,3,0.0050421664457744875,0.0
2024-05-17,902597.985117487,378653.3713989258,1281251.356516413,17009.57873832483,3,5.1404270625887705e-05,0.0
2024-05-21,962226.8967066301,324982.9626464844,1287209.8593531144,11725.312131850364,2,0.00465053387564951,11242.769443176108
2024-05-22,962226.8967066301,326968.6149902344,1289195.5116968644,13710.964475600364,2,0.00154260187592703,0.0
2024-05-23,962226.8967066301,320734.1369628906,1282961.0336695206,7476.486448256614,2,-0.004835944564480998,0.0
2024-05-24,962226.8967066301,314092.22021484375,1276319.1169214738,834.5697002097386,2,-0.005177021416659655,0.0
2024-05-27,962226.8967066301,316854.1162109375,1279081.0129175675,3596.4656963034886,2,0.002163954107931465,0.0
2024-05-28,962226.8967066301,316331.7233886719,1278558.620095302,3074.0728740378636,2,-0.0004084126157686274,0.0
2024-05-29,962226.8967066301,319024.1875,1281251.08420663,5766.536985365989,2,0.0021058589485145607,0.0
2024-05-30,962226.8967066301,313491.033203125,1275717.929909755,233.38268849098858,2,-0.004318555796814172,0.0
2024-05-31,962226.8967066301,316102.2907714844,1278329.1874781144,2844.640256850363,2,0.0020468925827075157,0.0
2024-06-03,704261.1652042178,572797.8066681012,1277058.971872319,1574.4246510547894,4,-0.0009936529794029036,0.0
2024-06-04,852226.4630037041,393828.7684326172,1246055.2314363213,-22908.197452289947,3,-0.024277453993015397,-6521.118332652946
2024-06-05,586481.1971315247,678713.4066751548,1265194.6038066796,9495.554643010175,5,0.015359971121261085,-13264.379724941971
2024-06-06,757417.2787498271,509183.65281677246,1266600.9315665995,-1262.964832877426,4,0.0011115505517400592,12164.847235807665
2024-06-07,757417.2787498271,515107.93005371094,1272525.208803538,4661.312404061051,4,0.004677303710499459,0.0
2024-06-10,757417.2787498271,512625.0365142822,1270042.3152641093,2178.4188646323396,4,-0.0019511546979593675,0.0
2024-06-11,757417.2787498271,516308.4792327881,1273725.7579826151,5861.861583138199,4,0.0029002519634473423,0.0
2024-06-12,757417.2787498271,523978.4428253174,1281395.7215751444,13531.825175667494,4,0.006021675815583105,0.0
2024-06-13,757417.2787498271,521983.1916656494,1279400.4704154765,11536.574015999528,4,-0.0015570921036128782,0.0
2024-06-14,757417.2787498271,526188.2662658691,1283605.5450156962,15741.648616219252,4,0.003286753989432345,0.0
2024-06-18,757417.2787498271,525685.7119750977,1283102.9907249247,15239.094325447768,4,-0.00039151770006207176,0.0
2024-06-19,853000.1371791919,431907.8517150879,1284907.9888942798,5086.013187474637,3,0.0014067445734307071,11958.079307328198
2024-06-20,853000.1371791919,435910.90226745605,1288911.039446648,9089.0637398428,3,0.003115437515345265,0.0
2024-06-21,853000.1371791919,434868.8078765869,1287868.9450557788,8046.96934897366,3,-0.000808507615325027,0.0
2024-06-24,853000.1371791919,435610.5436706543,1288610.6808498462,8788.705143041043,3,0.0005759404300529347,0.0
2024-06-25,853000.1371791919,438601.8839263916,1291602.0211055835,11780.045398778348,3,0.002321368509660804,0.0
2024-06-26,1011640.6361350535,283873.1381378174,1295513.7742728707,3461.6042310119033,2,0.0030286056411856777,12230.194335053739
2024-06-27,1011640.6361350535,283526.00312805176,1295166.639263105,3114.4692212462787,2,-0.00026795161630799313,0.0
2024-06-28,1011640.6361350535,282022.9996948242,1293663.6358298776,1611.4657880187397,2,-0.001160471083537673,0.0
2024-07-01,1011640.6361350535,283286.2330169678,1294926.8691520211,2874.6991101622943,2,0.0009764774143421473,0.0
2024-07-02,1011640.6361350535,280339.52348327637,1291980.1596183297,-72.0104235291119,2,-0.002275579883226131,0.0
2024-07-03,1151056.9672907651,145277.50268554688,1296334.469976312,10789.836355931067,1,0.0033702610102530617,-6507.53642147798
2024-07-04,1151056.9672907651,144885.1944580078,1295942.161748773,10397.528128392005,1,-0.0003026288636344132,0.0
2024-07-05,1297808.8845448026,0.0,1297808.8845448026,0.0,0,0.0014404368120184419,12264.250924421685
2024-07-08,1297808.8845448026,0.0,1297808.8845448026,0.0,0,0.0,0.0
2024-07-09,1297808.8845448026,0.0,1297808.8845448026,0.0,0,0.0,0.0
2024-07-10,1297808.8845448026,0.0,1297808.8845448026,0.0,0,0.0,0.0
2024-07-11,1297808.8845448026,0.0,1297808.8845448026,0.0,0,0.0,0.0
2024-07-12,1297808.8845448026,0.0,1297808.8845448026,0.0,0,0.0,0.0
2024-07-15,1297808.8845448026,0.0,1297808.8845448026,0.0,0,0.0,0.0
2024-07-16,1297808.8845448026,0.0,1297808.8845448026,0.0,0,0.0,0.0
2024-07-18,1297808.8845448026,0.0,1297808.8845448026,0.0,0,0.0,0.0
2024-07-19,1297808.8845448026,0.0,1297808.8845448026,0.0,0,0.0,0.0
2024-07-22,882858.4816774214,414458.7611090259,1297317.2427864473,-491.64175835531546,3,-0.00037882446653747515,0.0
2024-07-23,882858.4816774214,403721.5057373047,1286579.987414726,-11228.89713007653,3,-0.008276507100652752,0.0
2024-07-24,818459.4687884214,466510.7064986897,1284970.1752871112,-5942.558659351669,4,-0.0012512336142035396,-6896.1505983398265
2024-07-25,915429.8872510351,365254.880859375,1280684.76811041,-3552.805955612537,3,-0.0033350246247882964,-6675.159880440161
2024-07-26,915429.8872510351,374240.01403808594,1289669.901289121,5432.3272230984,3,0.0070158819738037614,0.0
2024-07-29,915429.8872510351,385949.79248046875,1301379.6797315038,17142.105665481213,3,0.009079671031073877,0.0
2024-07-30,915429.8872510351,391892.14099121094,1307322.028242246,23084.4541762234,3,0.004566191253245977,0.0
2024-07-31,1024516.7854873424,281823.2305908203,1306340.0160781627,10676.649046124108,2,-0.0007511631739302027,11425.792966015932
2024-08-01,1188333.0149803865,118547.32202148438,1306880.3370018709,-1322.068859470189,1,0.0004136143094890521,12539.038829302555
2024-08-02,1188333.0149803865,116590.39624023438,1304923.4112206209,-3278.9946407201887,1,-0.0014974024215096415,0.0
2024-08-05,1301507.6923920244,0.0,1301507.6923920244,0.0,0,-0.0026175626854616496,-6694.713469316661
2024-08-06,1301507.6923920244,0.0,1301507.6923920244,0.0,0,0.0,0.0
2024-08-07,906378.1983041463,394661.3365492687,1301039.534853415,-468.15753860949286,3,-0.0003597040120054684,0.0
2024-08-08,906378.1983041463,388385.4417877197,1294763.640091866,-6744.052300158467,3,-0.004823754077739162,0.0
2024-08-09,906378.1983041463,393971.20864868164,1300349.406952828,-1158.2854391965382,3,0.004314120885079431,0.0
2024-08-12,775945.1090205065,529902.0121427462,1305847.1211632527,4339.4287712283485,4,0.004227874585883695,0.0
2024-08-13,811950.8397839392,490206.36184005544,1302157.2016239946,7612.3299960397235,4,-0.002825690296710315,-6962.820764069476
2024-08-14,811950.8397839392,486745.6485366821,1298696.4883206212,4151.616692666382,4,-0.002657677044720419,0.0
2024-08-16,465223.02602384053,831781.4078002605,1297004.433824101,2459.562196146114,6,-0.0013028867882042272,0.0
2024-08-19,465223.02602384053,846720.3652420044,1311943.391265845,17398.51963789006,6,0.011518046547996486,0.0
2024-08-20,585253.4131196908,735721.7586288452,1320975.1717485362,13783.253729385942,5,0.006884276061619454,12647.046391195265
2024-08-21,585253.4131196908,738656.1765899658,1323909.5897096568,16717.671690506548,5,0.0022214028120122187,0.0
2024-08-22,585253.4131196908,743766.8787994385,1329020.2919191294,21828.37389997919,5,0.003860310590086069,0.0
2024-08-23,585253.4131196908,746405.1345672607,1331658.5476869517,24466.629667801473,5,0.0019851132325545695,0.0
2024-08-26,585253.4131196908,755143.492980957,1340396.906100648,33204.98808149776,5,0.006562011282002178,0.0
2024-08-27,728222.7783833289,610828.0018310547,1339050.7802143837,19322.586215235162,4,-0.001004274092350932,12536.275979998349
2024-08-28,728222.7783833289,607444.7105712891,1335667.488954618,15939.294955469535,4,-0.002526634022963603,0.0
2024-08-29,728222.7783833289,603957.2760314941,1332180.0544148232,12451.860415674615,4,-0.002611005035785041,0.0
2024-08-30,728222.7783833289,604615.5657043457,1332838.3440876747,13110.150088526178,4,0.000494144669611396,0.0
2024-09-02,728222.7783833289,604068.8859786987,1332291.6643620278,12563.470362879203,4,-0.00041016206359312246,0.0
2024-09-03,728222.7783833289,604930.2331924438,1333153.011575773,13424.81757662432,4,0.0006465155016619484,0.0
2024-09-04,728222.7783833289,610334.923751831,1338557.70213516,18829.50813601153,4,0.004054066196796713,0.0
2024-09-05,728222.7783833289,611772.7603225708,1339995.5387058998,20267.344706751275,4,0.0010741685386039812,0.0
2024-09-06,728222.7783833289,607611.4384841919,1335834.216867521,16106.022868372367,4,-0.003105474397621988,0.0
2024-09-09,728222.7783833289,613784.9250030518,1342007.7033863808,22279.509387232232,4,0.004621446614338387,0.0
2024-09-10,762701.0722321074,580361.9613294828,1343063.0335615901,10849.46922939517,4,0.0007863816076065788,12485.370333046576
2024-09-11,762701.0722321074,575365.3098983765,1338066.3821304839,5852.817798288762,4,-0.0037203402269631036,0.0
2024-09-12,579743.7332583141,764833.818399132,1344577.5516574462,12363.987325250935,5,0.004866103516176112,0.0
2024-09-13,579743.7332583141,768846.9407424927,1348590.6740008066,16377.109668611654,5,0.002984671533756922,0.0
2024-09-16,579743.7332583141,763473.4426345825,1343217.1758928965,11003.611560701469,5,-0.003984528598265369,0.0
2024-09-17,755493.5784237889,584467.4655914307,1339961.0440152194,14954.97349134296,4,-0.0024241291252939945,-7207.493808318549
2024-09-18,873245.6663869426,469434.46893310547,1342680.135320048,4966.7516501733835,3,0.002029231608615234,12707.313145998112
2024-09-19,873245.6663869426,477600.3604736328,1350846.0268605754,13132.643190700728,3,0.00608178472721721,0.0
2024-09-20,873245.6663869426,478466.0614013672,1351711.7277883098,13998.344118435101,3,0.0006408583291659387,0.0
2024-09-23,873245.6663869426,475297.7152709961,1348543.3816579387,10829.99798806401,3,-0.0023439510549747578,0.0
2024-09-24,873245.6663869426,471938.5170288086,1345184.1834157512,7470.7997458765085,3,-0.002490982706138567,0.0
2024-09-25,1014231.73578993,328745.38439941406,1342977.120189344,12336.048073018994,2,-0.001640714523421516,-7072.3115535496045
2024-09-26,1014231.73578993,333369.6301269531,1347601.365916883,16960.293800558058,2,0.0034432796047092484,0.0
2024-09-27,1203007.3873096574,144282.1124267578,1347289.4997364152,4549.285388192511,1,-0.00023142317034952065,12099.142231897695
2024-09-30,1203007.3873096574,141801.9744873047,1344809.361796962,2069.147448739386,1,-0.0018408352027818875,0.0
2024-10-01,1203007.3873096574,144871.14807128906,1347878.5353809465,5138.321032723761,1,0.0022822369260453446,0.0
2024-10-03,1203007.3873096574,143315.8868408203,1346323.2741504777,3583.059802255011,1,-0.0011538585930735978,0.0
2024-10-04,1203007.3873096574,146581.40991210938,1349588.7972217668,6848.582873544074,1,0.002425511861814611,0.0
2024-10-07,1203007.3873096574,146622.73315429688,1349630.1204639543,6889.906115731574,1,3.06191354526586e-05,0.0
2024-10-08,525931.8606056273,825334.8615677562,1351266.7221733835,8526.507825160892,5,0.0012126298047250295,0.0
2024-10-09,559729.172616879,797921.1305044421,1357650.3031213211,2332.709250656387,5,0.004724145753896902,12577.37952244202
2024-10-10,559729.172616879,795576.0833740234,1355305.2559909024,-12.337879762292118,5,-0.0017272836201098762,0.0
2024-10-11,559729.172616879,796065.0447998047,1355794.2174166837,476.6235460189579,5,0.00036077586478766577,0.0
2024-10-14,559729.172616879,804879.8366699219,1364609.0092868009,9291.415416136144,5,0.0065015706343052315,0.0
2024-10-15,559729.172616879,810536.0639648438,1370265.2365817227,14947.642711058019,5,0.004144943537986778,0.0
2024-10-16,559729.172616879,804077.0657958984,1363806.2384127774,8488.644542112708,5,-0.004713684618503522,0.0
2024-10-17,707917.9505438141,644423.0723876953,1352341.0229315094,4142.208318114719,4,-0.00840677741334539,-7118.77925727005
2024-10-18,707917.9505438141,646858.4305419922,1354776.3810858063,6577.566472411594,4,0.0018008461719349889,0.0
2024-10-21,707917.9505438141,640185.6867675781,1348103.6373113922,-95.17730200246842,4,-0.0049253469927385,0.0
2024-10-22,1007313.4080754078,322000.61975097656,1329314.0278263844,-4553.406741611468,2,-0.013937807869490726,-14331.380045398882
2024-10-23,1007313.4080754078,323994.8653564453,1331308.2734318532,-2559.1611361427176,2,0.0015002065454237101,0.0
2024-10-24,1007313.4080754078,324585.47790527344,1331898.8859806813,-1968.548587314593,2,0.0004436331994734921,0.0
2024-10-25,1118741.5203991043,207268.4912109375,1326010.0116100418,-772.6407318948837,1,-0.004421412490561161,-7084.782226059047
2024-10-28,1118741.5203991043,206714.8681640625,1325456.3885631668,-1326.2637787698836,1,-0.0004175104577097688,0.0
2024-10-29,1118741.5203991043,208539.9169921875,1327281.4373912918,498.78504935511626,1,0.0013769210695067091,0.0
2024-10-30,1118741.5203991043,208392.158203125,1327133.6786022293,351.02626029261626,1,-0.00011132438448990811,0.0
2024-10-31,1118741.5203991043,209591.9384765625,1328333.4588756668,1550.8065337301164,1,0.0009040387511687342,0.0
2024-11-01,1118741.5203991043,209868.0029296875,1328609.5233287918,1826.8709868551164,1,0.0002078276740531404,0.0
2024-11-04,1118741.5203991043,207672.9052734375,1326414.4256725418,-368.22666939488374,1,-0.0016521766686951045,0.0
2024-11-05,1118741.5203991043,207908.671875,1326650.1922741043,-132.46006783238371,1,0.000177747314111798,0.0
2024-11-06,1118741.5203991043,207962.3876953125,1326703.9080944168,-78.74424751988371,1,4.04898145911492e-05,0.0
2024-11-07,1339360.6762974034,0.0,1339360.6762974034,0.0,0,0.009540009738243649,12578.023955466633
2024-11-08,1339360.6762974034,0.0,1339360.6762974034,0.0,0,0.0,0.0
2024-11-11,1339360.6762974034,0.0,1339360.6762974034,0.0,0,0.0,0.0
2024-11-12,1339360.6762974034,0.0,1339360.6762974034,0.0,0,0.0,0.0
2024-11-13,1339360.6762974034,0.0,1339360.6762974034,0.0,0,0.0,0.0
2024-11-14,1339360.6762974034,0.0,1339360.6762974034,0.0,0,0.0,0.0
2024-11-18,1339360.6762974034,0.0,1339360.6762974034,0.0,0,0.0,0.0
2024-11-19,1339360.6762974034,0.0,1339360.6762974034,0.0,0,0.0,0.0
2024-11-21,1339360.6762974034,0.0,1339360.6762974034,0.0,0,0.0,0.0
2024-11-22,1339360.6762974034,0.0,1339360.6762974034,0.0,0,0.0,0.0
2024-11-25,1339360.6762974034,0.0,1339360.6762974034,0.0,0,0.0,0.0
2024-11-26,1339360.6762974034,0.0,1339360.6762974034,0.0,0,0.0,0.0
2024-11-27,1339360.6762974034,0.0,1339360.6762974034,0.0,0,0.0,0.0
2024-11-28,1339360.6762974034,0.0,1339360.6762974034,0.0,0,0.0,0.0
2024-11-29,1339360.6762974034,0.0,1339360.6762974034,0.0,0,0.0,0.0
2024-12-02,1339360.6762974034,0.0,1339360.6762974034,0.0,0,0.0,0.0
2024-12-03,1339360.6762974034,0.0,1339360.6762974034,0.0,0,0.0,0.0
2024-12-04,1339360.6762974034,0.0,1339360.6762974034,0.0,0,0.0,0.0
2024-12-05,1339360.6762974034,0.0,1339360.6762974034,0.0,0,0.0,0.0
2024-12-06,1339360.6762974034,0.0,1339360.6762974034,0.0,0,0.0,0.0
2024-12-09,1339360.6762974034,0.0,1339360.6762974034,0.0,0,0.0,0.0
2024-12-10,1339360.6762974034,0.0,1339360.6762974034,0.0,0,0.0,0.0
2024-12-11,1339360.6762974034,0.0,1339360.6762974034,0.0,0,0.0,0.0
2024-12-12,1339360.6762974034,0.0,1339360.6762974034,0.0,0,0.0,0.0
2024-12-13,1339360.6762974034,0.0,1339360.6762974034,0.0,0,0.0,0.0
2024-12-16,1339360.6762974034,0.0,1339360.6762974034,0.0,0,0.0,0.0
2024-12-17,1339360.6762974034,0.0,1339360.6762974034,0.0,0,0.0,0.0
2024-12-18,1339360.6762974034,0.0,1339360.6762974034,0.0,0,0.0,0.0
2024-12-19,1339360.6762974034,0.0,1339360.6762974034,0.0,0,0.0,0.0
2024-12-20,1339360.6762974034,0.0,1339360.6762974034,0.0,0,0.0,0.0
2024-12-23,1147048.4728505902,192084.34799902362,1339132.8208496138,-227.8554477894898,1,-0.0001701225456458566,0.0
2024-12-24,1147048.4728505902,190568.7900390625,1337617.2628896527,-1743.4134077506126,1,-0.001131745810695195,0.0
2024-12-26,1147048.4728505902,189875.7705078125,1336924.2433584027,-2436.432939000613,1,-0.0005181000204445008,0.0
2024-12-27,1147048.4728505902,191323.27270507812,1338371.7455556684,-988.9307417349876,1,0.0010827107103910105,0.0
2024-12-30,1147048.4728505902,194587.17114257812,1341635.6439931684,2274.967695765012,1,0.002438708414413515,0.0
2024-12-31,1147048.4728505902,190714.08618164062,1337762.5590322309,-1598.1172651724876,1,-0.0028868381503415197,0.0
2025-01-01,1147048.4728505902,190451.40942382812,1337499.8822744184,-1860.7940229849876,1,-0.0001963552919305167,0.0
2025-01-02,1147048.4728505902,193033.45166015625,1340081.9245107465,721.2482133431374,1,0.0019304990382036369,0.0
2025-01-03,1147048.4728505902,188841.81567382812,1335890.2885244184,-3470.387772984988,1,-0.0031278953246521857,0.0
2025-01-06,1147048.4728505902,188489.7314453125,1335538.2042959027,-3822.472001500613,1,-0.00026355774238351337,0.0
2025-01-07,1147048.4728505902,186796.3046875,1333844.7775380902,-5515.898759313112,1,-0.0012679732802591825,0.0
2025-01-08,1332176.8427191486,0.0,1332176.8427191486,0.0,0,-0.0012504714544222528,-7183.833578254672
2025-01-09,1332176.8427191486,0.0,1332176.8427191486,0.0,0,0.0,0.0
2025-01-10,1332176.8427191486,0.0,1332176.8427191486,0.0,0,0.0,0.0
2025-01-13,1332176.8427191486,0.0,1332176.8427191486,0.0,0,0.0,0.0
2025-01-14,1332176.8427191486,0.0,1332176.8427191486,0.0,0,0.0,0.0
2025-01-15,1204378.0547705365,127647.36932029271,1332025.4240908292,-151.41862831933355,1,-0.00011366255850109308,0.0
2025-01-16,1204378.0547705365,125850.73388671875,1330228.7886572552,-1948.0540618932932,1,-0.0013487996558325666,0.0
2025-01-17,1204378.0547705365,123562.400390625,1327940.4551611615,-4236.387557987044,1,-0.0017202555797966035,0.0
2025-01-20,1325284.960698116,0.0,1325284.960698116,0.0,0,-0.0019997089874960183,-6891.882021032455
2025-01-21,1325284.960698116,0.0,1325284.960698116,0.0,0,0.0,0.0
2025-01-22,1325284.960698116,0.0,1325284.960698116,0.0,0,0.0,0.0
2025-01-23,1325284.960698116,0.0,1325284.960698116,0.0,0,0.0,0.0
2025-01-24,1325284.960698116,0.0,1325284.960698116,0.0,0,0.0,0.0
2025-01-27,1325284.960698116,0.0,1325284.960698116,0.0,0,0.0,0.0
2025-01-28,1325284.960698116,0.0,1325284.960698116,0.0,0,0.0,0.0
2025-01-29,1325284.960698116,0.0,1325284.960698116,0.0,0,0.0,0.0
2025-01-30,1325284.960698116,0.0,1325284.960698116,0.0,0,0.0,0.0
2025-01-31,1325284.960698116,0.0,1325284.960698116,0.0,0,0.0,0.0
2025-02-01,1325284.960698116,0.0,1325284.960698116,0.0,0,0.0,0.0
2025-02-03,1325284.960698116,0.0,1325284.960698116,0.0,0,0.0,0.0
2025-02-04,1325284.960698116,0.0,1325284.960698116,0.0,0,0.0,0.0
2025-02-05,1325284.960698116,0.0,1325284.960698116,0.0,0,0.0,0.0
2025-02-06,1325284.960698116,0.0,1325284.960698116,0.0,0,0.0,0.0
2025-02-07,1325284.960698116,0.0,1325284.960698116,0.0,0,0.0,0.0
2025-02-10,1325284.960698116,0.0,1325284.960698116,0.0,0,0.0,0.0
2025-02-11,1325284.960698116,0.0,1325284.960698116,0.0,0,0.0,0.0
2025-02-12,1325284.960698116,0.0,1325284.960698116,0.0,0,0.0,0.0
2025-02-13,1325284.960698116,0.0,1325284.960698116,0.0,0,0.0,0.0
2025-02-14,1325284.960698116,0.0,1325284.960698116,0.0,0,0.0,0.0
2025-02-17,1239792.6176303984,85391.04998405934,1325183.6676144577,-101.29308365839077,1,-7.64311726627609e-05,0.0
2025-02-18,1239792.6176303984,84323.99798583984,1324116.6156162382,-1168.3450818778872,1,-0.0008052106468685594,0.0
2025-02-19,1239792.6176303984,90305.46981811523,1330098.0874485136,4813.126750397503,1,0.0045173300914223,0.0
2025-02-20,1239792.6176303984,91494.6362915039,1331287.2539219023,6002.293223786175,1,0.0008940441946427846,0.0
2025-02-21,1239792.6176303984,90102.72024536131,1329895.3378757597,4610.377177643582,1,-0.001045541480279355,0.0
2025-02-24,1239792.6176303984,91315.60258483887,1331108.2202152372,5823.259517121136,1,0.0009120133779962902,0.0
2025-02-25,1239792.6176303984,91722.87817382812,1331515.4958042265,6230.535106110394,1,0.0003059673006327035,0.0
2025-02-27,1239792.6176303984,93208.77983093262,1333001.397461331,7716.436763214886,1,0.0011159477015376673,0.0
2025-02-28,1239792.6176303984,89941.60304260254,1329734.220673001,4449.259974884808,1,-0.0024509927705644863,0.0
2025-03-03,1239792.6176303984,89109.1422729492,1328901.7599033476,3616.799205231473,1,-0.0006260354563425441,0.0
2025-03-04,1239792.6176303984,88428.84736633302,1328221.4649967314,2936.504298615291,1,-0.0005119226470629012,0.0
2025-03-05,1239792.6176303984,91158.95759582518,1330951.5752262236,5666.61452810745,1,0.0020554631147291502,0.0
2025-03-06,1239792.6176303984,91096.30513000488,1330888.9227604032,5603.962062287152,1,-4.707343752130555e-05,0.0
2025-03-07,1239792.6176303984,93266.96699523927,1333059.5846256376,7774.623927521541,1,0.0016309864994084045,0.0
2025-03-10,1239792.6176303984,91901.9049682617,1331694.52259866,6409.561900543973,1,-0.0010240067606287484,0.0
2025-03-11,1239792.6176303984,90147.47003173828,1329940.0876621366,4655.12696402055,1,-0.001317445485245261,0.0
2025-03-12,1239792.6176303984,92403.17999267578,1332195.7976230741,6910.83692495805,1,0.0016960989309697805,0.0
2025-03-13,1239792.6176303984,93155.07870483398,1332947.6963352324,7662.735637116253,1,0.0005644055577262996,0.0
2025-03-17,1239792.6176303984,93817.46401977536,1333610.0816501738,8325.12095205763,1,0.000496932712935827,0.0
2025-03-18,1239792.6176303984,93817.46401977536,1333610.0816501738,8325.12095205763,1,0.0,0.0
2025-03-19,1239792.6176303984,95741.96749877928,1335534.5851291777,10249.624431061551,1,0.0014430780821801381,0.0
2025-03-20,1239792.6176303984,97344.23657226562,1337136.854202664,11851.893504547894,1,0.0011997211388812268,0.0
2025-03-21,1338264.4224770933,0.0,1338264.4224770933,0.0,0,0.0008432706576633198,12979.461778977242
2025-03-24,1338264.4224770933,0.0,1338264.4224770933,0.0,0,0.0,0.0
2025-03-25,1338264.4224770933,0.0,1338264.4224770933,0.0,0,0.0,0.0
2025-03-26,1338264.4224770933,0.0,1338264.4224770933,0.0,0,0.0,0.0
2025-03-27,1338264.4224770933,0.0,1338264.4224770933,0.0,0,0.0,0.0
2025-03-28,1338264.4224770933,0.0,1338264.4224770933,0.0,0,0.0,0.0
2025-04-01,1338264.4224770933,0.0,1338264.4224770933,0.0,0,0.0,0.0
2025-04-02,1338264.4224770933,0.0,1338264.4224770933,0.0,0,0.0,0.0
2025-04-03,1338264.4224770933,0.0,1338264.4224770933,0.0,0,0.0,0.0
2025-04-04,1338264.4224770933,0.0,1338264.4224770933,0.0,0,0.0,0.0
2025-04-07,1338264.4224770933,0.0,1338264.4224770933,0.0,0,0.0,0.0
2025-04-08,1060208.0852737946,277726.89034507226,1337934.9756188667,-329.44685822647364,2,-0.00024617471158405735,0.0
2025-04-09,1060208.0852737946,274750.1394042969,1334958.2246780915,-3306.1977990018268,2,-0.0022248846132438826,0.0
2025-04-11,1060208.0852737946,279708.0795288086,1339916.1648026032,1651.7423255098918,2,0.003713929045013664,0.0
2025-04-15,1060208.0852737946,292526.95642089844,1352735.041694693,14470.619217599735,2,0.009566924579925695,0.0
2025-04-16,1204441.2018975974,154970.84197998047,1359412.0438775779,8201.996874741199,1,0.00493592756680572,12945.624525743282
2025-04-17,1204441.2018975974,158057.51342773438,1362498.7153253318,11288.668322495105,1,0.0022705929829409666,0.0
2025-04-21,1364118.1757463175,0.0,1364118.1757463175,0.0,0,0.0011885959250970135,12908.128743480922
2025-04-22,1364118.1757463175,0.0,1364118.1757463175,0.0,0,0.0,0.0
2025-04-23,1364118.1757463175,0.0,1364118.1757463175,0.0,0,0.0,0.0
2025-04-24,1364118.1757463175,0.0,1364118.1757463175,0.0,0,0.0,0.0
2025-04-25,1364118.1757463175,0.0,1364118.1757463175,0.0,0,0.0,0.0
2025-04-28,1364118.1757463175,0.0,1364118.1757463175,0.0,0,0.0,0.0
2025-04-29,1364118.1757463175,0.0,1364118.1757463175,0.0,0,0.0,0.0
2025-04-30,1364118.1757463175,0.0,1364118.1757463175,0.0,0,0.0,0.0
2025-05-02,1364118.1757463175,0.0,1364118.1757463175,0.0,0,0.0,0.0
2025-05-05,1364118.1757463175,0.0,1364118.1757463175,0.0,0,0.0,0.0
2025-05-06,1364118.1757463175,0.0,1364118.1757463175,0.0,0,0.0,0.0
2025-05-07,1364118.1757463175,0.0,1364118.1757463175,0.0,0,0.0,0.0
2025-05-08,1364118.1757463175,0.0,1364118.1757463175,0.0,0,0.0,0.0
2025-05-09,1364118.1757463175,0.0,1364118.1757463175,0.0,0,0.0,0.0
2025-05-12,1364118.1757463175,0.0,1364118.1757463175,0.0,0,0.0,0.0
2025-05-13,1364118.1757463175,0.0,1364118.1757463175,0.0,0,0.0,0.0
2025-05-14,1364118.1757463175,0.0,1364118.1757463175,0.0,0,0.0,0.0
2025-05-15,1364118.1757463175,0.0,1364118.1757463175,0.0,0,0.0,0.0
2025-05-16,1364118.1757463175,0.0,1364118.1757463175,0.0,0,0.0,0.0
2025-05-19,1364118.1757463175,0.0,1364118.1757463175,0.0,0,0.0,0.0
2025-05-20,1364118.1757463175,0.0,1364118.1757463175,0.0,0,0.0,0.0
2025-05-21,1364118.1757463175,0.0,1364118.1757463175,0.0,0,0.0,0.0
2025-05-22,1364118.1757463175,0.0,1364118.1757463175,0.0,0,0.0,0.0
2025-05-23,1364118.1757463175,0.0,1364118.1757463175,0.0,0,0.0,0.0
2025-05-26,1364118.1757463175,0.0,1364118.1757463175,0.0,0,0.0,0.0
2025-05-27,1364118.1757463175,0.0,1364118.1757463175,0.0,0,0.0,0.0
2025-05-28,1364118.1757463175,0.0,1364118.1757463175,0.0,0,0.0,0.0
2025-05-29,1364118.1757463175,0.0,1364118.1757463175,0.0,0,0.0,0.0
2025-05-30,1364118.1757463175,0.0,1364118.1757463175,0.0,0,0.0,0.0
2025-06-02,1364118.1757463175,0.0,1364118.1757463175,0.0,0,0.0,0.0
2025-06-03,1364118.1757463175,0.0,1364118.1757463175,0.0,0,0.0,0.0
2025-06-04,1364118.1757463175,0.0,1364118.1757463175,0.0,0,0.0,0.0
2025-06-05,1364118.1757463175,0.0,1364118.1757463175,0.0,0,0.0,0.0
2025-06-06,1219924.459684305,144022.87238619334,1363947.3320704983,-170.84367581918457,1,-0.0001252411109659013,0.0
2025-06-09,1219924.459684305,146136.81579589844,1366061.2754802033,1943.0997338859133,1,0.0015498717289150754,0.0
2025-06-10,1219924.459684305,145523.7022705078,1365448.1619548127,1329.9862084952883,1,-0.0004488184654638516,0.0
2025-06-11,1219924.459684305,142902.36328125,1362826.822965555,-1291.3527807625242,1,-0.001919764559575099,0.0
2025-06-12,1219924.459684305,140547.62231445312,1360472.081998758,-3646.093747559399,1,-0.0017278357947732026,0.0
2025-06-13,1356947.9393618938,0.0,1356947.9393618938,0.0,0,-0.0025903821794612814,-7170.236384423673
2025-06-16,1356947.9393618938,0.0,1356947.9393618938,0.0,0,0.0,0.0
2025-06-17,1356947.9393618938,0.0,1356947.9393618938,0.0,0,0.0,0.0
2025-06-18,1356947.9393618938,0.0,1356947.9393618938,0.0,0,0.0,0.0
2025-06-19,1356947.9393618938,0.0,1356947.9393618938,0.0,0,0.0,0.0
2025-06-20,1171018.1121907379,185709.53369384035,1356727.645884578,-220.29347731550948,1,-0.0001623448261539595,0.0
2025-06-23,1171018.1121907379,187526.8818359375,1358544.9940266754,1597.0546647816416,1,0.0013395084471152785,0.0
2025-06-24,1171018.1121907379,192329.9324951172,1363348.044685855,6400.105323961329,1,0.0035354373099882874,0.0
2025-06-25,1003870.5097293793,359777.7876472298,1363648.2973766092,6700.358014715462,2,0.0002202318710358142,0.0
2025-06-26,1003870.5097293793,365334.55236816406,1369205.0620975434,12257.12273564973,2,0.004074925134013085,0.0
2025-06-27,1202762.5634204564,169128.779296875,1371891.3427173314,1981.1768355165257,1,0.0019619271752273626,12962.226519921162
2025-06-30,1202762.5634204564,174051.97265625,1376814.5360767064,6904.370194891526,1,0.003588617557439777,0.0
2025-07-01,1010701.5480293647,363628.7212279438,1374330.2692573084,4420.103375493621,2,-0.0018043583607687541,0.0
2025-07-02,1010701.5480293647,360660.056640625,1371361.6046699896,1451.4387881748398,2,-0.002160080916302043,0.0
2025-07-03,1010701.5480293647,357227.0085449219,1367928.5565742864,-1981.6093075282856,2,-0.0025033864766319525,0.0
2025-07-04,1195417.5505616118,170090.859375,1365508.4099366118,2943.2569136415254,1,-0.0017692054355056275,-7345.012858844547
2025-07-07,1195417.5505616118,178559.4580078125,1373977.0085694243,11411.855546454026,1,0.00620179163393475,0.0
2025-07-08,1375615.3571445467,0.0,1375615.3571445467,0.0,0,0.0011924133845793161,13050.204121576317
2025-07-09,1375615.3571445467,0.0,1375615.3571445467,0.0,0,0.0,0.0
2025-07-10,1375615.3571445467,0.0,1375615.3571445467,0.0,0,0.0,0.0
2025-07-11,1375615.3571445467,0.0,1375615.3571445467,0.0,0,0.0,0.0
2025-07-14,1375615.3571445467,0.0,1375615.3571445467,0.0,0,0.0,0.0
2025-07-15,1375615.3571445467,0.0,1375615.3571445467,0.0,0,0.0,0.0
2025-07-16,1375615.3571445467,0.0,1375615.3571445467,0.0,0,0.0,0.0
2025-07-17,1375615.3571445467,0.0,1375615.3571445467,0.0,0,0.0,0.0
2025-07-18,1375615.3571445467,0.0,1375615.3571445467,0.0,0,0.0,0.0
2025-07-21,1168963.539282224,206406.97254490867,1375370.5118271327,-244.84531741405684,1,-0.0001779896656012303,0.0
2025-07-22,1168963.539282224,206545.90405273435,1375509.4433349583,-105.91380958838002,1,0.000101013877083167,0.0
2025-07-23,1168963.539282224,203861.84741210935,1372825.3866943333,-2789.97045021338,1,-0.0019513182215000757,0.0
2025-07-24,991645.2660294748,377822.8577260425,1369468.1237555174,-6147.233389029293,2,-0.0024455134435559245,0.0
2025-07-25,1190920.2523624138,172200.06379699707,1363120.3161594109,-5118.209455752005,1,-0.004635235742982302,-7376.831529383688
2025-07-28,1037936.7562382632,324458.1547471328,1362394.910985396,-5843.614629766909,2,-0.0005321651841113662,0.0
2025-07-29,763195.5486472215,602282.2049696546,1365477.753616876,-2760.7719982868357,4,0.0022628113233704727,0.0
2025-07-30,933197.4277563399,433689.75134277344,1366887.1790991132,5965.0476275811325,3,0.0010321848733925165,-7316.394143630687
2025-07-31,933197.4277563399,431244.513671875,1364441.9414282148,3519.8099566826954,3,-0.001788909654204307,0.0
2025-08-01,933197.4277563399,426028.59619140625,1359226.023947746,-1696.1075237860541,3,-0.0038227478371186674,0.0
2025-08-04,595392.0783428417,763868.5572318578,1359260.6355746994,-1661.4958968328015,5,2.5464217388027066e-05,0.0
2025-08-05,595392.0783428417,760534.5986785889,1355926.6770214306,-4995.454450101695,5,-0.0024527735638126824,0.0
2025-08-06,732353.5109646437,610550.4521484375,1342903.9631130812,-10814.879779550905,4,-0.009604290651583303,-7203.288578900161
2025-08-07,856157.2529038861,488019.2684020996,1344176.5213059857,-2408.8177621025034,3,0.0009476166783770612,-7133.503824543859
2025-08-08,856157.2529038861,486728.9355621338,1342886.18846602,-3699.1506020683237,3,-0.000959942998195018,0.0
2025-08-11,856157.2529038861,486926.6000213623,1343083.8529252484,-3501.486142839808,3,0.00014719375396543555,0.0
2025-08-12,856157.2529038861,491493.0192565918,1347650.272160478,1064.9330923896841,3,0.003399950960086162,0.0
2025-08-13,856157.2529038861,490473.2999420166,1346630.5528459027,45.21377781448865,3,-0.000756664644856575,0.0
2025-08-14,697628.4672792885,642669.3974206541,1340297.8646999425,-6287.474368145751,4,-0.004702617308494195,0.0
2025-08-18,697628.4672792885,641026.2594604492,1338654.7267397377,-7930.612328350606,4,-0.0012259498455388096,0.0
2025-08-19,697628.4672792885,645535.3800048828,1343163.8472841713,-3421.4917839170125,4,0.0033683969841988848,0.0
2025-08-20,849090.8597973487,498366.73709106445,1347457.5968884132,7938.6509268623395,3,0.0031967429833104077,-7066.393106537423
2025-08-21,690216.7551272947,656823.9130684225,1347040.668195717,7521.722234166241,4,-0.00030941878516910215,0.0
2025-08-22,690216.7551272947,653024.2819976807,1343241.0371249754,3722.0911634244394,4,-0.002820724838123123,0.0
2025-08-25,856251.9529350977,494254.8315124512,1350506.784447549,-2063.863197654453,3,0.005409116548527271,13051.701683652453
2025-08-26,856251.9529350977,485114.1119232178,1341366.0648583155,-11204.58278688788,3,-0.006768362583955856,0.0
2025-08-28,1055774.892050012,283277.0908203125,1339051.9828703245,-6173.50024008116,2,-0.0017251681316654555,-7345.164534797687
2025-08-29,1179200.3542634654,157217.36279296875,1336417.7170564341,-1656.7418770853608,1,-0.0019672617998321984,-7151.024176886162
2025-09-01,1179200.3542634654,157454.34399414062,1336654.698257606,-1419.7606759134858,1,0.00017732569551220934,0.0
2025-09-02,1179200.3542634654,156800.59619140625,1336000.9504548716,-2073.508478647861,1,-0.0004890925110176969,0.0
2025-09-03,1179200.3542634654,163795.66064453125,1342996.0149079966,4921.555974477139,1,0.0052358229616105145,0.0
2025-09-04,1179200.3542634654,162692.46435546875,1341892.8186189341,3818.359685414639,1,-0.0008214442014841117,0.0
2025-09-05,1179200.3542634654,167677.267578125,1346877.6218415904,8803.16290807089,1,0.0037147551231302423,0.0
2025-09-08,1179200.3542634654,167677.267578125,1346877.6218415904,8803.16290807089,1,0.0,0.0
2025-09-09,1351084.073275249,0.0,1351084.073275249,0.0,0,0.003123113314413173,13009.614341729619
2025-09-10,1351084.073275249,0.0,1351084.073275249,0.0,0,0.0,0.0
2025-09-11,1351084.073275249,0.0,1351084.073275249,0.0,0,0.0,0.0
2025-09-12,1351084.073275249,0.0,1351084.073275249,0.0,0,0.0,0.0
2025-09-15,1217264.7221981483,133660.79916195408,1350925.5213601023,-158.55191514668817,1,-0.00011735162769133112,0.0
2025-09-16,1087114.5698041976,264418.90485200094,1351533.4746561986,449.40138094960923,2,0.00045002724908482783,0.0
2025-09-17,1087114.5698041976,263738.4682312012,1350853.0380353988,-231.0352398501716,2,-0.0005034552481010257,0.0
2025-09-18,1087114.5698041976,264548.4637145996,1351663.0335187973,578.9602435482657,2,0.0005996177678784242,0.0
2025-09-19,1087114.5698041976,273826.15728759766,1360940.7270917953,9856.653816546313,2,0.006863910118815042,0.0
2025-09-22,1087114.5698041976,274621.61114501953,1361736.1809492172,10652.107673968187,2,0.000584488245216841,0.0
2025-09-23,1087114.5698041976,273759.06802368164,1360873.6378278793,9789.564552630296,2,-0.000633414264381682,0.0
2025-09-24,988455.6353574978,375322.67025718844,1363778.3056146863,-310.0367819079836,2,0.002134414030859899,13004.269121345415
2025-09-25,988455.6353574978,370971.64443969727,1359427.279797195,-4661.062599399156,2,-0.0031904201728228943,0.0
2025-09-26,988455.6353574978,367683.3794250488,1356139.0147825466,-7949.327614047594,2,-0.00241886054775875,0.0
2025-09-29,1226485.3364423052,126331.16174316406,1352816.4981854693,-3818.9906507865085,1,-0.002449982310707255,-7452.853560338503
2025-09-30,1226485.3364423052,127243.61813354492,1353728.9545758502,-2906.534260405649,1,0.0006744864448391397,0.0
2025-10-01,903669.6047918013,449995.60001901485,1353665.204810816,-2970.2840254396424,3,-4.709197126839815e-05,0.0
2025-10-03,903669.6047918013,450753.4292297363,1354423.0340215378,-2212.454814718133,3,0.0005598350375177752,0.0
2025-10-06,903669.6047918013,452573.7750854492,1356243.3798772506,-392.10895900524247,3,0.0013440009583327583,0.0
2025-10-07,903669.6047918013,452203.5288696289,1355873.1336614303,-762.3551748255551,3,-0.0002729939340635479,0.0
2025-10-08,903669.6047918013,444673.7285461426,1348343.333337944,-8292.155498311884,3,-0.005553469669505651,0.0
2025-10-09,903669.6047918013,445367.84979248047,1349037.454584282,-7598.034251973978,3,0.0005147956230253659,0.0
2025-10-10,903669.6047918013,446998.3604736328,1350667.9652654342,-5967.523570821649,3,0.0012086474512709167,0.0
2025-10-13,1026726.4677421171,323435.9901123047,1350162.4578544218,620.2584618007971,2,-0.0003742647519688891,-7093.289443634698
2025-10-14,1026726.4677421171,324927.9473876953,1351654.4151298124,2112.2157371914222,2,0.0011050205600899865,0.0
2025-10-15,1026726.4677421171,323921.68212890625,1350648.1498710234,1105.9504784023597,2,-0.0007444693314543338,0.0
2025-10-16,1026726.4677421171,322903.34765625,1349629.8153983671,87.61600574610966,2,-0.0007539598471693054,0.0
2025-10-17,1026726.4677421171,326769.5368652344,1353496.0046073515,3953.805214730485,2,0.002864629370864291,0.0
2025-10-20,1026726.4677421171,340534.24072265625,1367260.7084647734,17718.50907215236,2,0.010169741034008473,0.0
2025-10-21,1026726.4677421171,340630.71057128906,1367357.1783134062,17814.97892078517,2,7.055702547109632e-05,0.0
2025-10-23,1026726.4677421171,342703.9826660156,1369430.4504081327,19888.251015511763,2,0.0015162622668085657,0.0
2025-10-24,1026726.4677421171,342016.51025390625,1368742.9779960234,19200.77860340236,2,-0.00050201338220901,0.0
2025-10-27,1375645.546590533,0.0,1375645.546590533,0.0,0,0.005042998360887063,26103.347197912117
2025-10-28,1375645.546590533,0.0,1375645.546590533,0.0,0,0.0,0.0
2025-10-29,1375645.546590533,0.0,1375645.546590533,0.0,0,0.0,0.0
2025-10-30,1375645.546590533,0.0,1375645.546590533,0.0,0,0.0,0.0
2025-10-31,1375645.546590533,0.0,1375645.546590533,0.0,0,0.0,0.0
2025-11-03,1375645.546590533,0.0,1375645.546590533,0.0,0,0.0,0.0
2025-11-04,1375645.546590533,0.0,1375645.546590533,0.0,0,0.0,0.0
2025-11-06,1375645.546590533,0.0,1375645.546590533,0.0,0,0.0,0.0
2025-11-07,1375645.546590533,0.0,1375645.546590533,0.0,0,0.0,0.0
2025-11-10,1167443.2277574271,207955.63645030212,1375398.8642077292,-246.68238280389608,1,-0.00017932118009267306,0.0
2025-11-11,1167443.2277574271,209475.703125,1376918.9308824271,1273.3842918939863,1,0.0011051824414392009,0.0
2025-11-12,983642.3380892704,397563.4896934627,1381205.8277827331,5560.281192199924,2,0.0031133981850033354,0.0
2025-11-13,983642.3380892704,401188.0205078125,1384830.358597083,9184.81200654975,2,0.00262417862815445,0.0
2025-11-14,983642.3380892704,399607.85900878906,1383250.1970980596,7604.650507526312,2,-0.0011410505909360547,0.0
2025-11-17,974369.9926659347,420117.1165692293,1394487.109235164,5946.629889169825,2,0.008123557228242984,12894.932755460963
2025-11-18,974369.9926659347,419227.78521728516,1393597.77788322,5057.298537225667,2,-0.0006377479906800598,0.0
2025-11-19,974369.9926659347,419449.6746826172,1393819.667348552,5279.188002557698,2,0.0001592205935265767,0.0
2025-11-20,974369.9926659347,426089.3674316406,1400459.3600975755,11918.880751581135,2,0.004763666996932203,0.0
2025-11-21,974369.9926659347,424159.4395751953,1398529.4322411302,9988.952895135822,2,-0.0013780677336547864,0.0
2025-11-24,1217796.7160920617,180260.64294433594,1398057.3590363977,-3540.246723820799,1,-0.00033754971032395886,13057.12641422428
2025-11-25,1217796.7160920617,184675.40203857422,1402472.118130636,874.5123704174819,1,0.003157781092244294,0.0
2025-11-26,1217796.7160920617,184675.40203857422,1402472.118130636,874.5123704174819,1,0.0,0.0
2025-11-27,1217796.7160920617,185707.21673583984,1403503.9328279016,1906.3270676831069,1,0.000735711379874715,0.0
2025-11-28,1217796.7160920617,188126.0057373047,1405922.7218293664,4325.116069147951,1,0.001723393105562021,0.0
2025-12-01,1217796.7160920617,192405.44622802734,1410202.162320089,8604.556559870607,1,0.0030438660847265098,0.0
2025-12-02,1217796.7160920617,192895.98651123047,1410692.7026032922,9095.096843073732,1,0.000347851036050173,0.0
2025-12-03,1217796.7160920617,192253.22314453125,1410049.939236593,8452.333476374513,1,-0.00045563669927051187,0.0
2025-12-04,1217796.7160920617,191610.45977783203,1409407.1758698937,7809.570109675295,1,-0.00045584439870771654,0.0
2025-12-05,1036393.6882175382,370921.0016505666,1407314.6898681046,5717.084107886321,2,-0.001484656838431131,0.0
2025-12-08,1036393.6882175382,361157.1184692383,1397550.8066867765,-4046.799073441982,2,-0.006937953004841679,0.0
2025-12-09,1210283.8673073102,189597.6058959961,1399881.4732033063,5796.716227839357,1,0.0016676792753282932,-7512.848784751486
2025-12-10,1210283.8673073102,187703.14544677734,1397987.0127540876,3902.255778620607,1,-0.0013533006082891985,0.0
2025-12-11,1210283.8673073102,191052.2601928711,1401336.1275001813,7251.370524714357,1,0.0023956694272115886,0.0
2025-12-12,1210283.8673073102,194350.64080810547,1404634.5081154157,10549.751139948732,1,0.0023537397991146847,0.0
2025-12-15,1210283.8673073102,193369.5809326172,1403653.4482399274,9568.69126446045,1,-0.0006984449476501453,0.0
2025-12-16,1210283.8673073102,194198.41772460938,1404482.2850319196,10397.528056452638,1,0.0005904853459601789,0.0
2025-12-17,1210283.8673073102,196109.7826538086,1406393.6499611188,12308.892985651857,1,0.001360903551130166,0.0
2025-12-18,1052867.4612985924,354067.0056205669,1406934.4669191593,12849.709943692375,2,0.0003845416665919643,0.0
2025-12-19,1047974.2250252522,361105.0380058127,1409079.263031065,1735.661179181276,2,0.0015244463493757632,13258.844876416506
2025-12-22,1047974.2250252522,361524.6357421875,1409498.8607674397,2155.2589155561004,2,0.0002977814998654793,0.0
2025-12-23,1047974.2250252522,362893.6259765625,1410867.8510018147,3524.2491499311004,2,0.0009712602631191114,0.0
2025-12-24,1047974.2250252522,363036.40087890625,1411010.6259041585,3667.0240522748504,2,0.00010119650982365336,0.0
2025-12-26,1047974.2250252522,361065.84033203125,1409040.0653572835,1696.46350539985,2,-0.0013965596790684875,0.0
2025-12-29,1242490.3429637002,162125.28076171875,1404615.623725419,4708.874753000936,1,-0.003140039620337265,-7436.8528794655585
2025-12-30,1410742.1213985248,0.0,1410742.1213985248,0.0,0,0.004361689824335491,10835.372426106918
