date,cash,market_value,equity,unrealized_pnl,open_positions,peak,drawdown
2021-01-19,536750.6282632723,462700.5043682331,999451.1326315054,-548.8673684947116,4,999451.1326315054,0.0
2021-01-20,415253.6356534138,587753.3127558965,1003006.9484093103,3006.9484093101437,5,1003006.9484093103,0.0
2021-01-21,415253.6356534138,594719.6018371582,1009973.237490572,9973.23749057184,5,1009973.237490572,0.0
2021-01-22,699259.3085098409,310283.94131469727,1009543.2498245381,5504.211248776454,3,1009973.237490572,0.0004257416435135201
2021-01-25,699259.3085098409,309714.9617614746,1008974.2702713155,4935.231695553797,3,1009973.237490572,0.00098910266349101
2021-01-27,576922.9427633894,429043.3212992906,1005966.2640626801,1927.225486918338,4,1009973.237490572,0.003967405550119212
2021-01-28,583714.3949655138,415378.9278131281,999093.322778642,314.53442946226016,4,1009973.237490572,0.010772478228198252
2021-01-29,413564.4446332139,574691.0225496626,988255.4671828765,-10523.321166303083,6,1009973.237490572,0.02150331266366672
2021-02-01,104840.20494464987,898238.5705210929,1003078.7754657427,-150.55355527147736,9,1009973.237490572,0.006826380906844286
2021-02-02,210620.45326213667,792295.1282043457,1002915.5814664824,4922.755005512131,8,1009973.237490572,0.006987963405471471
2021-02-03,136430.11515712226,871595.9929367944,1008026.1080939167,10033.281632946435,9,1009973.237490572,0.001927901972425819
2021-02-04,234816.1586164633,785001.7875976562,1019817.9462141196,12047.08242749435,8,1019817.9462141196,0.0
2021-02-05,337026.5665155239,691401.9632110596,1028428.5297265835,10988.37654907004,7,1028428.5297265835,0.0
2021-02-08,405864.58375476097,632022.8963165283,1037887.4800712892,10742.509109307877,6,1037887.4800712892,0.0
2021-02-09,405864.58375476097,635506.669845581,1041371.253600342,14226.28263836061,6,1041371.253600342,0.0
2021-02-10,405864.58375476097,637160.8779296875,1043025.4616844484,15880.490722467055,6,1043025.4616844484,0.0
2021-02-11,405864.58375476097,639209.8370056152,1045074.4207603761,17929.449798394773,6,1045074.4207603761,0.0
2021-02-12,405864.58375476097,633000.8834686279,1038865.4672233888,11720.496261407487,6,1045074.4207603761,0.005941159226220262
2021-02-15,405864.58375476097,627380.5050811768,1033245.0888359377,6100.1178739563,6,1045074.4207603761,0.011319128752411412
2021-02-16,405864.58375476097,628227.3264007568,1034091.9101555177,6946.939193536422,6,1045074.4207603761,0.010508831128856578
2021-02-17,516753.2917662759,514862.00720214844,1031615.2989684243,9756.867093114563,5,1045074.4207603761,0.01287862521997163
2021-02-18,516753.2917662759,517535.67543029785,1034288.9671965737,12430.535321263975,5,1045074.4207603761,0.010320273226049415
2021-02-19,652031.2773513233,373086.15336608887,1025117.4307174121,8636.556101791599,4,1045074.4207603761,0.019096238168803015
2021-02-22,853088.1571939939,173620.2248687744,1026708.3820627683,5697.331455942955,2,1045074.4207603761,0.017573905104523595
2021-02-23,937876.525432896,93146.4379119873,1031022.9633448833,195.3747022522008,1,1045074.4207603761,0.013445413203462854
2021-02-24,937876.525432896,94448.42663574219,1032324.9520686382,1497.3634260070835,1,1045074.4207603761,0.012199579703100668
2021-02-25,937876.525432896,98424.83489990234,1036301.3603327983,5473.77169016724,1,1045074.4207603761,0.008394675300917523
2021-02-26,937876.525432896,96243.0844116211,1034119.6098445171,3292.0212018859897,1,1045074.4207603761,0.010482326137011904
2021-03-01,736782.4845377642,298647.2134073259,1035429.6979450901,4602.109302459065,3,1045074.4207603761,0.009228742588751435
2021-03-02,619746.288413182,416335.8110659006,1036082.0994790826,5254.51083645153,4,1045074.4207603761,0.008604479358274679
2021-03-03,619746.288413182,416862.255859375,1036608.544272557,5780.955629925968,4,1045074.4207603761,0.008100740310589096
2021-03-04,722449.4432266877,317869.31640625,1040318.7596329377,-260.9206134639717,3,1045074.4207603761,0.004550547820296177
2021-03-05,722449.4432266877,315750.15087890625,1038199.594105594,-2380.086140807707,3,1045074.4207603761,0.006578313006436591
2021-03-08,834126.0608036685,203379.896484375,1037505.9572880435,2285.855589243246,2,1045074.4207603761,0.007242033028447887
2021-03-09,834126.0608036685,203342.14086914062,1037468.2016728091,2248.0999740088855,2,1045074.4207603761,0.007278160230955537
2021-03-10,706833.0941810883,333411.60335644253,1040244.6975375308,5024.59583873056,3,1045074.4207603761,0.004621415591945439
2021-03-12,706833.0941810883,329485.72998046875,1036318.824161557,1098.7224627567648,3,1045074.4207603761,0.008377964693125612
2021-03-15,828685.1113285915,207363.205078125,1036048.3164067165,6269.164182993246,2,1045074.4207603761,0.008636805355060216
2021-03-16,828685.1113285915,208081.10815429688,1036766.2194828884,6987.0672591651355,2,1045074.4207603761,0.007949865686544032
2021-03-17,828685.1113285915,204681.4189453125,1033366.530273904,3587.378050180746,2,1045074.4207603761,0.011202925125613286
2021-03-18,828685.1113285915,201973.90869140625,1030659.0200199977,879.8677962745105,2,1045074.4207603761,0.013793659527031625
2021-03-19,767928.3342680818,257671.89197745605,1025600.2262455379,1314.2958170229717,3,1045074.4207603761,0.01863426577857415
2021-03-22,686526.8075463624,339695.0052038902,1026221.8127502527,1935.8823217376535,4,1045074.4207603761,0.018039488514518122
2021-03-23,686526.8075463624,338370.1344604492,1024896.9420068116,611.0115782966947,4,1045074.4207603761,0.019307217125153424
2021-03-24,759523.103568546,258995.20770263672,1018518.3112711827,-445.84283449220584,3,1045074.4207603761,0.025410735313827412
2021-03-25,835580.8313311985,178279.31201171875,1013860.1433429172,239.78819630927242,2,1045074.4207603761,0.029867994850307437
2021-03-26,717358.78659726,296636.5355717796,1013995.3221690396,374.9670224317231,4,1045074.4207603761,0.029738646333649577
2021-03-30,619938.5284250256,395540.266640298,1015478.7950653236,1858.4399187157471,5,1045074.4207603761,0.028319156135808342
2021-03-31,619938.5284250256,391082.6717967987,1011021.2002218243,-2599.154924783557,5,1045074.4207603761,0.03258449337395066
2021-04-01,551789.9632107302,465199.9903858824,1016989.9535966127,3369.598450004759,6,1045074.4207603761,0.026873174393963018
2021-04-05,551789.9632107302,457835.6894054413,1009625.6526161715,-3994.7025304363683,6,1045074.4207603761,0.033919850529317126
2021-04-06,551789.9632107302,460811.89549064636,1012601.8587013766,-1018.4964452312834,6,1045074.4207603761,0.031072009240617655
2021-04-07,455430.07489345723,567226.1310671993,1022656.2059606565,9035.850814048617,7,1045074.4207603761,0.021451309451635574
2021-04-08,561959.2324084059,465143.2172832489,1027102.4496916548,3715.3792452231974,6,1045074.4207603761,0.017196833748591146
2021-04-09,653316.2792489065,370510.4456729889,1023826.7249218954,-9640.3107647523,5,1045074.4207603761,0.02033127537751934
2021-04-12,961694.0020674034,46493.308822631836,1008187.3108900352,-4083.366275114363,1,1045074.4207603761,0.0352961560799685
2021-04-13,805721.1399105083,204413.74102927867,1010134.880939787,-2135.796225362668,3,1045074.4207603761,0.033432585399198446
2021-04-15,805721.1399105083,205122.28354644775,1010843.423456956,-1427.2537081935661,3,1045074.4207603761,0.03275460256554196
2021-04-16,805721.1399105083,206213.80297088623,1011934.9428813945,-335.73428375508956,3,1045074.4207603761,0.03171016075091568
2021-04-19,851100.6197911289,152760.45957946777,1003861.0793705967,-3212.402577427355,2,1045074.4207603761,0.03943579573959281
2021-04-20,851100.6197911289,156471.43887329102,1007572.0586644199,498.5767163958798,2,1045074.4207603761,0.035884872264570614
2021-04-22,851100.6197911289,156937.2074432373,1008037.8272343662,964.3452863421835,2,1045074.4207603761,0.03543919245393339
2021-04-23,851100.6197911289,157541.9842376709,1008642.6040287998,1569.12208077577,2,1045074.4207603761,0.03486049989154767
2021-04-26,781700.551621941,228486.77081879802,1010187.322440739,3113.840492715042,3,1045074.4207603761,0.033382405718297016
2021-04-27,781700.551621941,233193.61727905273,1014894.1689009938,7820.68695296976,3,1045074.4207603761,0.02887856717172716
2021-04-28,781700.551621941,237550.53791809082,1019251.0895400319,12177.607592007853,3,1045074.4207603761,0.024709562024832384
2021-04-29,893693.2758328432,129552.94895935059,1023246.2247921937,6428.109509794301,2,1045074.4207603761,0.020886738336108764
2021-04-30,893693.2758328432,128883.46487426758,1022576.7407071107,5758.625424711292,2,1045074.4207603761,0.021527347341346786
2021-05-03,893693.2758328432,129866.76335144043,1023560.0391842836,6741.9239018841445,2,1045074.4207603761,0.020586458867148535
2021-05-04,893693.2758328432,131560.34742736816,1025253.6232602113,8435.507977811878,2,1045074.4207603761,0.018965919657418843
2021-05-05,893693.2758328432,133070.2149658203,1026763.4907986635,9945.375516264034,2,1045074.4207603761,0.017521173227443457
2021-05-06,893693.2758328432,134098.2432861328,1027791.519118976,10973.403836576526,2,1045074.4207603761,0.0165374841236909
2021-05-07,893693.2758328432,136706.3865814209,1030399.662414264,13581.547131864612,2,1045074.4207603761,0.014041830949641867
2021-05-10,893693.2758328432,137097.00009155273,1030790.2759243959,13972.160641996448,2,1045074.4207603761,0.013668064735128996
2021-05-11,972822.6887473548,58997.73049926758,1031820.4192466224,5272.959218899139,1,1045074.4207603761,0.012682351850225582
2021-05-12,972822.6887473548,59208.059143066406,1032030.7478904212,5483.287862697967,1,1045074.4207603761,0.012481094753486197
2021-05-14,972822.6887473548,58682.23342895508,1031504.9221763099,4957.462148586639,1,1045074.4207603761,0.012984241422915488
2021-05-17,891717.0981399494,139481.3998233005,1031198.4979632499,4651.037935526693,2,1045074.4207603761,0.013277449453820115
2021-05-18,891717.0981399494,139605.28421020508,1031322.3823501545,4774.92232243126,2,1045074.4207603761,0.013158908243315316
2021-05-19,891717.0981399494,138987.99606323242,1030705.0942031818,4157.634175458604,2,1045074.4207603761,0.013749572539283376
2021-05-20,891717.0981399494,139294.5029296875,1031011.6010696369,4464.141041913682,2,1045074.4207603761,0.013456285419853097
2021-05-21,891717.0981399494,139456.8546142578,1031173.9527542072,4626.492726484002,2,1045074.4207603761,0.013300936019518345
2021-05-24,891717.0981399494,146970.88465881348,1038687.9827987629,12140.522771039658,2,1045074.4207603761,0.006110988686304889
2021-05-25,955382.489583462,84720.9658203125,1040103.4554037745,3615.375212907121,1,1045074.4207603761,0.004756565903684501
2021-05-26,955382.489583462,83599.6943359375,1038982.1839193995,2494.103728532121,1,1045074.4207603761,0.00582947656162519
2021-05-27,955382.489583462,86564.59765625,1041947.087239712,5459.007048844621,1,1045074.4207603761,0.0029924505456642475
2021-05-28,955382.489583462,85373.23046875,1040755.720052212,4267.639861344621,1,1045074.4207603761,0.0041324336548414714
2021-05-31,955382.489583462,85238.48046875,1040620.970052212,4132.889861344621,1,1045074.4207603761,0.004261371840795692
2021-06-01,955382.489583462,84720.9658203125,1040103.4554037745,3615.375212907121,1,1045074.4207603761,0.004756565903684501
2021-06-02,955382.489583462,84596.982421875,1039979.472005337,3491.391814469621,1,1045074.4207603761,0.004875201855320646
2021-06-03,955382.489583462,84931.205078125,1040313.694661587,3825.614470719621,1,1045074.4207603761,0.004555394337682978
2021-06-04,955382.489583462,87383.994140625,1042766.483724087,6278.403533219621,1,1045074.4207603761,0.002208394914698921
2021-06-07,955382.489583462,88057.8466796875,1043440.3362631495,6952.256072282121,1,1045074.4207603761,0.0015636058684105065
2021-06-08,955382.489583462,89642.724609375,1045025.214192837,8537.134001969622,1,1045074.4207603761,4.708427128408065e-05
2021-06-09,1046545.1016100715,0.0,1046545.1016100715,0.0,0,1046545.1016100715,0.0
2021-06-10,1046545.1016100715,0.0,1046545.1016100715,0.0,0,1046545.1016100715,0.0
2021-06-11,1046545.1016100715,0.0,1046545.1016100715,0.0,0,1046545.1016100715,0.0
2021-06-14,1046545.1016100715,0.0,1046545.1016100715,0.0,0,1046545.1016100715,0.0
2021-06-15,1046545.1016100715,0.0,1046545.1016100715,0.0,0,1046545.1016100715,0.0
2021-06-16,1046545.1016100715,0.0,1046545.1016100715,0.0,0,1046545.1016100715,0.0
2021-06-17,912234.1005438833,134151.8666340384,1046385.9671779217,-159.1344321498288,1,1046545.1016100715,0.00015205692703066084
2021-06-18,912234.1005438833,134846.28930664062,1047080.3898505239,535.2882404524028,1,1047080.3898505239,0.0
2021-06-21,810647.8183622762,235739.30714300566,1046387.1255052818,-157.97610478963628,2,1047080.3898505239,0.0006620927599847676
2021-06-22,810647.8183622762,236926.98779296875,1047574.8061552449,1029.7045451734402,2,1047574.8061552449,0.0
2021-06-23,810647.8183622762,236781.75024414062,1047429.5686064168,884.4669963453152,2,1047574.8061552449,0.0001386416969697547
2021-06-24,810647.8183622762,238751.9609375,1049399.779299776,2854.6776897046902,2,1049399.779299776,0.0
2021-06-25,810647.8183622762,239279.00537109375,1049926.8237333698,3381.7221232984402,2,1049926.8237333698,0.0
2021-06-28,810647.8183622762,237852.34204101562,1048500.1604032918,1955.0587932203155,2,1049926.8237333698,0.00135882167959575
2021-06-29,810647.8183622762,238333.70922851562,1048981.5275907917,2436.4259807203152,2,1049926.8237333698,0.0009003447870936423
2021-06-30,810647.8183622762,238205.52197265625,1048853.3403349323,2308.2387248609402,2,1049926.8237333698,0.0010224363966817866
2021-07-01,810647.8183622762,238490.52734375,1049138.345706026,2593.2440959546902,2,1049926.8237333698,0.0007509837919370892
2021-07-02,810647.8183622762,241037.58422851562,1051685.4025907917,5140.300980720316,2,1051685.4025907917,0.0
2021-07-05,810647.8183622762,239989.13598632812,1050636.9543486042,4091.8527385328152,2,1051685.4025907917,0.0009969219308404234
2021-07-06,955036.0690413974,102124.775390625,1057160.8444320224,538.4932090179125,1,1057160.8444320224,0.0
2021-07-07,743307.6098175882,314931.7025130858,1058239.312330674,1616.9611076695505,2,1058239.312330674,0.0
2021-07-08,743307.6098175882,312608.8835449219,1055916.49336251,-705.85786049434,2,1058239.312330674,0.0021949845758876692
2021-07-09,743307.6098175882,313654.42303466797,1056962.0328522562,339.681629251754,2,1058239.312330674,0.0012069854743957866
2021-07-12,743307.6098175882,309480.22050476074,1052787.830322349,-3834.5209006554724,2,1058239.312330674,0.005151464271648114
2021-07-13,743307.6098175882,310444.82052612305,1053752.4303437113,-2869.9208792931677,2,1058239.312330674,0.004239950202833317
2021-07-14,785173.7351501307,267814.59644681204,1052988.3315969426,2222.8382625600716,2,1058239.312330674,0.004961997416412832
2021-07-15,694364.419527278,361076.9694324402,1055441.3889597182,4675.895625335586,3,1058239.312330674,0.0026439420066464723
2021-07-16,694364.419527278,364098.79290771484,1058463.212434993,7697.719100610251,3,1058463.212434993,0.0
2021-07-19,694364.419527278,360743.122467041,1055107.541994319,4342.048659936423,3,1058463.212434993,0.003170323164046593
2021-07-20,562100.2127135041,492647.8645919503,1054748.0773054543,3982.5839710717582,4,1058463.212434993,0.0035099331614860145
2021-07-22,247265.03635730234,814383.9502016786,1061648.9865589808,10883.493224598242,6,1061648.9865589808,0.0
2021-07-23,421324.7945294349,638482.4984741211,1059807.2930035559,-1012.4825003143856,5,1061648.9865589808,0.0017347480935240402
2021-07-26,517614.6993619316,539719.1998291016,1057333.899191033,1810.5010362731703,4,1061648.9865589808,0.004064514187437554
2021-07-27,745340.3189277756,317267.4787597656,1062607.7976875412,2432.3024035638564,2,1062607.7976875412,0.0
2021-07-28,745340.3189277756,314512.455078125,1059852.7740059006,-322.7212780767683,2,1062607.7976875412,0.0025927004183821517
2021-07-29,745340.3189277756,318583.5148925781,1063923.8338203537,3748.3385363763564,2,1063923.8338203537,0.0
2021-07-30,651855.1951727995,412801.86517722864,1064657.060350028,4481.565066050781,3,1064657.060350028,0.0
2021-08-02,651855.1951727995,421506.6932373047,1073361.8884101042,13186.393126126814,3,1073361.8884101042,0.0
2021-08-03,852808.1401487878,218806.4365234375,1071614.5766722253,1427.8766339512888,2,1073361.8884101042,0.0016278868820907336
2021-08-04,852808.1401487878,219405.54553222656,1072213.6856810143,2026.9856427403515,2,1073361.8884101042,0.0010697256363281506
2021-08-05,852808.1401487878,220108.0498046875,1072916.1899534753,2729.489915201289,2,1073361.8884101042,0.0004152359622989116
2021-08-06,852808.1401487878,220701.01782226562,1073509.1579710534,3322.457932779414,2,1073509.1579710534,0.0
2021-08-09,852808.1401487878,230176.2325439453,1082984.372692733,12797.6726544591,2,1082984.372692733,0.0
2021-08-10,852808.1401487878,232125.67211914062,1084933.8122679284,14747.112229654413,2,1084933.8122679284,0.0
2021-08-11,304484.3742520999,776769.6414104677,1081254.0156625677,11067.315624293586,7,1084933.8122679284,0.0033917245123631146
2021-08-12,408315.3730880052,690928.6173782349,1099243.99046624,18711.415347036927,6,1099243.99046624,0.0
2021-08-13,95063.82343157816,1001365.146913116,1096428.970344694,15896.395225490991,8,1099243.99046624,0.0025608692391868495
2021-08-16,95063.82343157816,997244.6731262207,1092308.496557799,11775.92143859577,8,1099243.99046624,0.006309330747852892
2021-08-17,95063.82343157816,1004179.2655563354,1099243.0889879137,18710.51386871053,8,1099243.99046624,8.200893834601924e-07
2021-08-18,95063.82343157816,1000423.0392303467,1095486.862661925,14954.287542721733,8,1099243.99046624,0.003417919803884133
2021-08-20,270320.560422942,796685.0417251587,1067005.6021481007,-2240.835037510348,6,1099243.99046624,0.02932778218279417
2021-08-23,308847.5339807634,756987.4394815614,1065834.9734623248,2444.4800388693957,6,1099243.99046624,0.03039272199227122
2021-08-24,272376.6280227287,790485.7958894209,1062862.4239121496,5069.045817001896,7,1099243.99046624,0.033096898295217766
2021-08-25,272376.6280227287,786831.5534591675,1059208.1814818962,1414.8033867484603,7,1099243.99046624,0.036421221613740964
2021-08-26,272376.6280227287,786511.8699874878,1058888.4980102165,1095.119915068758,7,1099243.99046624,0.036712042827640984
2021-08-27,272376.6280227287,790872.4933319092,1063249.121354638,5455.743259490146,7,1099243.99046624,0.03274511339046312
2021-08-30,272376.6280227287,799535.171661377,1071911.7996841057,14118.421588957917,7,1099243.99046624,0.02486453509792815
2021-08-31,272376.6280227287,804964.9472122192,1077341.575234948,19548.197139800206,7,1099243.99046624,0.01992498064237978
2021-09-01,580620.6563952605,507388.6813964844,1088009.3377917449,9553.949062514774,5,1099243.99046624,0.010220344866047535
2021-09-02,580620.6563952605,509720.9920654297,1090341.6484606902,11886.259731460086,5,1099243.99046624,0.008098604206854964
2021-09-03,580620.6563952605,511655.22314453125,1092275.8795397917,13820.490810561649,5,1099243.99046624,0.006339002975574941
2021-09-06,580620.6563952605,513418.85485839844,1094039.511253659,15584.122524428836,5,1099243.99046624,0.004734598740334
2021-09-07,713740.2067166523,381524.61279296875,1095264.819509621,6610.989836429449,4,1099243.99046624,0.00361991604332659
2021-09-08,713740.2067166523,383689.8034667969,1097430.0101834491,8776.180510257574,4,1099243.99046624,0.0016502071410202262
2021-09-09,713740.2067166523,386929.85546875,1100670.0621854023,12016.2325122107,4,1100670.0621854023,0.0
2021-09-13,713740.2067166523,390682.4655761719,1104422.6722928241,15768.84261963257,4,1104422.6722928241,0.0
2021-09-14,788304.4662466064,317022.78369140625,1105327.2499380126,6245.31261870216,3,1105327.2499380126,0.0
2021-09-15,788304.4662466064,321323.4997558594,1109627.9660024657,10546.028683155284,3,1109627.9660024657,0.0
2021-09-16,788304.4662466064,316949.7744140625,1105254.2406606688,6172.30334135841,3,1109627.9660024657,0.00394161419484912
2021-09-17,788304.4662466064,314435.419921875,1102739.8861684813,3657.948849170909,3,1109627.9660024657,0.006207557888793395
2021-09-20,873404.9710755791,222608.97705078125,1096013.9481263603,2462.5808584790634,2,1109627.9660024657,0.012268993115909925
2021-09-21,873404.9710755791,221849.70239257812,1095254.6734681572,1703.3062002759382,2,1109627.9660024657,0.012953253680230847
2021-09-22,873404.9710755791,223050.1044921875,1096455.0755677666,2903.708299885314,2,1109627.9660024657,0.011871447762943153
2021-09-23,873404.9710755791,223895.80908203125,1097300.7801576103,3749.412889729064,2,1109627.9660024657,0.011109296288976184
2021-09-24,873404.9710755791,224202.96484375,1097607.935919329,4056.568651447814,2,1109627.9660024657,0.010832486609399247
2021-09-27,873404.9710755791,222395.373046875,1095800.344122454,2248.976854572814,2,1109627.9660024657,0.012461493675061995
2021-09-28,958923.986979678,134647.2333984375,1093571.2203781155,5625.092696602291,1,1109627.9660024657,0.014470386576679406
2021-09-29,958923.986979678,135817.01025390625,1094740.9972335843,6794.869552071041,1,1109627.9660024657,0.013416180219856067
2021-09-30,1098538.7021314248,0.0,1098538.7021314248,0.0,0,1109627.9660024657,0.009993677350248266
2021-10-01,1098538.7021314248,0.0,1098538.7021314248,0.0,0,1109627.9660024657,0.009993677350248266
2021-10-04,988822.1243523987,109586.58332463526,1098408.707677034,-129.9944543908488,1,1109627.9660024657,0.010110828736454898
2021-10-05,988822.1243523987,109346.6396484375,1098168.7640008363,-369.9381305886046,1,1109627.9660024657,0.01032706668606434
2021-10-06,790420.8351924802,306583.05175786745,1097003.8869503476,-1534.8151810770694,2,1109627.9660024657,0.011376857324169196
2021-10-07,705723.5016788356,388750.2208990222,1094473.7225778578,-4064.9795535670355,3,1109627.9660024657,0.013657048928932845
2021-10-08,898143.9781818877,197712.84228515625,1095856.820467044,3298.9309924854574,2,1109627.9660024657,0.012410597026527349
2021-10-11,898143.9781818877,195840.07495117188,1093984.0531330595,1426.163658501082,2,1109627.9660024657,0.01409834047871447
2021-10-12,898143.9781818877,196842.845703125,1094986.8238850127,2428.9344104542074,2,1109627.9660024657,0.013194640515594672
2021-10-13,898143.9781818877,196226.94458007812,1094370.9227619658,1813.0332874073322,2,1109627.9660024657,0.01374969242661104
2021-10-14,898143.9781818877,197780.953125,1095924.9313068877,3367.041832329207,2,1109627.9660024657,0.012349215336509995
2021-10-18,898143.9781818877,199982.02490234375,1098126.0030842314,5568.113609672957,2,1109627.9660024657,0.010365602950393495
2021-10-19,898143.9781818877,197678.25366210938,1095822.231843997,3264.3423694385824,2,1109627.9660024657,0.012441768395766972
2021-10-20,898143.9781818877,196832.01586914062,1094975.9940510283,2418.1045764698324,2,1109627.9660024657,0.013204400393964888
2021-10-21,898143.9781818877,199758.0107421875,1097901.9889240752,5344.099449516707,2,1109627.9660024657,0.010567485173102138
2021-10-22,898143.9781818877,196225.60083007812,1094369.5790119658,1811.689537407332,2,1109627.9660024657,0.013750903418079507
2021-10-25,1002135.6246092753,88207.0859375,1090342.7105467753,3509.752423855312,1,1109627.9660024657,0.017379929171366597
2021-10-26,885737.0416957575,204795.16366972798,1090532.2053654855,3699.2472425656347,2,1109627.9660024657,0.017209155881114255
2021-10-27,885737.0416957575,214164.1640625,1099901.2057582575,13068.247635337644,2,1109627.9660024657,0.00876578505789619
2021-10-28,885737.0416957575,211398.1513671875,1097135.193062945,10302.234940025144,2,1109627.9660024657,0.011258523867713059
2021-10-29,885737.0416957575,212781.17822265625,1098518.2199184138,11685.261795493894,2,1109627.9660024657,0.010012135981103435
2021-11-01,802563.0364016173,301324.3371049228,1103887.3735065402,6945.489334938578,3,1109627.9660024657,0.005173438910886945
2021-11-02,897885.1732396481,209478.71826934814,1107363.8915089963,-202.79598699137523,2,1109627.9660024657,0.0020403906199534328
2021-11-03,897885.1732396481,209868.15727996826,1107753.3305196164,186.6430236287565,2,1109627.9660024657,0.0016894270334613707
2021-11-04,741293.3343117664,367139.64497304,1108432.9792848064,866.2917888188147,3,1109627.9660024657,0.001076925559081147
2021-11-08,741293.3343117664,369200.26557922363,1110493.5998909902,2926.9123950024714,3,1110493.5998909902,0.0
2021-11-09,741293.3343117664,368236.5247192383,1109529.8590310048,1963.171535017105,3,1110493.5998909902,0.000867849089882153
2021-11-10,741293.3343117664,366948.93229675293,1108242.2666085195,675.5791125317389,3,1110493.5998909902,0.00202732666148792
2021-11-11,741293.3343117664,366768.71923065186,1108062.0535424184,495.3660464306647,3,1110493.5998909902,0.002189608610810964
2021-11-12,591173.1849135527,518905.92847083986,1110079.1133843926,2512.425888404951,4,1110493.5998909902,0.0003732452907772652
2021-11-15,680580.4293782468,425353.01654815674,1105933.4459264036,4134.665932424547,3,1110493.5998909902,0.004106420752928424
2021-11-16,680580.4293782468,419800.60718536377,1100381.0365636107,-1417.7434303684079,3,1110493.5998909902,0.009106367950587205
2021-11-17,680580.4293782468,418355.9843978882,1098936.413776135,-2862.3662178439936,3,1110493.5998909902,0.010407251438450076
2021-11-18,680580.4293782468,415614.5502090454,1096194.9795872923,-5603.800406686767,3,1110493.5998909902,0.012875914192663051
2021-11-22,831221.2061433999,256109.65292358396,1087330.859066984,-8516.858764266566,2,1110493.5998909902,0.020858058818420924
2021-11-23,1013921.5758276698,70078.8502405154,1084000.4260681851,-83.12935420540563,1,1110493.5998909902,0.023857115273249404
2021-11-24,1013921.5758276698,69504.0390625,1083425.6148901698,-657.9405322208052,1,1110493.5998909902,0.024374733004744423
2021-11-25,1013921.5758276698,71314.4921875,1085236.0680151698,1152.5125927791948,1,1110493.5998909902,0.022744419128844805
2021-11-26,1013921.5758276698,66741.390625,1080662.9664526698,-3420.588969720805,1,1110493.5998909902,0.02686249919967899
2021-11-29,1078623.5061465504,0.0,1078623.5061465504,0.0,0,1110493.5998909902,0.02869903414802953
2021-11-30,1078623.5061465504,0.0,1078623.5061465504,0.0,0,1110493.5998909902,0.02869903414802953
2021-12-01,1078623.5061465504,0.0,1078623.5061465504,0.0,0,1110493.5998909902,0.02869903414802953
2021-12-02,1078623.5061465504,0.0,1078623.5061465504,0.0,0,1110493.5998909902,0.02869903414802953
2021-12-03,1078623.5061465504,0.0,1078623.5061465504,0.0,0,1110493.5998909902,0.02869903414802953
2021-12-06,1078623.5061465504,0.0,1078623.5061465504,0.0,0,1110493.5998909902,0.02869903414802953
2021-12-07,1078623.5061465504,0.0,1078623.5061465504,0.0,0,1110493.5998909902,0.02869903414802953
2021-12-08,1078623.5061465504,0.0,1078623.5061465504,0.0,0,1110493.5998909902,0.02869903414802953
2021-12-09,1078623.5061465504,0.0,1078623.5061465504,0.0,0,1110493.5998909902,0.02869903414802953
2021-12-10,1078623.5061465504,0.0,1078623.5061465504,0.0,0,1110493.5998909902,0.02869903414802953
2021-12-13,1078623.5061465504,0.0,1078623.5061465504,0.0,0,1110493.5998909902,0.02869903414802953
2021-12-14,1078623.5061465504,0.0,1078623.5061465504,0.0,0,1110493.5998909902,0.02869903414802953
2021-12-15,1078623.5061465504,0.0,1078623.5061465504,0.0,0,1110493.5998909902,0.02869903414802953
2021-12-16,1078623.5061465504,0.0,1078623.5061465504,0.0,0,1110493.5998909902,0.02869903414802953
2021-12-17,1078623.5061465504,0.0,1078623.5061465504,0.0,0,1110493.5998909902,0.02869903414802953
2021-12-20,1078623.5061465504,0.0,1078623.5061465504,0.0,0,1110493.5998909902,0.02869903414802953
2021-12-21,1078623.5061465504,0.0,1078623.5061465504,0.0,0,1110493.5998909902,0.02869903414802953
2021-12-22,1078623.5061465504,0.0,1078623.5061465504,0.0,0,1110493.5998909902,0.02869903414802953
2021-12-23,1078623.5061465504,0.0,1078623.5061465504,0.0,0,1110493.5998909902,0.02869903414802953
2021-12-24,1078623.5061465504,0.0,1078623.5061465504,0.0,0,1110493.5998909902,0.02869903414802953
2021-12-27,1078623.5061465504,0.0,1078623.5061465504,0.0,0,1110493.5998909902,0.02869903414802953
2021-12-28,1078623.5061465504,0.0,1078623.5061465504,0.0,0,1110493.5998909902,0.02869903414802953
2021-12-29,1078623.5061465504,0.0,1078623.5061465504,0.0,0,1110493.5998909902,0.02869903414802953
2021-12-30,1078623.5061465504,0.0,1078623.5061465504,0.0,0,1110493.5998909902,0.02869903414802953
2021-12-31,1078623.5061465504,0.0,1078623.5061465504,0.0,0,1110493.5998909902,0.02869903414802953
2022-01-03,1078623.5061465504,0.0,1078623.5061465504,0.0,0,1110493.5998909902,0.02869903414802953
2022-01-04,1078623.5061465504,0.0,1078623.5061465504,0.0,0,1110493.5998909902,0.02869903414802953
2022-01-05,1078623.5061465504,0.0,1078623.5061465504,0.0,0,1110493.5998909902,0.02869903414802953
2022-01-06,1078623.5061465504,0.0,1078623.5061465504,0.0,0,1110493.5998909902,0.02869903414802953
2022-01-07,1078623.5061465504,0.0,1078623.5061465504,0.0,0,1110493.5998909902,0.02869903414802953
2022-01-10,1078623.5061465504,0.0,1078623.5061465504,0.0,0,1110493.5998909902,0.02869903414802953
2022-01-11,1078623.5061465504,0.0,1078623.5061465504,0.0,0,1110493.5998909902,0.02869903414802953
2022-01-12,1078623.5061465504,0.0,1078623.5061465504,0.0,0,1110493.5998909902,0.02869903414802953
2022-01-13,1078623.5061465504,0.0,1078623.5061465504,0.0,0,1110493.5998909902,0.02869903414802953
2022-01-14,1078623.5061465504,0.0,1078623.5061465504,0.0,0,1110493.5998909902,0.02869903414802953
2022-01-17,1078623.5061465504,0.0,1078623.5061465504,0.0,0,1110493.5998909902,0.02869903414802953
2022-01-18,1078623.5061465504,0.0,1078623.5061465504,0.0,0,1110493.5998909902,0.02869903414802953
2022-01-19,1078623.5061465504,0.0,1078623.5061465504,0.0,0,1110493.5998909902,0.02869903414802953
2022-01-20,1078623.5061465504,0.0,1078623.5061465504,0.0,0,1110493.5998909902,0.02869903414802953
2022-01-21,1078623.5061465504,0.0,1078623.5061465504,0.0,0,1110493.5998909902,0.02869903414802953
2022-01-24,1078623.5061465504,0.0,1078623.5061465504,0.0,0,1110493.5998909902,0.02869903414802953
2022-01-25,1078623.5061465504,0.0,1078623.5061465504,0.0,0,1110493.5998909902,0.02869903414802953
2022-01-27,1078623.5061465504,0.0,1078623.5061465504,0.0,0,1110493.5998909902,0.02869903414802953
2022-01-28,1078623.5061465504,0.0,1078623.5061465504,0.0,0,1110493.5998909902,0.02869903414802953
2022-01-31,1078623.5061465504,0.0,1078623.5061465504,0.0,0,1110493.5998909902,0.02869903414802953
2022-02-01,1078623.5061465504,0.0,1078623.5061465504,0.0,0,1110493.5998909902,0.02869903414802953
2022-02-02,1078623.5061465504,0.0,1078623.5061465504,0.0,0,1110493.5998909902,0.02869903414802953
2022-02-03,1078623.5061465504,0.0,1078623.5061465504,0.0,0,1110493.5998909902,0.02869903414802953
2022-02-04,1078623.5061465504,0.0,1078623.5061465504,0.0,0,1110493.5998909902,0.02869903414802953
2022-02-07,1078623.5061465504,0.0,1078623.5061465504,0.0,0,1110493.5998909902,0.02869903414802953
2022-02-08,1078623.5061465504,0.0,1078623.5061465504,0.0,0,1110493.5998909902,0.02869903414802953
2022-02-09,1078623.5061465504,0.0,1078623.5061465504,0.0,0,1110493.5998909902,0.02869903414802953
2022-02-10,1078623.5061465504,0.0,1078623.5061465504,0.0,0,1110493.5998909902,0.02869903414802953
2022-02-11,1078623.5061465504,0.0,1078623.5061465504,0.0,0,1110493.5998909902,0.02869903414802953
2022-02-14,1078623.5061465504,0.0,1078623.5061465504,0.0,0,1110493.5998909902,0.02869903414802953
2022-02-15,1078623.5061465504,0.0,1078623.5061465504,0.0,0,1110493.5998909902,0.02869903414802953
2022-02-16,1078623.5061465504,0.0,1078623.5061465504,0.0,0,1110493.5998909902,0.02869903414802953
2022-02-17,1078623.5061465504,0.0,1078623.5061465504,0.0,0,1110493.5998909902,0.02869903414802953
2022-02-18,1078623.5061465504,0.0,1078623.5061465504,0.0,0,1110493.5998909902,0.02869903414802953
2022-02-21,1078623.5061465504,0.0,1078623.5061465504,0.0,0,1110493.5998909902,0.02869903414802953
2022-02-22,1078623.5061465504,0.0,1078623.5061465504,0.0,0,1110493.5998909902,0.02869903414802953
2022-02-23,1033535.1823024963,45034.90227207156,1078570.0845745679,-53.42157198259035,1,1110493.5998909902,0.028747140298292624
2022-02-24,1033535.1823024963,43908.947357177734,1077444.1296596741,-1179.3764868764144,1,1110493.5998909902,0.029761063219599194
2022-02-25,722594.3852527679,354676.46253211674,1077270.8477848847,-1352.6583616657717,4,1110493.5998909902,0.029917103627942296
2022-02-28,722594.3852527679,359130.2843093872,1081724.6695621551,3101.163415604738,4,1110493.5998909902,0.025906435058841482
2022-03-02,840002.7807422573,247730.6876220703,1087733.4683643277,-1358.1002002780733,3,1110493.5998909902,0.02049550896006669
2022-03-03,922528.7245868194,159928.8080444336,1082457.532631253,-1016.6191714231584,2,1110493.5998909902,0.02524649152637116
2022-03-04,1032725.1234992747,46977.06085205078,1079702.1843513255,1888.7370079966324,1,1110493.5998909902,0.027727683926037278
2022-03-07,1032725.1234992747,44050.24533081055,1076775.3688300853,-1038.078513243602,1,1110493.5998909902,0.030363282655762096
2022-03-08,1032725.1234992747,42886.24703979492,1075611.3705390696,-2202.0768042592267,1,1110493.5998909902,0.03141146365485105
2022-03-09,1032725.1234992747,43357.23471069336,1076082.358209968,-1731.0891333607894,1,1110493.5998909902,0.03098733903950462
2022-03-10,1032725.1234992747,42132.684326171875,1074857.8078254466,-2955.6395178822736,1,1110493.5998909902,0.0320900472267843
2022-03-11,1032725.1234992747,41284.91320800781,1074010.0367072825,-3803.410636046336,1,1110493.5998909902,0.032853465510552245
2022-03-14,1032725.1234992747,40208.37951660156,1072933.5030158763,-4879.944327452587,1,1110493.5998909902,0.03382288459726461
2022-03-15,1032725.1234992747,41130.16107177734,1073855.284571052,-3958.162772276812,1,1110493.5998909902,0.032992819880758126
2022-03-16,1032725.1234992747,40632.26089477539,1073357.38439405,-4456.062949278758,1,1110493.5998909902,0.03344117922029041
2022-03-17,1032725.1234992747,40383.31707763672,1073108.4405769114,-4705.00676641743,1,1110493.5998909902,0.033665353242691896
2022-03-21,1072332.6713068446,0.0,1072332.6713068446,0.0,0,1110493.5998909902,0.03436393382896725
2022-03-22,1072332.6713068446,0.0,1072332.6713068446,0.0,0,1110493.5998909902,0.03436393382896725
2022-03-23,1072332.6713068446,0.0,1072332.6713068446,0.0,0,1110493.5998909902,0.03436393382896725
2022-03-24,1072332.6713068446,0.0,1072332.6713068446,0.0,0,1110493.5998909902,0.03436393382896725
2022-03-25,1072332.6713068446,0.0,1072332.6713068446,0.0,0,1110493.5998909902,0.03436393382896725
2022-03-28,1072332.6713068446,0.0,1072332.6713068446,0.0,0,1110493.5998909902,0.03436393382896725
2022-03-29,1072332.6713068446,0.0,1072332.6713068446,0.0,0,1110493.5998909902,0.03436393382896725
2022-03-30,1072332.6713068446,0.0,1072332.6713068446,0.0,0,1110493.5998909902,0.03436393382896725
2022-03-31,1072332.6713068446,0.0,1072332.6713068446,0.0,0,1110493.5998909902,0.03436393382896725
2022-04-01,1072332.6713068446,0.0,1072332.6713068446,0.0,0,1110493.5998909902,0.03436393382896725
2022-04-04,1072332.6713068446,0.0,1072332.6713068446,0.0,0,1110493.5998909902,0.03436393382896725
2022-04-05,1072332.6713068446,0.0,1072332.6713068446,0.0,0,1110493.5998909902,0.03436393382896725
2022-04-06,1072332.6713068446,0.0,1072332.6713068446,0.0,0,1110493.5998909902,0.03436393382896725
2022-04-07,1072332.6713068446,0.0,1072332.6713068446,0.0,0,1110493.5998909902,0.03436393382896725
2022-04-08,1072332.6713068446,0.0,1072332.6713068446,0.0,0,1110493.5998909902,0.03436393382896725
2022-04-11,1072332.6713068446,0.0,1072332.6713068446,0.0,0,1110493.5998909902,0.03436393382896725
2022-04-12,1072332.6713068446,0.0,1072332.6713068446,0.0,0,1110493.5998909902,0.03436393382896725
2022-04-13,1072332.6713068446,0.0,1072332.6713068446,0.0,0,1110493.5998909902,0.03436393382896725
2022-04-18,1072332.6713068446,0.0,1072332.6713068446,0.0,0,1110493.5998909902,0.03436393382896725
2022-04-19,1072332.6713068446,0.0,1072332.6713068446,0.0,0,1110493.5998909902,0.03436393382896725
2022-04-20,1072332.6713068446,0.0,1072332.6713068446,0.0,0,1110493.5998909902,0.03436393382896725
2022-04-21,1072332.6713068446,0.0,1072332.6713068446,0.0,0,1110493.5998909902,0.03436393382896725
2022-04-22,1072332.6713068446,0.0,1072332.6713068446,0.0,0,1110493.5998909902,0.03436393382896725
2022-04-25,1072332.6713068446,0.0,1072332.6713068446,0.0,0,1110493.5998909902,0.03436393382896725
2022-04-26,1072332.6713068446,0.0,1072332.6713068446,0.0,0,1110493.5998909902,0.03436393382896725
2022-04-27,1072332.6713068446,0.0,1072332.6713068446,0.0,0,1110493.5998909902,0.03436393382896725
2022-04-28,1072332.6713068446,0.0,1072332.6713068446,0.0,0,1110493.5998909902,0.03436393382896725
2022-04-29,1072332.6713068446,0.0,1072332.6713068446,0.0,0,1110493.5998909902,0.03436393382896725
2022-05-02,1072332.6713068446,0.0,1072332.6713068446,0.0,0,1110493.5998909902,0.03436393382896725
2022-05-04,1072332.6713068446,0.0,1072332.6713068446,0.0,0,1110493.5998909902,0.03436393382896725
2022-05-05,1072332.6713068446,0.0,1072332.6713068446,0.0,0,1110493.5998909902,0.03436393382896725
2022-05-06,1072332.6713068446,0.0,1072332.6713068446,0.0,0,1110493.5998909902,0.03436393382896725
2022-05-09,1072332.6713068446,0.0,1072332.6713068446,0.0,0,1110493.5998909902,0.03436393382896725
2022-05-10,1072332.6713068446,0.0,1072332.6713068446,0.0,0,1110493.5998909902,0.03436393382896725
2022-05-11,1072332.6713068446,0.0,1072332.6713068446,0.0,0,1110493.5998909902,0.03436393382896725
2022-05-12,1072332.6713068446,0.0,1072332.6713068446,0.0,0,1110493.5998909902,0.03436393382896725
2022-05-13,994780.5940678061,77460.19194538784,1072240.786013194,-91.88529365060965,1,1110493.5998909902,0.03444667657837138
2022-05-16,793201.5141283143,278728.1544520362,1071929.6685803505,-403.0027264940366,3,1110493.5998909902,0.034726837970453214
2022-05-17,793201.5141283143,282436.9006347656,1075638.41476308,3305.74345623541,3,1110493.5998909902,0.03138711031862924
2022-05-18,793201.5141283143,280488.9951171875,1073690.5092455018,1357.8379386572851,3,1110493.5998909902,0.03314120013757942
2022-05-19,865246.272220171,205698.53924560547,1070944.8114657765,4119.4593061137,2,1110493.5998909902,0.03561370225735286
2022-05-20,865246.272220171,211049.8667602539,1076296.138980425,9470.786820762136,2,1110493.5998909902,0.03079482935689333
2022-05-23,970741.5464786146,108190.47216796875,1078932.0186465834,1730.1822501786637,1,1110493.5998909902,0.02842121849914754
2022-05-24,970741.5464786146,105848.6683959961,1076590.2148746108,-611.6215217939925,1,1110493.5998909902,0.03053001387824971
2022-05-25,970741.5464786146,109991.80151367188,1080733.3479922866,3531.5115958817887,1,1110493.5998909902,0.026799120590722
2022-05-26,970741.5464786146,111072.64953613281,1081814.1960147475,4612.359618342726,1,1110493.5998909902,0.025825816446900695
2022-05-27,970741.5464786146,108406.61404418945,1079148.1605228041,1946.3241263993668,1,1110493.5998909902,0.028226582639704567
2022-05-30,970741.5464786146,108730.87097167969,1079472.4174502944,2270.581053889601,1,1110493.5998909902,0.027934589126619877
2022-05-31,970741.5464786146,112405.64837646484,1083147.1948550795,5945.3584586747575,1,1110493.5998909902,0.024625450375036
2022-06-01,970741.5464786146,112982.119140625,1083723.6656192397,6521.829222834914,1,1110493.5998909902,0.024106338185450445
2022-06-02,970741.5464786146,114603.34075927734,1085344.887237892,8143.0508414872575,1,1110493.5998909902,0.02264642736848447
2022-06-03,970741.5464786146,111685.1166381836,1082426.6631167983,5224.8267203935075,1,1110493.5998909902,0.025274289538406217
2022-06-06,970741.5464786146,111829.22802734375,1082570.7745059584,5368.938109553664,1,1110493.5998909902,0.025144517165855574
2022-06-07,970741.5464786146,113306.3508605957,1084047.8973392104,6846.060942805617,1,1110493.5998909902,0.023814367371748746
2022-06-08,970741.5464786146,113162.23947143555,1083903.7859500502,6701.949553645461,1,1110493.5998909902,0.023944139744299386
2022-06-09,970741.5464786146,111793.19387817383,1082534.7403567885,5332.903960383742,1,1110493.5998909902,0.025176965933838984
2022-06-10,970741.5464786146,111865.2495727539,1082606.7960513686,5404.95965496382,1,1110493.5998909902,0.025112079747563663
2022-06-13,970741.5464786146,107289.75708007812,1078031.3035586928,829.4671622880387,1,1110493.5998909902,0.02923231285212629
2022-06-14,970741.5464786146,109091.13684082031,1079832.683319435,2630.846923030226,1,1110493.5998909902,0.027610169544934768
2022-06-15,970741.5464786146,106749.35827636719,1077490.9047549819,289.0683585771012,1,1110493.5998909902,0.02971894222465395
2022-06-16,970741.5464786146,103002.48736572266,1073744.0338443373,-3457.80255206743,1,1110493.5998909902,0.03309300121158763
2022-06-17,1071566.129722513,0.0,1071566.129722513,0.0,0,1110493.5998909902,0.03505420487997266
2022-06-20,1071566.129722513,0.0,1071566.129722513,0.0,0,1110493.5998909902,0.03505420487997266
2022-06-21,1071566.129722513,0.0,1071566.129722513,0.0,0,1110493.5998909902,0.03505420487997266
2022-06-22,1071566.129722513,0.0,1071566.129722513,0.0,0,1110493.5998909902,0.03505420487997266
2022-06-23,1071566.129722513,0.0,1071566.129722513,0.0,0,1110493.5998909902,0.03505420487997266
2022-06-24,1071566.129722513,0.0,1071566.129722513,0.0,0,1110493.5998909902,0.03505420487997266
2022-06-27,1071566.129722513,0.0,1071566.129722513,0.0,0,1110493.5998909902,0.03505420487997266
2022-06-28,1071566.129722513,0.0,1071566.129722513,0.0,0,1110493.5998909902,0.03505420487997266
2022-06-29,1071566.129722513,0.0,1071566.129722513,0.0,0,1110493.5998909902,0.03505420487997266
2022-06-30,1071566.129722513,0.0,1071566.129722513,0.0,0,1110493.5998909902,0.03505420487997266
2022-07-01,1071566.129722513,0.0,1071566.129722513,0.0,0,1110493.5998909902,0.03505420487997266
2022-07-04,1071566.129722513,0.0,1071566.129722513,0.0,0,1110493.5998909902,0.03505420487997266
2022-07-05,1071566.129722513,0.0,1071566.129722513,0.0,0,1110493.5998909902,0.03505420487997266
2022-07-06,1071566.129722513,0.0,1071566.129722513,0.0,0,1110493.5998909902,0.03505420487997266
2022-07-07,1071566.129722513,0.0,1071566.129722513,0.0,0,1110493.5998909902,0.03505420487997266
2022-07-08,1071566.129722513,0.0,1071566.129722513,0.0,0,1110493.5998909902,0.03505420487997266
2022-07-11,1071566.129722513,0.0,1071566.129722513,0.0,0,1110493.5998909902,0.03505420487997266
2022-07-12,1071566.129722513,0.0,1071566.129722513,0.0,0,1110493.5998909902,0.03505420487997266
2022-07-13,1071566.129722513,0.0,1071566.129722513,0.0,0,1110493.5998909902,0.03505420487997266
2022-07-14,1071566.129722513,0.0,1071566.129722513,0.0,0,1110493.5998909902,0.03505420487997266
2022-07-15,1071566.129722513,0.0,1071566.129722513,0.0,0,1110493.5998909902,0.03505420487997266
2022-07-18,1071566.129722513,0.0,1071566.129722513,0.0,0,1110493.5998909902,0.03505420487997266
2022-07-19,1071566.129722513,0.0,1071566.129722513,0.0,0,1110493.5998909902,0.03505420487997266
2022-07-20,1071566.129722513,0.0,1071566.129722513,0.0,0,1110493.5998909902,0.03505420487997266
2022-07-21,1071566.129722513,0.0,1071566.129722513,0.0,0,1110493.5998909902,0.03505420487997266
2022-07-22,1071566.129722513,0.0,1071566.129722513,0.0,0,1110493.5998909902,0.03505420487997266
2022-07-25,1071566.129722513,0.0,1071566.129722513,0.0,0,1110493.5998909902,0.03505420487997266
2022-07-26,1071566.129722513,0.0,1071566.129722513,0.0,0,1110493.5998909902,0.03505420487997266
2022-07-27,1071566.129722513,0.0,1071566.129722513,0.0,0,1110493.5998909902,0.03505420487997266
2022-07-28,1071566.129722513,0.0,1071566.129722513,0.0,0,1110493.5998909902,0.03505420487997266
2022-07-29,1071566.129722513,0.0,1071566.129722513,0.0,0,1110493.5998909902,0.03505420487997266
2022-08-01,1071566.129722513,0.0,1071566.129722513,0.0,0,1110493.5998909902,0.03505420487997266
2022-08-02,1071566.129722513,0.0,1071566.129722513,0.0,0,1110493.5998909902,0.03505420487997266
2022-08-03,1071566.129722513,0.0,1071566.129722513,0.0,0,1110493.5998909902,0.03505420487997266
2022-08-04,1071566.129722513,0.0,1071566.129722513,0.0,0,1110493.5998909902,0.03505420487997266
2022-08-05,1071566.129722513,0.0,1071566.129722513,0.0,0,1110493.5998909902,0.03505420487997266
2022-08-08,1071566.129722513,0.0,1071566.129722513,0.0,0,1110493.5998909902,0.03505420487997266
2022-08-10,1071566.129722513,0.0,1071566.129722513,0.0,0,1110493.5998909902,0.03505420487997266
2022-08-11,1071566.129722513,0.0,1071566.129722513,0.0,0,1110493.5998909902,0.03505420487997266
2022-08-12,1071566.129722513,0.0,1071566.129722513,0.0,0,1110493.5998909902,0.03505420487997266
2022-08-16,1071566.129722513,0.0,1071566.129722513,0.0,0,1110493.5998909902,0.03505420487997266
2022-08-17,1071566.129722513,0.0,1071566.129722513,0.0,0,1110493.5998909902,0.03505420487997266
2022-08-18,1071566.129722513,0.0,1071566.129722513,0.0,0,1110493.5998909902,0.03505420487997266
2022-08-19,1071566.129722513,0.0,1071566.129722513,0.0,0,1110493.5998909902,0.03505420487997266
2022-08-22,1071566.129722513,0.0,1071566.129722513,0.0,0,1110493.5998909902,0.03505420487997266
2022-08-23,1071566.129722513,0.0,1071566.129722513,0.0,0,1110493.5998909902,0.03505420487997266
2022-08-24,1071566.129722513,0.0,1071566.129722513,0.0,0,1110493.5998909902,0.03505420487997266
2022-08-25,1071566.129722513,0.0,1071566.129722513,0.0,0,1110493.5998909902,0.03505420487997266
2022-08-26,1071566.129722513,0.0,1071566.129722513,0.0,0,1110493.5998909902,0.03505420487997266
2022-08-29,1071566.129722513,0.0,1071566.129722513,0.0,0,1110493.5998909902,0.03505420487997266
2022-08-30,1071566.129722513,0.0,1071566.129722513,0.0,0,1110493.5998909902,0.03505420487997266
2022-09-01,1071566.129722513,0.0,1071566.129722513,0.0,0,1110493.5998909902,0.03505420487997266
2022-09-02,1071566.129722513,0.0,1071566.129722513,0.0,0,1110493.5998909902,0.03505420487997266
2022-09-05,1071566.129722513,0.0,1071566.129722513,0.0,0,1110493.5998909902,0.03505420487997266
2022-09-06,1071566.129722513,0.0,1071566.129722513,0.0,0,1110493.5998909902,0.03505420487997266
2022-09-07,894279.2874190953,177076.7892120579,1071356.0766311532,-210.0530913598626,1,1110493.5998909902,0.03524335778583399
2022-09-08,894279.2874190953,176490.9287109375,1070770.2161300327,-795.9135924802534,1,1110493.5998909902,0.03577092543789257
2022-09-09,894279.2874190953,175378.44140625,1069657.7288253452,-1908.4008971677536,1,1110493.5998909902,0.036772720769983364
2022-09-12,894279.2874190953,175378.44140625,1069657.7288253452,-1908.4008971677536,1,1110493.5998909902,0.036772720769983364
2022-09-13,894279.2874190953,180578.05078125,1074857.3382003452,3291.2084778322464,1,1110493.5998909902,0.03209047012440521
2022-09-14,894279.2874190953,180063.84228515625,1074343.1297042514,2776.9999817384964,1,1110493.5998909902,0.032553515112817774
2022-09-15,894279.2874190953,178840.85083007812,1073120.1382491733,1554.0085266603714,1,1110493.5998909902,0.03365481948341314
2022-09-16,894279.2874190953,174900.29150390625,1069179.5789230014,-2386.5507995115036,1,1110493.5998909902,0.03720329497805686
2022-09-19,888892.2605197969,176642.4984871343,1065534.7590069312,-209.53792441039934,1,1110493.5998909902,0.04048545699720582
2022-09-20,772915.5710819319,291370.96806017566,1064286.5391421076,-1457.7577892339232,2,1110493.5998909902,0.04160947956243821
2022-09-21,772915.5710819319,293072.9716796875,1065988.5427616194,244.2458302778923,2,1110493.5998909902,0.04007682451635877
2022-09-22,772915.5710819319,297945.9001464844,1070861.4712284163,5117.174297074767,2,1110493.5998909902,0.035688750179617694
2022-09-23,883324.2195241337,182223.95092773438,1065548.170451868,5371.914516189686,1,1110493.5998909902,0.04047337998484105
2022-09-26,883324.2195241337,180763.20239257812,1064087.4219167118,3911.1659810334363,1,1110493.5998909902,0.04178878471594409
2022-09-27,683842.7353638848,381278.8682881673,1065121.603652052,4945.347716373569,3,1110493.5998909902,0.04085750358524528
2022-09-28,683842.7353638848,381417.33908081055,1065260.0744446954,5083.818509016857,3,1110493.5998909902,0.040732810572465326
2022-09-29,683842.7353638848,381838.86837768555,1065681.6037415704,5505.347805891858,3,1110493.5998909902,0.04035322324578791
2022-09-30,322019.3757240905,751004.8292374612,1073024.2049615518,12847.949025873206,6,1110493.5998909902,0.033741207453259064
2022-10-03,322019.3757240905,736213.2396850586,1058232.615409149,-1943.6405265294081,6,1110493.5998909902,0.04706104068224365
2022-10-04,163985.27721929652,910285.8413305539,1074271.1185498503,14094.862614171949,7,1110493.5998909902,0.03261836119064135
2022-10-06,163985.27721929652,913726.8438186646,1077712.121037961,17535.865102282587,7,1110493.5998909902,0.029519736859579506
2022-10-07,163985.27721929652,918423.1730041504,1082408.4502234468,22232.194287768405,7,1110493.5998909902,0.025290690257287654
2022-10-10,316231.6930875232,756449.494972229,1072681.1880597523,18292.614760641,6,1110493.5998909902,0.03405009433188056
2022-10-11,409045.81378373835,653118.5047073364,1062164.3184910747,13394.955621488087,5,1110493.5998909902,0.043520540239637244
2022-10-12,516070.22968600225,552587.0524749756,1068657.2821609778,9521.669492854962,4,1110493.5998909902,0.03767362345367785
2022-10-13,516070.22968600225,546889.6421051025,1062959.8717911048,3824.259122981918,4,1110493.5998909902,0.04280414412523536
2022-10-14,516070.22968600225,547542.9186019897,1063613.148287992,4477.53561986911,4,1110493.5998909902,0.042215868337827554
2022-10-17,516070.22968600225,552403.896232605,1068474.1259186072,9338.513250484344,4,1110493.5998909902,0.037838555734592015
2022-10-18,516070.22968600225,560150.7418899536,1076220.9715759559,17085.358907832975,4,1110493.5998909902,0.030862517639362028
2022-10-19,516070.22968600225,558814.052406311,1074884.2820923133,15748.669424190415,4,1110493.5998909902,0.03206620713723378
2022-10-20,516070.22968600225,557989.2877731323,1074059.5174591346,14923.90479101169,4,1110493.5998909902,0.03280890807063823
2022-10-21,516070.22968600225,557286.4694213867,1073356.699107389,14221.086439266099,4,1110493.5998909902,0.033441796321245526
2022-10-24,684676.2930834366,386692.42948150635,1071368.722564943,1957.845950358508,3,1110493.5998909902,0.035231970116611125
2022-10-25,855754.3432378733,212212.28658294678,1067966.62982082,4329.739463343597,2,1110493.5998909902,0.03829555620522696
2022-10-27,855754.3432378733,214569.50190734863,1070323.8451452218,6686.954787745468,2,1110493.5998909902,0.03617288271603869
2022-10-28,855754.3432378733,209363.57934570312,1065117.9225835763,1481.0322260999596,2,1110493.5998909902,0.04086081838910924
2022-10-31,855754.3432378733,213886.65561676025,1069640.9988546334,6004.108497157089,2,1110493.5998909902,0.036787786116342314
2022-11-01,855754.3432378733,219065.02048492432,1074819.3637227975,11182.473365321152,2,1110493.5998909902,0.032124666158989665
2022-11-02,855754.3432378733,218251.80666351318,1074006.1499013864,10369.259543910019,2,1110493.5998909902,0.032856965581058335
2022-11-03,971241.4894456555,109373.1201171875,1080614.609562843,6549.802060666203,1,1110493.5998909902,0.02690604460131972
2022-11-04,971241.4894456555,109191.6943359375,1080433.183781593,6368.376279416203,1,1110493.5998909902,0.027069418601194918
2022-11-07,971241.4894456555,110631.240234375,1081872.7296800306,7807.922177853703,1,1110493.5998909902,0.02577310685425751
2022-11-09,971241.4894456555,105257.9541015625,1076499.443547218,2434.636045041203,1,1110493.5998909902,0.030611753500523604
2022-11-10,971241.4894456555,107394.38110351562,1078635.8705491712,4571.063046994328,1,1110493.5998909902,0.028687899997754344
2022-11-11,971241.4894456555,107019.68627929688,1078261.1757249525,4196.368222775578,1,1110493.5998909902,0.02902531286015673
2022-11-14,971241.4894456555,102589.12719726562,1073830.6166429212,-234.1908592556722,1,1110493.5998909902,0.03301503336144208
2022-11-15,971241.4894456555,102678.994140625,1073920.4835862806,-144.3239158962972,1,1110493.5998909902,0.03293410813740819
2022-11-16,971241.4894456555,102943.49365234375,1074184.9830979994,120.1755958224528,1,1110493.5998909902,0.03269592620484711
2022-11-17,971241.4894456555,105878.53759765625,1077120.0270433119,3055.219541134953,1,1110493.5998909902,0.03005291777544183
2022-11-18,971241.4894456555,104876.45751953125,1076117.9469651869,2053.139463009953,1,1110493.5998909902,0.03095529134898009
2022-11-21,971241.4894456555,104547.51220703125,1075789.0016526869,1724.1941505099528,1,1110493.5998909902,0.03125150675493316
2022-11-22,971241.4894456555,103750.595703125,1074992.0851487806,927.2776466037028,1,1110493.5998909902,0.03196913043505566
2022-11-23,971241.4894456555,105101.96655273438,1076343.45599839,2278.648496213078,1,1110493.5998909902,0.03075222036034471
2022-11-24,971241.4894456555,105971.80541992188,1077213.2948655775,3148.487363400578,1,1110493.5998909902,0.029968930058380895
2022-11-25,971241.4894456555,104815.41259765625,1076056.9020433119,1992.0945411349528,1,1110493.5998909902,0.03101026232934503
2022-11-28,971241.4894456555,105239.30908203125,1076480.7985276869,2415.991025509953,1,1110493.5998909902,0.03062854334922969
2022-11-29,971241.4894456555,102250.01342773438,1073491.50287339,-573.3046287869222,1,1110493.5998909902,0.03332040546765191
2022-11-30,971241.4894456555,101758.30444335938,1072999.793889015,-1065.0136131619222,1,1110493.5998909902,0.033763189635361894
2022-12-01,971241.4894456555,101526.0107421875,1072767.500187843,-1297.3073143337972,1,1110493.5998909902,0.03397237022063918
2022-12-02,971241.4894456555,100991.89331054688,1072233.3827562025,-1831.4247459744222,1,1110493.5998909902,0.03445334321471412
2022-12-05,971241.4894456555,100907.11059570312,1072148.6000413587,-1916.2074608181722,1,1110493.5998909902,0.03452969008861963
2022-12-06,971241.4894456555,99838.90991210938,1071080.399357765,-2984.408144411922,1,1110493.5998909902,0.03549160529794511
2022-12-07,971241.4894456555,100684.99389648438,1071926.48334214,-2138.324160036922,1,1110493.5998909902,0.034729706278934055
2022-12-08,971241.4894456555,101339.47509765625,1072580.9645433119,-1483.8429588650472,1,1110493.5998909902,0.03414034565476105
2022-12-09,971241.4894456555,100942.70874023438,1072184.19818589,-1880.6093162869222,1,1110493.5998909902,0.034497633943014874
2022-12-12,971241.4894456555,101442.91137695312,1072684.4008226087,-1380.4066795681722,1,1110493.5998909902,0.034047201237443356
2022-12-13,971241.4894456555,101502.255859375,1072743.7453050306,-1321.0621971462972,1,1110493.5998909902,0.03399376150359194
2022-12-14,971241.4894456555,101961.767578125,1073203.2570237806,-861.5504783962972,1,1110493.5998909902,0.033579970988459655
2022-12-15,971241.4894456555,99367.529296875,1070609.0187425306,-3455.788759646297,1,1110493.5998909902,0.03591608375984768
2022-12-16,1068588.6988212715,0.0,1068588.6988212715,0.0,0,1110493.5998909902,0.037735382782784314
2022-12-19,960048.4486140498,108411.64948989396,1068460.0981039437,-128.60071732779895,1,1110493.5998909902,0.03785118778818049
2022-12-20,960048.4486140498,105210.34606933592,1065258.7946833856,-3329.9041378858324,1,1110493.5998909902,0.04073396299811628
2022-12-21,960048.4486140498,105477.56286621092,1065526.0114802606,-3062.6873410108324,1,1110493.5998909902,0.040493334149016
2022-12-22,960048.4486140498,107100.57678222655,1067149.0253962763,-1439.6734249952074,1,1110493.5998909902,0.03903180936744594
2022-12-23,960048.4486140498,105903.11920166016,1065951.5678157099,-2637.131005561599,1,1110493.5998909902,0.0401101204722411
2022-12-26,53.56891578345429,1068293.643964318,1068347.2128801015,-241.48594117009884,10,1110493.5998909902,0.03795284098442881
2022-12-27,53.56891578345429,1077939.406867981,1077992.9757837644,9404.276962492751,10,1110493.5998909902,0.029266827031165392
2022-12-28,53.56891578345429,1079896.788696289,1079950.3576120725,11361.658790800813,10,1110493.5998909902,0.02750420379002267
2022-12-29,53.56891578345429,1082342.6668624878,1082396.2357782712,13807.536956999555,10,1110493.5998909902,0.025301689370814107
2022-12-30,1091649.7246100006,0.0,1091649.7246100006,0.0,0,1110493.5998909902,0.016968918400645752
2023-01-02,1091649.7246100006,0.0,1091649.7246100006,0.0,0,1110493.5998909902,0.016968918400645752
2023-01-03,1091649.7246100006,0.0,1091649.7246100006,0.0,0,1110493.5998909902,0.016968918400645752
2023-01-04,1091649.7246100006,0.0,1091649.7246100006,0.0,0,1110493.5998909902,0.016968918400645752
2023-01-05,1091649.7246100006,0.0,1091649.7246100006,0.0,0,1110493.5998909902,0.016968918400645752
2023-01-06,1091649.7246100006,0.0,1091649.7246100006,0.0,0,1110493.5998909902,0.016968918400645752
2023-01-09,1091649.7246100006,0.0,1091649.7246100006,0.0,0,1110493.5998909902,0.016968918400645752
2023-01-10,1091649.7246100006,0.0,1091649.7246100006,0.0,0,1110493.5998909902,0.016968918400645752
2023-01-11,1004875.6869988419,86671.22594948548,1091546.9129483274,-102.81166167315439,1,1110493.5998909902,0.017061500349504655
2023-01-12,1004875.6869988419,86813.17797851562,1091688.8649773574,39.14036735698994,1,1110493.5998909902,0.016933672481749266
2023-01-13,1004875.6869988419,85931.73657226562,1090807.4235711074,-842.3010388930101,1,1110493.5998909902,0.01772741087550185
2023-01-16,1004875.6869988419,85162.59228515625,1090038.279283998,-1611.4453260023852,1,1110493.5998909902,0.01842002566156174
2023-01-17,1004875.6869988419,84410.27734375,1089285.9643425918,-2363.760267408635,1,1110493.5998909902,0.019097485614037017
2023-01-18,1004875.6869988419,83860.07739257812,1088735.76439142,-2913.96021858051,1,1110493.5998909902,0.01959294092438359
2023-01-19,1085983.1077902452,0.0,1085983.1077902452,0.0,0,1110493.5998909902,0.02207170946608878
2023-01-20,1085983.1077902452,0.0,1085983.1077902452,0.0,0,1110493.5998909902,0.02207170946608878
2023-01-23,1085983.1077902452,0.0,1085983.1077902452,0.0,0,1110493.5998909902,0.02207170946608878
2023-01-24,1085983.1077902452,0.0,1085983.1077902452,0.0,0,1110493.5998909902,0.02207170946608878
2023-01-25,1085983.1077902452,0.0,1085983.1077902452,0.0,0,1110493.5998909902,0.02207170946608878
2023-01-27,1085983.1077902452,0.0,1085983.1077902452,0.0,0,1110493.5998909902,0.02207170946608878
2023-01-30,1085983.1077902452,0.0,1085983.1077902452,0.0,0,1110493.5998909902,0.02207170946608878
2023-01-31,1085983.1077902452,0.0,1085983.1077902452,0.0,0,1110493.5998909902,0.02207170946608878
2023-02-01,1085983.1077902452,0.0,1085983.1077902452,0.0,0,1110493.5998909902,0.02207170946608878
2023-02-02,1085983.1077902452,0.0,1085983.1077902452,0.0,0,1110493.5998909902,0.02207170946608878
2023-02-03,1085983.1077902452,0.0,1085983.1077902452,0.0,0,1110493.5998909902,0.02207170946608878
2023-02-06,1085983.1077902452,0.0,1085983.1077902452,0.0,0,1110493.5998909902,0.02207170946608878
2023-02-07,1085983.1077902452,0.0,1085983.1077902452,0.0,0,1110493.5998909902,0.02207170946608878
2023-02-08,1085983.1077902452,0.0,1085983.1077902452,0.0,0,1110493.5998909902,0.02207170946608878
2023-02-09,1085983.1077902452,0.0,1085983.1077902452,0.0,0,1110493.5998909902,0.02207170946608878
2023-02-10,1085983.1077902452,0.0,1085983.1077902452,0.0,0,1110493.5998909902,0.02207170946608878
2023-02-13,1085983.1077902452,0.0,1085983.1077902452,0.0,0,1110493.5998909902,0.02207170946608878
2023-02-14,1085983.1077902452,0.0,1085983.1077902452,0.0,0,1110493.5998909902,0.02207170946608878
2023-02-15,1085983.1077902452,0.0,1085983.1077902452,0.0,0,1110493.5998909902,0.02207170946608878
2023-02-16,1085983.1077902452,0.0,1085983.1077902452,0.0,0,1110493.5998909902,0.02207170946608878
2023-02-17,1085983.1077902452,0.0,1085983.1077902452,0.0,0,1110493.5998909902,0.02207170946608878
2023-02-20,1085983.1077902452,0.0,1085983.1077902452,0.0,0,1110493.5998909902,0.02207170946608878
2023-02-21,1085983.1077902452,0.0,1085983.1077902452,0.0,0,1110493.5998909902,0.02207170946608878
2023-02-22,1085983.1077902452,0.0,1085983.1077902452,0.0,0,1110493.5998909902,0.02207170946608878
2023-02-23,1085983.1077902452,0.0,1085983.1077902452,0.0,0,1110493.5998909902,0.02207170946608878
2023-02-24,1085983.1077902452,0.0,1085983.1077902452,0.0,0,1110493.5998909902,0.02207170946608878
2023-02-27,1085983.1077902452,0.0,1085983.1077902452,0.0,0,1110493.5998909902,0.02207170946608878
2023-02-28,1085983.1077902452,0.0,1085983.1077902452,0.0,0,1110493.5998909902,0.02207170946608878
2023-03-01,1085983.1077902452,0.0,1085983.1077902452,0.0,0,1110493.5998909902,0.02207170946608878
2023-03-02,1085983.1077902452,0.0,1085983.1077902452,0.0,0,1110493.5998909902,0.02207170946608878
2023-03-03,1085983.1077902452,0.0,1085983.1077902452,0.0,0,1110493.5998909902,0.02207170946608878
2023-03-06,1085983.1077902452,0.0,1085983.1077902452,0.0,0,1110493.5998909902,0.02207170946608878
2023-03-08,1085983.1077902452,0.0,1085983.1077902452,0.0,0,1110493.5998909902,0.02207170946608878
2023-03-09,1085983.1077902452,0.0,1085983.1077902452,0.0,0,1110493.5998909902,0.02207170946608878
2023-03-10,1085983.1077902452,0.0,1085983.1077902452,0.0,0,1110493.5998909902,0.02207170946608878
2023-03-13,1085983.1077902452,0.0,1085983.1077902452,0.0,0,1110493.5998909902,0.02207170946608878
2023-03-14,1085983.1077902452,0.0,1085983.1077902452,0.0,0,1110493.5998909902,0.02207170946608878
2023-03-15,1085983.1077902452,0.0,1085983.1077902452,0.0,0,1110493.5998909902,0.02207170946608878
2023-03-16,1085983.1077902452,0.0,1085983.1077902452,0.0,0,1110493.5998909902,0.02207170946608878
2023-03-17,1085983.1077902452,0.0,1085983.1077902452,0.0,0,1110493.5998909902,0.02207170946608878
2023-03-20,1085983.1077902452,0.0,1085983.1077902452,0.0,0,1110493.5998909902,0.02207170946608878
2023-03-21,1085983.1077902452,0.0,1085983.1077902452,0.0,0,1110493.5998909902,0.02207170946608878
2023-03-22,1085983.1077902452,0.0,1085983.1077902452,0.0,0,1110493.5998909902,0.02207170946608878
2023-03-23,1085983.1077902452,0.0,1085983.1077902452,0.0,0,1110493.5998909902,0.02207170946608878
2023-03-24,1085983.1077902452,0.0,1085983.1077902452,0.0,0,1110493.5998909902,0.02207170946608878
2023-03-27,1085983.1077902452,0.0,1085983.1077902452,0.0,0,1110493.5998909902,0.02207170946608878
2023-03-28,1085983.1077902452,0.0,1085983.1077902452,0.0,0,1110493.5998909902,0.02207170946608878
2023-03-29,924846.3616633203,160945.8280011583,1085792.1896644786,-190.918125766502,1,1110493.5998909902,0.022243631326588745
2023-03-31,924846.3616633203,161883.50830078125,1086729.8699641016,746.762173856436,1,1110493.5998909902,0.021399249783358793
2023-04-03,924846.3616633203,164669.96099853516,1089516.3226618555,3533.2148716103425,1,1110493.5998909902,0.018890047841062654
2023-04-05,924846.3616633203,163866.1791381836,1088712.540801504,2729.43301125878,1,1110493.5998909902,0.019613853777837493
2023-04-06,924846.3616633203,161401.24682617188,1086247.6084894922,264.50069924706105,1,1110493.5998909902,0.021833526464157958
2023-04-10,924846.3616633203,168421.01306152344,1093267.3747248438,7284.266934598623,1,1110493.5998909902,0.01551222372451079
2023-04-11,924846.3616633203,170457.28973388672,1095303.651397207,9320.543606961905,1,1110493.5998909902,0.013678555639829195
2023-04-12,924846.3616633203,168956.88037109375,1093803.242034414,7820.134244168936,1,1110493.5998909902,0.015029674964551331
2023-04-13,1096382.8018003728,0.0,1096382.8018003728,0.0,0,1110493.5998909902,0.012706780202967914
2023-04-17,1096382.8018003728,0.0,1096382.8018003728,0.0,0,1110493.5998909902,0.012706780202967914
2023-04-18,1096382.8018003728,0.0,1096382.8018003728,0.0,0,1110493.5998909902,0.012706780202967914
2023-04-19,1096382.8018003728,0.0,1096382.8018003728,0.0,0,1110493.5998909902,0.012706780202967914
2023-04-20,1096382.8018003728,0.0,1096382.8018003728,0.0,0,1110493.5998909902,0.012706780202967914
2023-04-21,1096382.8018003728,0.0,1096382.8018003728,0.0,0,1110493.5998909902,0.012706780202967914
2023-04-24,1096382.8018003728,0.0,1096382.8018003728,0.0,0,1110493.5998909902,0.012706780202967914
2023-04-25,1096382.8018003728,0.0,1096382.8018003728,0.0,0,1110493.5998909902,0.012706780202967914
2023-04-26,1096382.8018003728,0.0,1096382.8018003728,0.0,0,1110493.5998909902,0.012706780202967914
2023-04-27,1096382.8018003728,0.0,1096382.8018003728,0.0,0,1110493.5998909902,0.012706780202967914
2023-04-28,1096382.8018003728,0.0,1096382.8018003728,0.0,0,1110493.5998909902,0.012706780202967914
2023-05-02,1096382.8018003728,0.0,1096382.8018003728,0.0,0,1110493.5998909902,0.012706780202967914
2023-05-03,1096382.8018003728,0.0,1096382.8018003728,0.0,0,1110493.5998909902,0.012706780202967914
2023-05-04,1096382.8018003728,0.0,1096382.8018003728,0.0,0,1110493.5998909902,0.012706780202967914
2023-05-05,1096382.8018003728,0.0,1096382.8018003728,0.0,0,1110493.5998909902,0.012706780202967914
2023-05-08,1096382.8018003728,0.0,1096382.8018003728,0.0,0,1110493.5998909902,0.012706780202967914
2023-05-09,1096382.8018003728,0.0,1096382.8018003728,0.0,0,1110493.5998909902,0.012706780202967914
2023-05-10,1096382.8018003728,0.0,1096382.8018003728,0.0,0,1110493.5998909902,0.012706780202967914
2023-05-11,1096382.8018003728,0.0,1096382.8018003728,0.0,0,1110493.5998909902,0.012706780202967914
2023-05-12,1096382.8018003728,0.0,1096382.8018003728,0.0,0,1110493.5998909902,0.012706780202967914
2023-05-15,1096382.8018003728,0.0,1096382.8018003728,0.0,0,1110493.5998909902,0.012706780202967914
2023-05-16,1096382.8018003728,0.0,1096382.8018003728,0.0,0,1110493.5998909902,0.012706780202967914
2023-05-17,1096382.8018003728,0.0,1096382.8018003728,0.0,0,1110493.5998909902,0.012706780202967914
2023-05-18,1096382.8018003728,0.0,1096382.8018003728,0.0,0,1110493.5998909902,0.012706780202967914
2023-05-19,1096382.8018003728,0.0,1096382.8018003728,0.0,0,1110493.5998909902,0.012706780202967914
2023-05-22,1096382.8018003728,0.0,1096382.8018003728,0.0,0,1110493.5998909902,0.012706780202967914
2023-05-23,1096382.8018003728,0.0,1096382.8018003728,0.0,0,1110493.5998909902,0.012706780202967914
2023-05-24,1096382.8018003728,0.0,1096382.8018003728,0.0,0,1110493.5998909902,0.012706780202967914
2023-05-25,1096382.8018003728,0.0,1096382.8018003728,0.0,0,1110493.5998909902,0.012706780202967914
2023-05-26,1096382.8018003728,0.0,1096382.8018003728,0.0,0,1110493.5998909902,0.012706780202967914
2023-05-29,1096382.8018003728,0.0,1096382.8018003728,0.0,0,1110493.5998909902,0.012706780202967914
2023-05-30,1096382.8018003728,0.0,1096382.8018003728,0.0,0,1110493.5998909902,0.012706780202967914
2023-05-31,1096382.8018003728,0.0,1096382.8018003728,0.0,0,1110493.5998909902,0.012706780202967914
2023-06-01,1096382.8018003728,0.0,1096382.8018003728,0.0,0,1110493.5998909902,0.012706780202967914
2023-06-02,1096382.8018003728,0.0,1096382.8018003728,0.0,0,1110493.5998909902,0.012706780202967914
2023-06-05,1096382.8018003728,0.0,1096382.8018003728,0.0,0,1110493.5998909902,0.012706780202967914
2023-06-06,1096382.8018003728,0.0,1096382.8018003728,0.0,0,1110493.5998909902,0.012706780202967914
2023-06-07,1096382.8018003728,0.0,1096382.8018003728,0.0,0,1110493.5998909902,0.012706780202967914
2023-06-08,1096382.8018003728,0.0,1096382.8018003728,0.0,0,1110493.5998909902,0.012706780202967914
2023-06-09,1096382.8018003728,0.0,1096382.8018003728,0.0,0,1110493.5998909902,0.012706780202967914
2023-06-12,1096382.8018003728,0.0,1096382.8018003728,0.0,0,1110493.5998909902,0.012706780202967914
2023-06-13,1096382.8018003728,0.0,1096382.8018003728,0.0,0,1110493.5998909902,0.012706780202967914
2023-06-14,1096382.8018003728,0.0,1096382.8018003728,0.0,0,1110493.5998909902,0.012706780202967914
2023-06-15,1096382.8018003728,0.0,1096382.8018003728,0.0,0,1110493.5998909902,0.012706780202967914
2023-06-16,1096382.8018003728,0.0,1096382.8018003728,0.0,0,1110493.5998909902,0.012706780202967914
2023-06-19,1096382.8018003728,0.0,1096382.8018003728,0.0,0,1110493.5998909902,0.012706780202967914
2023-06-20,1096382.8018003728,0.0,1096382.8018003728,0.0,0,1110493.5998909902,0.012706780202967914
2023-06-21,1096382.8018003728,0.0,1096382.8018003728,0.0,0,1110493.5998909902,0.012706780202967914
2023-06-22,1096382.8018003728,0.0,1096382.8018003728,0.0,0,1110493.5998909902,0.012706780202967914
2023-06-23,1096382.8018003728,0.0,1096382.8018003728,0.0,0,1110493.5998909902,0.012706780202967914
2023-06-26,1096382.8018003728,0.0,1096382.8018003728,0.0,0,1110493.5998909902,0.012706780202967914
2023-06-27,1096382.8018003728,0.0,1096382.8018003728,0.0,0,1110493.5998909902,0.012706780202967914
2023-06-28,1096382.8018003728,0.0,1096382.8018003728,0.0,0,1110493.5998909902,0.012706780202967914
2023-06-30,1096382.8018003728,0.0,1096382.8018003728,0.0,0,1110493.5998909902,0.012706780202967914
2023-07-03,1096382.8018003728,0.0,1096382.8018003728,0.0,0,1110493.5998909902,0.012706780202967914
2023-07-04,1096382.8018003728,0.0,1096382.8018003728,0.0,0,1110493.5998909902,0.012706780202967914
2023-07-05,1096382.8018003728,0.0,1096382.8018003728,0.0,0,1110493.5998909902,0.012706780202967914
2023-07-06,1096382.8018003728,0.0,1096382.8018003728,0.0,0,1110493.5998909902,0.012706780202967914
2023-07-07,1096382.8018003728,0.0,1096382.8018003728,0.0,0,1110493.5998909902,0.012706780202967914
2023-07-10,1096382.8018003728,0.0,1096382.8018003728,0.0,0,1110493.5998909902,0.012706780202967914
2023-07-11,1096382.8018003728,0.0,1096382.8018003728,0.0,0,1110493.5998909902,0.012706780202967914
2023-07-12,951723.2003724601,144488.205761545,1096211.4061340052,-171.3956663676945,1,1110493.5998909902,0.012861122079755346
2023-07-13,951723.2003724601,142807.0598144531,1094530.2601869132,-1852.541613459587,1,1110493.5998909902,0.014374994782179752
2023-07-14,814816.3452617484,279837.8921276963,1094654.2373894448,-1728.564410928023,2,1110493.5998909902,0.01426335325399461
2023-07-17,814816.3452617484,280068.5205078125,1094884.865769561,-1497.9360308118605,2,1110493.5998909902,0.014055672291097828
2023-07-18,814816.3452617484,278696.9602050781,1093513.3054668265,-2869.4963335462357,2,1110493.5998909902,0.015290762977679914
2023-07-19,814816.3452617484,284173.9318847656,1098990.277146514,2607.4753461412643,2,1110493.5998909902,0.010358747448526807
2023-07-20,814816.3452617484,282589.41845703125,1097405.7637187797,1022.9619184068894,2,1110493.5998909902,0.0117856025226037
2023-07-21,814816.3452617484,286321.5163574219,1101137.8616191703,4755.059818797515,2,1110493.5998909902,0.00842484663823212
2023-07-24,613233.6805790677,483576.93160322116,1096810.612182289,427.8103819161139,4,1110493.5998909902,0.012321536756307695
2023-07-25,110803.55422468734,981675.4645087818,1092479.018733469,-3903.783066903639,7,1110493.5998909902,0.01622213865914174
2023-07-26,1172.171580033959,1091214.6114456602,1092386.783025694,-3996.0187746784327,8,1110493.5998909902,0.016305196956626793
2023-07-27,1172.171580033959,1083794.728088379,1084966.8996684127,-11415.902131959909,8,1110493.5998909902,0.022986805349515946
2023-07-28,1172.171580033959,1095573.5056762695,1096745.6772563034,362.8754559307158,8,1110493.5998909902,0.012380010687172219
2023-07-31,102424.04387317246,994716.4022997781,1097140.4461729506,9974.87189876814,7,1110493.5998909902,0.012024521095259276
2023-08-01,257622.38819845684,845081.8952636719,1102704.2834621286,4999.966290574717,6,1110493.5998909902,0.007014283044608457
2023-08-02,478332.76935801876,618943.3340454102,1097276.103403429,5642.4561077579365,5,1110493.5998909902,0.011902361696509212
2023-08-03,632256.3749414319,467998.79736328125,1100255.1723047132,14485.528606435073,4,1110493.5998909902,0.009219708773902033
2023-08-04,276396.32538409333,835529.7549937684,1111926.0803778619,15793.156848512655,6,1111926.0803778619,0.0
2023-08-07,160506.4032428236,960344.1068509467,1120850.5100937702,24717.586564421155,7,1120850.5100937702,0.0
2023-08-08,230594.4768548161,905925.8436342903,1136520.3204891065,19232.960128028237,7,1136520.3204891065,0.0
2023-08-09,377238.8809545155,754644.4263458252,1131883.3073003406,4020.6807755993054,6,1136520.3204891065,0.004080009046182554
2023-08-10,615320.1930939355,516324.845123291,1131645.0382172265,-978.5458087479751,4,1136520.3204891065,0.004289656932646712
2023-08-11,615320.1930939355,515664.8107147217,1130985.0038086572,-1638.580217317311,4,1136520.3204891065,0.004870407137170365
2023-08-14,725301.7023471791,400305.76092529297,1125607.463272472,-1107.7078654763009,3,1136520.3204891065,0.009601990408704844
2023-08-16,861062.9447551321,264156.4104003906,1125219.3551555227,4559.888904938664,2,1136520.3204891065,0.00994347846655337
2023-08-17,716634.0586186901,408826.2400225785,1125460.2986412686,4800.832390684498,3,1136520.3204891065,0.009731477430230291
2023-08-18,716634.0586186901,410786.95721435547,1127421.0158330456,6761.549582461486,3,1136520.3204891065,0.008006284174615508
2023-08-21,496549.7037564985,627651.3949972464,1124201.098753745,3541.63250316088,4,1136520.3204891065,0.010839420565801998
2023-08-22,496549.7037564985,633894.5521240234,1130444.255880522,9784.78962993784,4,1136520.3204891065,0.0053461997106831576
2023-08-23,601030.0571822762,531666.2695922852,1132696.3267745613,1449.0327311603862,3,1136520.3204891065,0.003364650543951104
2023-08-24,601030.0571822762,529541.172668457,1130571.2298507332,-676.064192667739,3,1136520.3204891065,0.0052344780213107525
2023-08-25,601030.0571822762,529774.0159301758,1130804.073112452,-443.2209309489887,3,1136520.3204891065,0.005029604199416794
2023-08-28,601030.0571822762,526360.0057373047,1127390.0629195808,-3857.2311238200828,3,1136520.3204891065,0.008033518983273768
2023-08-29,974617.0799218941,144813.990234375,1119431.0701562692,385.1040979329781,1,1136520.3204891065,0.015036467034291822
2023-08-30,974617.0799218941,146766.921875,1121384.0017968942,2338.035738557978,1,1136520.3204891065,0.013318124119151908
2023-08-31,974617.0799218941,146035.244140625,1120652.3240625192,1606.3580041829782,1,1136520.3204891065,0.01396191175865502
2023-09-01,974617.0799218941,145213.82421875,1119830.9041406442,784.9380823079781,1,1136520.3204891065,0.014684661635684493
2023-09-04,974617.0799218941,145836.701171875,1120453.7810937692,1407.8150354329782,1,1136520.3204891065,0.014136605484029464
2023-09-05,974617.0799218941,147993.630859375,1122610.7107812692,3564.744722932978,1,1136520.3204891065,0.012238769036572231
2023-09-06,974617.0799218941,148823.2265625,1123440.3064843942,4394.340426057978,1,1136520.3204891065,0.011508825463924116
2023-09-07,974617.0799218941,148850.419921875,1123467.4998437692,4421.533785432978,1,1136520.3204891065,0.011484898606757764
2023-09-08,974617.0799218941,150705.447265625,1125322.5271875192,6276.561129182978,1,1136520.3204891065,0.009852699595171521
2023-09-11,974617.0799218941,150716.330078125,1125333.4100000192,6287.443941682978,1,1136520.3204891065,0.009843124040468445
2023-09-12,870248.5847961823,252366.32742384684,1122614.9122200292,3568.94616169306,2,1136520.3204891065,0.01223507228017978
2023-09-13,870248.5847961823,254546.92852783203,1124795.5133240144,5749.547265678247,2,1136520.3204891065,0.010316407858019
2023-09-14,870248.5847961823,255380.07904052734,1125628.6638367097,6582.697778373559,2,1136520.3204891065,0.009583336484216583
2023-09-15,870248.5847961823,256322.21118164062,1126570.795977823,7524.8299194868405,2,1136520.3204891065,0.008754374498998553
2023-09-18,870248.5847961823,255059.10083007812,1125307.6856262605,6261.7195679243405,2,1136520.3204891065,0.009865758368509055
2023-09-20,870248.5847961823,254808.04901123047,1125056.6338074128,6010.667749076684,2,1136520.3204891065,0.010086653511624152
2023-09-21,870248.5847961823,253485.78735351562,1123734.372149698,4688.4060913618405,2,1136520.3204891065,0.011250083354344256
2023-09-22,870248.5847961823,249700.79333496094,1119949.3781311433,903.4120728071534,2,1136520.3204891065,0.014580418897245767
2023-09-25,713696.5637538426,405859.60786897765,1119556.1716228202,510.20556448417074,3,1136520.3204891065,0.014926392920969221
2023-09-26,713696.5637538426,406932.3503417969,1120628.9140956395,1582.9480373033684,3,1136520.3204891065,0.013982509689424688
2023-09-27,603565.2846542741,520084.32351093943,1123649.6081652136,4603.642106877516,4,1136520.3204891065,0.011324665377169758
2023-09-28,742014.6548344925,375619.80682373047,1117634.461658223,4568.01155611059,3,1136520.3204891065,0.016617264549001455
2023-09-29,742014.6548344925,377528.2745361328,1119542.9293706254,6476.479268512905,3,1136520.3204891065,0.014938044496357761
2023-10-03,742014.6548344925,377594.67486572266,1119609.3297002153,6542.87959810275,3,1136520.3204891065,0.014879620261970762
2023-10-04,742014.6548344925,372662.7889404297,1114677.4437749223,1610.9936728097514,3,1136520.3204891065,0.019219081542496314
2023-10-05,596433.2026497684,519140.62658312987,1115573.8292328983,2507.379130785893,4,1136520.3204891065,0.018430371088476224
2023-10-06,596433.2026497684,519541.3157348633,1115974.5183846317,2908.068282519279,4,1136520.3204891065,0.01807781324634193
2023-10-09,596433.2026497684,509772.8221435547,1106206.0247933231,-6860.425308789285,4,1136520.3204891065,0.02667290249833584
2023-10-10,261882.30735176447,847669.8357083792,1109552.1430601436,-3514.3070419687224,6,1136520.3204891065,0.0237287243727917
2023-10-11,261882.30735176447,854526.8072509766,1116409.114602741,3342.6645006286176,6,1136520.3204891065,0.01769542129938375
2023-10-12,261882.30735176447,868136.5016479492,1130018.8089997137,16952.358897601272,6,1136520.3204891065,0.005720541350809082
2023-10-13,261882.30735176447,864330.2147216797,1126212.5220734442,13146.071971331745,6,1136520.3204891065,0.009069612069255611
2023-10-16,261882.30735176447,863227.1206054688,1125109.4279572333,12042.977855120807,6,1136520.3204891065,0.010040201064739842
2023-10-17,261882.30735176447,873819.3432617188,1135701.6506134833,22635.200511370836,6,1136520.3204891065,0.000720330169962007
2023-10-18,261882.30735176447,871900.8044433594,1133783.111795124,20716.661693011487,6,1136520.3204891065,0.002408411574026761
2023-10-19,396647.2920806877,727659.8215942383,1124307.113674926,17139.469634392633,5,1136520.3204891065,0.01074614029683548
2023-10-20,396647.2920806877,714942.2088012695,1111589.5008819574,4421.856841423914,5,1136520.3204891065,0.021936096660744284
2023-10-23,724085.8927980409,364618.2813720703,1088704.1741701113,-6433.513895549594,3,1136520.3204891065,0.0420724077317133
2023-10-25,874626.1986806447,210665.70111083984,1085291.8997914847,-3834.07311444037,2,1136520.3204891065,0.045074795209623174
2023-10-26,874626.1986806447,208231.55255126953,1082857.7512319144,-6268.221674010682,2,1136520.3204891065,0.0472165506324587
2023-10-27,323330.9250219125,762217.1140647986,1085548.0390867111,-3577.9338192139003,5,1136520.3204891065,0.044849423704504635
2023-10-30,323330.9250219125,763303.6054992676,1086634.53052118,-2491.4423847448816,5,1136520.3204891065,0.04389344305472504
2023-10-31,323330.9250219125,757536.5562133789,1080867.4812352913,-8258.491670633552,5,1136520.3204891065,0.048967746771007736
2023-11-01,526081.9862730857,549339.3038330078,1075421.2901060935,-1955.9698257244331,3,1136520.3204891065,0.05375973423574048
2023-11-02,526081.9862730857,554567.2827758789,1080649.2690489646,3272.0091171466606,3,1136520.3204891065,0.04915974702159088
2023-11-03,526081.9862730857,559312.0941162109,1085394.0803892966,8016.8204574786905,3,1136520.3204891065,0.044984888680043515
2023-11-06,526081.9862730857,564930.2291564941,1091012.2154295798,13634.955497761894,3,1136520.3204891065,0.040041611433697916
2023-11-07,526081.9862730857,569588.9205322266,1095670.9068053123,18293.646873494316,3,1136520.3204891065,0.0359425282129707
2023-11-08,660733.5937237155,438492.7353515625,1099226.329075278,11371.669924534395,2,1136520.3204891065,0.03281418795730711
2023-11-09,660733.5937237155,439286.2734375,1100019.8671612155,12165.208010471895,2,1136520.3204891065,0.03211597071329338
2023-11-10,660733.5937237155,440648.1984863281,1101381.7922100436,13527.13305930002,2,1136520.3204891065,0.030917641898334743
2023-11-13,660733.5937237155,441545.9816894531,1102279.5754131686,14424.91626242502,2,1136520.3204891065,0.030127701598157235
2023-11-15,866111.9619167096,240567.12646484378,1106679.0883815533,8522.894608195676,1,1136520.3204891065,0.02625666393251188
2023-11-16,866111.9619167096,240453.17016601562,1106565.1320827252,8408.938309367522,1,1136520.3204891065,0.02635693165036411
2023-11-17,866111.9619167096,239883.40454101562,1105995.3664577252,7839.172684367523,1,1136520.3204891065,0.02685825627670673
2023-11-20,1108352.2587397934,0.0,1108352.2587397934,0.0,0,1136520.3204891065,0.02478447700538322
2023-11-21,1108352.2587397934,0.0,1108352.2587397934,0.0,0,1136520.3204891065,0.02478447700538322
2023-11-22,1108352.2587397934,0.0,1108352.2587397934,0.0,0,1136520.3204891065,0.02478447700538322
2023-11-23,1108352.2587397934,0.0,1108352.2587397934,0.0,0,1136520.3204891065,0.02478447700538322
2023-11-24,1108352.2587397934,0.0,1108352.2587397934,0.0,0,1136520.3204891065,0.02478447700538322
2023-11-28,1108352.2587397934,0.0,1108352.2587397934,0.0,0,1136520.3204891065,0.02478447700538322
2023-11-29,1108352.2587397934,0.0,1108352.2587397934,0.0,0,1136520.3204891065,0.02478447700538322
2023-11-30,1108352.2587397934,0.0,1108352.2587397934,0.0,0,1136520.3204891065,0.02478447700538322
2023-12-01,1108352.2587397934,0.0,1108352.2587397934,0.0,0,1136520.3204891065,0.02478447700538322
2023-12-04,1108352.2587397934,0.0,1108352.2587397934,0.0,0,1136520.3204891065,0.02478447700538322
2023-12-05,1108352.2587397934,0.0,1108352.2587397934,0.0,0,1136520.3204891065,0.02478447700538322
2023-12-06,1108352.2587397934,0.0,1108352.2587397934,0.0,0,1136520.3204891065,0.02478447700538322
2023-12-07,1108352.2587397934,0.0,1108352.2587397934,0.0,0,1136520.3204891065,0.02478447700538322
2023-12-08,1108352.2587397934,0.0,1108352.2587397934,0.0,0,1136520.3204891065,0.02478447700538322
2023-12-11,1108352.2587397934,0.0,1108352.2587397934,0.0,0,1136520.3204891065,0.02478447700538322
2023-12-12,1108352.2587397934,0.0,1108352.2587397934,0.0,0,1136520.3204891065,0.02478447700538322
2023-12-13,1108352.2587397934,0.0,1108352.2587397934,0.0,0,1136520.3204891065,0.02478447700538322
2023-12-14,1108352.2587397934,0.0,1108352.2587397934,0.0,0,1136520.3204891065,0.02478447700538322
2023-12-15,1108352.2587397934,0.0,1108352.2587397934,0.0,0,1136520.3204891065,0.02478447700538322
2023-12-18,1108352.2587397934,0.0,1108352.2587397934,0.0,0,1136520.3204891065,0.02478447700538322
2023-12-19,1108352.2587397934,0.0,1108352.2587397934,0.0,0,1136520.3204891065,0.02478447700538322
2023-12-20,1108352.2587397934,0.0,1108352.2587397934,0.0,0,1136520.3204891065,0.02478447700538322
2023-12-21,988858.4328724232,119352.24712866773,1108210.680001091,-141.57873870245103,1,1136520.3204891065,0.0249090491191854
2023-12-22,988858.4328724232,117059.91064453125,1105918.3435169545,-2433.915222838933,1,1136520.3204891065,0.026926027120203463
2023-12-26,988858.4328724232,119452.65380859375,1108311.086681017,-41.17205877643292,1,1136520.3204891065,0.024820703422134632
2023-12-27,988858.4328724232,123773.97216796875,1112632.405040392,4280.146300598567,1,1136520.3204891065,0.02101846752589012
2023-12-28,988858.4328724232,122176.1337890625,1111034.5666614857,2682.307921692317,1,1136520.3204891065,0.022424371450439934
2023-12-29,1110113.8966608562,0.0,1110113.8966608562,0.0,0,1136520.3204891065,0.02323444935580751
2024-01-01,1110113.8966608562,0.0,1110113.8966608562,0.0,0,1136520.3204891065,0.02323444935580751
2024-01-02,1110113.8966608562,0.0,1110113.8966608562,0.0,0,1136520.3204891065,0.02323444935580751
2024-01-03,1110113.8966608562,0.0,1110113.8966608562,0.0,0,1136520.3204891065,0.02323444935580751
2024-01-04,1110113.8966608562,0.0,1110113.8966608562,0.0,0,1136520.3204891065,0.02323444935580751
2024-01-05,1110113.8966608562,0.0,1110113.8966608562,0.0,0,1136520.3204891065,0.02323444935580751
2024-01-08,1110113.8966608562,0.0,1110113.8966608562,0.0,0,1136520.3204891065,0.02323444935580751
2024-01-09,1110113.8966608562,0.0,1110113.8966608562,0.0,0,1136520.3204891065,0.02323444935580751
2024-01-10,1110113.8966608562,0.0,1110113.8966608562,0.0,0,1136520.3204891065,0.02323444935580751
2024-01-11,1110113.8966608562,0.0,1110113.8966608562,0.0,0,1136520.3204891065,0.02323444935580751
2024-01-12,1110113.8966608562,0.0,1110113.8966608562,0.0,0,1136520.3204891065,0.02323444935580751
2024-01-15,1110113.8966608562,0.0,1110113.8966608562,0.0,0,1136520.3204891065,0.02323444935580751
2024-01-16,1110113.8966608562,0.0,1110113.8966608562,0.0,0,1136520.3204891065,0.02323444935580751
2024-01-17,1110113.8966608562,0.0,1110113.8966608562,0.0,0,1136520.3204891065,0.02323444935580751
2024-01-18,1110113.8966608562,0.0,1110113.8966608562,0.0,0,1136520.3204891065,0.02323444935580751
2024-01-19,857042.2178635972,252771.83427537378,1109814.052138971,-299.84452188513956,2,1136520.3204891065,0.023498276158091372
2024-01-23,857042.2178635972,244087.4764404297,1101129.694304027,-8984.202356829219,2,1136520.3204891065,0.031139457471247908
2024-01-24,268006.28863029846,838165.874780555,1106172.1634108536,-3941.7332500026932,7,1136520.3204891065,0.02670269640686443
2024-01-25,268006.28863029846,832022.6434326172,1100028.9320629155,-10084.96459794047,7,1136520.3204891065,0.032107994699546345
2024-01-29,268006.28863029846,834474.0627441406,1102480.351374439,-7633.545286417033,7,1136520.3204891065,0.029951043110270352
2024-01-30,268006.28863029846,832998.0054321289,1101004.2940624272,-9109.602598428752,7,1136520.3204891065,0.031249794470366132
2024-01-31,377101.02327628055,737098.6665039062,1114199.6897801869,9833.852631631366,6,1136520.3204891065,0.019639447097007316
2024-02-01,509454.4975585247,593785.5655517578,1103240.0631102826,4749.636318459062,5,1136520.3204891065,0.029282588950544693
2024-02-02,649855.3671480564,455589.0270996094,1105444.3942476658,12817.70136896035,4,1136520.3204891065,0.027343044977908567
2024-02-05,649855.3671480564,449730.1003417969,1099585.4674898533,6958.77461114785,4,1136520.3204891065,0.032498189722959044
2024-02-06,649855.3671480564,452913.4385986328,1102768.8057466892,10142.112867983788,4,1136520.3204891065,0.02969723825781852
2024-02-07,821801.1949824411,285431.34521484375,1107232.540197285,4017.5431272163114,3,1136520.3204891065,0.025769693479142944
2024-02-08,912170.4733198672,194764.0908203125,1106934.5641401797,9452.122158386283,2,1136520.3204891065,0.026031876259101507
2024-02-09,912170.4733198672,191932.205078125,1104102.6783979922,6620.2364161987825,2,1136520.3204891065,0.028523592149380342
2024-02-12,912170.4733198672,188682.74267578125,1100853.2159956484,3370.774013855032,2,1136520.3204891065,0.03138272484042218
2024-02-13,1044465.0831054439,45578.28125,1090043.364355444,-1546.4095674896678,1,1136520.3204891065,0.04089408283844932
2024-02-14,1086065.0982009475,0.0,1086065.0982009475,0.0,0,1136520.3204891065,0.04439447441330863
2024-02-15,1086065.0982009475,0.0,1086065.0982009475,0.0,0,1136520.3204891065,0.04439447441330863
2024-02-16,1086065.0982009475,0.0,1086065.0982009475,0.0,0,1136520.3204891065,0.04439447441330863
2024-02-19,1086065.0982009475,0.0,1086065.0982009475,0.0,0,1136520.3204891065,0.04439447441330863
2024-02-20,1086065.0982009475,0.0,1086065.0982009475,0.0,0,1136520.3204891065,0.04439447441330863
2024-02-21,1086065.0982009475,0.0,1086065.0982009475,0.0,0,1136520.3204891065,0.04439447441330863
2024-02-22,1086065.0982009475,0.0,1086065.0982009475,0.0,0,1136520.3204891065,0.04439447441330863
2024-02-23,1086065.0982009475,0.0,1086065.0982009475,0.0,0,1136520.3204891065,0.04439447441330863
2024-02-26,1086065.0982009475,0.0,1086065.0982009475,0.0,0,1136520.3204891065,0.04439447441330863
2024-02-27,1086065.0982009475,0.0,1086065.0982009475,0.0,0,1136520.3204891065,0.04439447441330863
2024-02-28,1086065.0982009475,0.0,1086065.0982009475,0.0,0,1136520.3204891065,0.04439447441330863
2024-02-29,1086065.0982009475,0.0,1086065.0982009475,0.0,0,1136520.3204891065,0.04439447441330863
2024-03-01,1086065.0982009475,0.0,1086065.0982009475,0.0,0,1136520.3204891065,0.04439447441330863
2024-03-04,1086065.0982009475,0.0,1086065.0982009475,0.0,0,1136520.3204891065,0.04439447441330863
2024-03-05,1086065.0982009475,0.0,1086065.0982009475,0.0,0,1136520.3204891065,0.04439447441330863
2024-03-06,1086065.0982009475,0.0,1086065.0982009475,0.0,0,1136520.3204891065,0.04439447441330863
2024-03-07,1086065.0982009475,0.0,1086065.0982009475,0.0,0,1136520.3204891065,0.04439447441330863
2024-03-11,1086065.0982009475,0.0,1086065.0982009475,0.0,0,1136520.3204891065,0.04439447441330863
2024-03-12,1086065.0982009475,0.0,1086065.0982009475,0.0,0,1136520.3204891065,0.04439447441330863
2024-03-13,1086065.0982009475,0.0,1086065.0982009475,0.0,0,1136520.3204891065,0.04439447441330863
2024-03-14,332230.48498484545,752941.4544863126,1085171.939471158,-893.1587297894806,9,1136520.3204891065,0.045180345737989534
2024-03-15,332230.48498484545,754219.909576416,1086450.3945612614,385.2963603139642,9,1136520.3204891065,0.044055460360178385
2024-03-18,222813.36404362065,861465.3186765297,1084278.6827201503,-1786.4154807971433,10,1136520.3204891065,0.04596630330945048
2024-03-19,222813.36404362065,850925.3175354004,1073738.681579021,-12326.416621926452,10,1136520.3204891065,0.05524022560640805
2024-03-20,222813.36404362065,853380.9964294434,1076194.360473064,-9870.737727883485,10,1136520.3204891065,0.05307952610128512
2024-03-21,222813.36404362065,869211.1678314209,1092024.5318750415,5959.433674094055,10,1136520.3204891065,0.03915089577537511
2024-03-22,222813.36404362065,877893.2319030762,1100706.5959466968,14641.497745749322,10,1136520.3204891065,0.031511732695634564
2024-03-26,222813.36404362065,886916.9834594727,1109730.3475030933,23665.249302145814,10,1136520.3204891065,0.023571926082662543
2024-03-27,222813.36404362065,892973.7487564087,1115787.1128000293,29722.014599081864,10,1136520.3204891065,0.01824270742484789
2024-03-28,222813.36404362065,902762.2492904663,1125575.613334087,39510.51513313947,10,1136520.3204891065,0.009630014490466311
2024-04-01,342711.35710284754,800245.9827346802,1142957.3398375278,46411.36951857814,9,1142957.3398375278,0.0
2024-04-02,460184.0211406088,693345.3127593994,1153529.3339000084,46529.12750415327,8,1153529.3339000084,0.0
2024-04-03,460184.0211406088,697546.0591049194,1157730.0802455284,50729.87384967329,8,1157730.0802455284,0.0
2024-04-04,582846.0105754853,577814.7533569336,1160660.763932419,43137.751354325024,7,1160660.763932419,0.0
2024-04-05,699136.2252411273,468233.56842803955,1167369.793669167,39407.07200704077,6,1167369.793669167,0.0
2024-04-08,801490.1359458576,369318.17209625244,1170808.30804211,32262.68836351277,5,1170808.30804211,0.0
2024-04-09,801490.1359458576,362433.35570526123,1163923.4916511187,25377.871972521567,5,1170808.30804211,0.00588039591425891
2024-04-10,909280.459323406,259420.47463989258,1168700.9339632986,19616.931474777954,4,1170808.30804211,0.0017999309232229878
2024-04-12,909280.459323406,259394.36994171143,1168674.8292651174,19590.82677659681,4,1170808.30804211,0.0018222272274103111
2024-04-15,909280.459323406,255069.8257522583,1164350.2850756643,15266.282587143683,4,1170808.30804211,0.005515867048505248
2024-04-16,1014927.9002486941,156442.59561157227,1171370.4958602665,11701.029922852995,3,1171370.4958602665,0.0
2024-04-18,1014927.9002486941,155049.12588500977,1169977.026133704,10307.560196290495,3,1171370.4958602665,0.001189606304313753
2024-04-19,805121.3087753549,362425.37964562856,1167546.6884209835,7877.222483570056,4,1171370.4958602665,0.00326438770038745
2024-04-22,476300.69805448275,694130.3742730452,1170431.072327528,10761.606390114512,6,1171370.4958602665,0.0008019866780481447
2024-04-23,476300.69805448275,693673.8432998657,1169974.5413543484,10305.075416935028,6,1171370.4958602665,0.0011917275625871716
2024-04-24,476300.69805448275,702696.2611465454,1178996.959201028,19327.493263614728,6,1178996.959201028,0.0
2024-04-25,476300.69805448275,707463.1875457764,1183763.885600259,24094.419662845685,6,1183763.885600259,0.0
2024-04-26,530739.1913333851,661227.5153503418,1191966.706683727,21593.185274309766,5,1191966.706683727,0.0
2024-04-29,751633.6519582449,452025.51527404785,1203659.1672322927,22197.77667135506,4,1203659.1672322927,0.0
2024-04-30,751633.6519582449,455280.40312957764,1206914.0550878225,25452.664526884844,4,1206914.0550878225,0.0
2024-05-02,944955.0509703818,267728.3176956177,1212683.3686659995,20116.733688399552,3,1212683.3686659995,0.0
2024-05-03,944955.0509703818,268396.80126953125,1213351.852239913,20785.217262313134,3,1213351.852239913,0.0
2024-05-06,1010617.3407824927,205559.66561889648,1216177.0064013891,12926.62879779957,2,1216177.0064013891,0.0
2024-05-07,1010617.3407824927,196949.82969665527,1207567.170479148,4316.79287555836,2,1216177.0064013891,0.007079426659871915
2024-05-08,1010617.3407824927,198086.34674072266,1208703.6875232153,5453.309919625743,2,1216177.0064013891,0.006144926962800447
2024-05-09,1010617.3407824927,193275.8307647705,1203893.1715472632,642.7939436735865,2,1216177.0064013891,0.010100367618750883
2024-05-10,859528.5854830219,347121.50487385027,1206650.0903568722,3399.7127532825502,3,1216177.0064013891,0.007833494626499026
2024-05-13,859528.5854830219,353395.85122680664,1212924.4367098287,9674.059106238954,3,1216177.0064013891,0.002674421300880096
2024-05-14,859528.5854830219,352974.62574768066,1212503.2112307027,9252.833627112977,3,1216177.0064013891,0.0030207734164922496
2024-05-15,859528.5854830219,353718.68937683105,1213247.274859853,9996.89725626336,3,1216177.0064013891,0.002408968041753222
2024-05-16,859528.5854830219,359828.8266143799,1219357.412097402,16107.034493812196,3,1219357.412097402,0.0
2024-05-17,859528.5854830219,359893.9267578125,1219422.5122408345,16172.134637244813,3,1219422.5122408345,0.0
2024-05-21,916252.1440713018,308831.10485839844,1225083.2489297003,11137.89343353016,2,1225083.2489297003,0.0
2024-05-22,916252.1440713018,310712.57751464844,1226964.7215859503,13019.36608978016,2,1226964.7215859503,0.0
2024-05-23,916252.1440713018,304800.84729003906,1221052.991361341,7107.635865170785,2,1226964.7215859503,0.0048181745738932
2024-05-24,916252.1440713018,298484.9528808594,1214737.0969521613,791.7414559910981,2,1226964.7215859503,0.009965750782128337
2024-05-27,916252.1440713018,301112.76513671875,1217364.9092080207,3419.553711850473,2,1226964.7215859503,0.00782403292371859
2024-05-28,916252.1440713018,300618.8563232422,1216871.000394544,2925.6448983739106,2,1226964.7215859503,0.008226578167919373
2024-05-29,916252.1440713018,303181.546875,1219433.690946302,5488.3354501317235,2,1226964.7215859503,0.0061379357589955615
2024-05-30,916252.1440713018,297921.7158203125,1214173.8598916144,228.50439544422306,2,1226964.7215859503,0.01042479988976596
2024-05-31,916252.1440713018,300405.82360839844,1216657.9676797003,2712.6121835301606,2,1226964.7215859503,0.008400203954460641
2024-06-03,669045.0754451281,546401.7417066463,1215446.8171517744,1501.4616556043757,4,1226964.7215859503,0.009387315080492382
2024-06-04,809461.1233568856,376431.08602905273,1185892.2093859385,-21864.737896591665,3,1226964.7215859503,0.033474892535559096
2024-06-05,563105.7262144329,640972.2271987423,1204077.9534131752,9041.905075929457,5,1226964.7215859503,0.018653159108920573
2024-06-06,725770.707109269,479595.1401672363,1205365.8472765053,-1246.4266561057862,4,1226964.7215859503,0.017603500678916632
2024-06-07,725770.707109269,485191.84997558594,1210962.557084855,4350.283152243824,4,1226964.7215859503,0.01304207384252364
2024-06-10,725770.707109269,482853.28842163086,1208623.9955308998,2011.721598288745,4,1226964.7215859503,0.01494804677948983
2024-06-11,725770.707109269,486307.15408325195,1212077.861192521,5465.587259909839,4,1226964.7215859503,0.01213307940442407
2024-06-12,725770.707109269,493635.363861084,1219406.070970353,12793.79703774187,4,1226964.7215859503,0.006160446574068743
2024-06-13,725770.707109269,491750.9157409668,1217521.6228502358,10909.348917624682,4,1226964.7215859503,0.007696308271609147
2024-06-14,725770.707109269,495777.68341064453,1221548.3905199135,14936.116587302417,4,1226964.7215859503,0.004414414669588696
2024-06-18,725770.707109269,495406.72619628906,1221177.433305558,14565.159372946948,4,1226964.7215859503,0.004716751980376228
2024-06-19,817530.2512014592,405509.7409057617,1223039.992107221,4947.962039574768,3,1226964.7215859503,0.0031987305011153015
2024-06-20,817530.2512014592,409351.9991760254,1226882.2503774846,8790.220309838438,3,1226964.7215859503,6.72156313990435e-05
2024-06-21,817530.2512014592,408337.45138549805,1225867.7025869573,7775.672519311096,3,1226964.7215859503,0.0008940917205631715
2024-06-24,817530.2512014592,409044.6694946289,1226574.920696088,8482.890628441955,3,1226964.7215859503,0.00031769527110639883
2024-06-25,817530.2512014592,411904.4773864746,1229434.7285879338,11342.698520287659,3,1229434.7285879338,0.0
2024-06-26,967883.5599133578,265233.0132751465,1233116.5731885042,3433.239534650483,2,1233116.5731885042,0.0
2024-06-27,967883.5599133578,264910.55966186523,1232794.119575223,3110.785921369233,2,1233116.5731885042,0.00026149483373455327
2024-06-28,967883.5599133578,263539.31799316406,1231422.8779065218,1739.5442526680608,2,1233116.5731885042,0.0013735078408710268
2024-07-01,967883.5599133578,264711.1545715332,1232594.714484891,2911.3808310372015,2,1233116.5731885042,0.00042320305716425215
2024-07-02,967883.5599133578,261932.99649047852,1229816.5564038362,133.22274998251396,2,1233116.5731885042,0.002676159623850503
2024-07-03,1095681.8634727602,138308.47119140625,1233990.3346641664,10272.242730000804,1,1233990.3346641664,0.0
2024-07-04,1095681.8634727602,137934.98217773438,1233616.8456504946,9898.753716328929,1,1233990.3346641664,0.0003026676977770016
2024-07-05,1235394.0208585227,0.0,1235394.0208585227,0.0,0,1235394.0208585227,0.0
2024-07-08,1235394.0208585227,0.0,1235394.0208585227,0.0,0,1235394.0208585227,0.0
2024-07-09,1235394.0208585227,0.0,1235394.0208585227,0.0,0,1235394.0208585227,0.0
2024-07-10,1235394.0208585227,0.0,1235394.0208585227,0.0,0,1235394.0208585227,0.0
2024-07-11,1235394.0208585227,0.0,1235394.0208585227,0.0,0,1235394.0208585227,0.0
2024-07-12,1235394.0208585227,0.0,1235394.0208585227,0.0,0,1235394.0208585227,0.0
2024-07-15,1235394.0208585227,0.0,1235394.0208585227,0.0,0,1235394.0208585227,0.0
2024-07-16,1235394.0208585227,0.0,1235394.0208585227,0.0,0,1235394.0208585227,0.0
2024-07-18,1235394.0208585227,0.0,1235394.0208585227,0.0,0,1235394.0208585227,0.0
2024-07-19,1235394.0208585227,0.0,1235394.0208585227,0.0,0,1235394.0208585227,0.0
2024-07-22,840286.357818976,394639.5313668116,1234925.8891857876,-468.1316727351274,3,1235394.0208585227,0.00037893308922587346
2024-07-23,840286.357818976,384410.15997314453,1224696.5177921206,-10697.503066402165,3,1235394.0208585227,0.008659183131684622
2024-07-24,774027.6481073808,449122.1356715901,1223149.783778971,-5661.547872045688,4,1235394.0208585227,0.009911199886690958
2024-07-25,866380.4275955843,352700.45068359375,1219080.878279178,-3373.158247609841,3,1235394.0208585227,0.013204809400006786
2024-07-26,866380.4275955843,361411.7250366211,1227792.1526322053,5338.116105417504,3,1235394.0208585227,0.0061533956761702846
2024-07-29,866380.4275955843,372744.65478515625,1239125.0823807404,16671.04585395266,3,1239125.0823807404,0.0
2024-07-30,866380.4275955843,378521.53802490234,1244901.9656204865,22447.929093698753,3,1244901.9656204865,0.0
2024-07-31,975467.3258318916,268546.1665649414,1244013.492396833,10133.662904029148,2,1244901.9656204865,0.000713689309029878
2024-08-01,1131017.598790883,113502.75512695312,1244520.3539178362,-1265.8106101310364,1,1244901.9656204865,0.00030653956149881737
2024-08-02,1131017.598790883,111629.10278320312,1242646.7015740862,-3139.4629538810364,1,1244901.9656204865,0.0018115997152243603
2024-08-05,1239376.3324828767,0.0,1239376.3324828767,0.0,0,1244901.9656204865,0.00443860905533691
2024-08-06,1239376.3324828767,0.0,1239376.3324828767,0.0,0,1244901.9656204865,0.00443860905533691
2024-08-07,865105.2289028896,373827.65949077986,1238932.8883936694,-443.4440892071099,3,1244901.9656204865,0.004794817095370255
2024-08-08,865105.2289028896,367905.38623046875,1233010.6151333584,-6365.717349518247,3,1244901.9656204865,0.009552037682903988
2024-08-09,865105.2289028896,373202.2440185547,1238307.4729214443,-1068.859561432294,3,1244901.9656204865,0.005297198398875815
2024-08-12,740958.0716329193,502576.5163405406,1243534.5879734599,4158.255490583267,4,1244901.9656204865,0.0010983817881154551
2024-08-13,773575.5432380743,466470.59770493093,1240046.1409430052,7234.753751965545,4,1244901.9656204865,0.0039005679254920816
2024-08-14,773575.5432380743,463182.79107666016,1236758.3343147344,3946.947123694714,4,1244901.9656204865,0.006541584422427291
2024-08-16,446272.8220923093,788874.3933846864,1235147.2154769958,2335.8282859559085,6,1244901.9656204865,0.007835757684444453
2024-08-19,446272.8220923093,803088.0112915039,1249360.8333838133,16549.446192773477,6,1249360.8333838133,0.0
2024-08-20,560375.7826649077,697571.4829711914,1257947.265636099,13113.377554663935,5,1257947.265636099,0.0
2024-08-21,560375.7826649077,700392.1684570312,1260767.9511219389,15934.06304050378,5,1260767.9511219389,0.0
2024-08-22,560375.7826649077,705228.3151855469,1265604.0978504545,20770.209769019388,5,1265604.0978504545,0.0
2024-08-23,560375.7826649077,707732.0393066406,1268107.8219715483,23273.933890113152,5,1268107.8219715483,0.0
2024-08-26,560375.7826649077,716048.5864257812,1276424.3690906889,31590.481009253777,5,1276424.3690906889,0.0
2024-08-27,696455.0580363224,578698.9318847656,1275153.9899210879,18387.98373820851,4,1276424.3690906889,0.0009952639579468546
2024-08-28,696455.0580363224,575493.3337402344,1271948.3917765566,15182.385593677262,4,1276424.3690906889,0.003506652977270329
2024-08-29,696455.0580363224,572176.4886474609,1268631.5466837832,11865.540500903824,4,1276424.3690906889,0.0061051971394570186
2024-08-30,696455.0580363224,572787.7526855469,1269242.810721869,12476.804538989758,4,1276424.3690906889,0.005626309355042972
2024-09-02,696455.0580363224,572240.110168457,1268695.1682047793,11929.162021899918,4,1276424.3690906889,0.006055353590135395
2024-09-03,696455.0580363224,573051.6983032227,1269506.756339545,12740.750156665543,4,1276424.3690906889,0.005419524194819328
2024-09-04,696455.0580363224,578165.5645751953,1274620.6226115176,17854.616428638197,4,1276424.3690906889,0.0014131244457956393
2024-09-05,696455.0580363224,579546.096496582,1276001.1545329043,19235.148350024916,4,1276424.3690906889,0.00033156258062207243
2024-09-06,696455.0580363224,575611.9418334961,1272066.9998698183,15300.99368693898,4,1276424.3690906889,0.003413730829954845
2024-09-09,696455.0580363224,581469.2205810547,1277924.278617377,21158.272434497572,4,1277924.278617377,0.0
2024-09-10,729027.6821507334,549888.5009374607,1278916.183088194,10280.28257460128,4,1278916.183088194,0.0
2024-09-11,729027.6821507334,545146.0473022461,1274173.7294529795,5537.8289393867135,4,1278916.183088194,0.0037081817385115966
2024-09-12,554810.7196030606,725509.193319333,1280319.9129223935,11684.012408800876,5,1280319.9129223935,0.0
2024-09-13,554810.7196030606,729328.2103118896,1284138.9299149504,15503.02940135749,5,1284138.9299149504,0.0
2024-09-16,554810.7196030606,724226.8333740234,1279037.5529770842,10401.652463491251,5,1284138.9299149504,0.003972605159010388
2024-09-17,722164.5101899394,553771.0483398438,1275935.558529783,14162.82997698437,4,1284138.9299149504,0.006388227312531261
2024-09-18,834182.3515138909,444342.05364990234,1278524.4051637934,4663.179393963366,3,1284138.9299149504,0.004372209751112279
2024-09-19,834182.3515138909,452118.6357421875,1286300.9872560785,12439.761486248524,3,1286300.9872560785,0.0
2024-09-20,834182.3515138909,452904.26403808594,1287086.615551977,13225.389782146962,3,1287086.615551977,0.0
2024-09-23,834182.3515138909,449849.3958129883,1284031.7473268793,10170.521557049306,3,1287086.615551977,0.002373475248818086
2024-09-24,834182.3515138909,446697.1354370117,1280879.4869509027,7018.261181072742,3,1287086.615551977,0.004822619182013826
2024-09-25,968414.5972329029,310351.08154296875,1278765.6787758716,11637.971191756642,2,1287086.615551977,0.006464939247726399
2024-09-26,968414.5972329029,314697.4609375,1283112.058170403,15984.350586287892,2,1287086.615551977,0.0030880263484594976
2024-09-27,1145391.7705326474,137411.53564453125,1282803.3061771786,4332.6527506595385,1,1287086.615551977,0.0033279107427913015
2024-09-30,1145391.7705326474,135049.49951171875,1280441.2700443661,1970.6166178470385,1,1287086.615551977,0.005163091145004965
2024-10-01,1145391.7705326474,137972.52197265625,1283364.2925053036,4893.6390787845385,1,1287086.615551977,0.0028920532633128
2024-10-03,1145391.7705326474,136491.32080078125,1281883.0913334286,3412.4379069095385,1,1287086.615551977,0.004042870274365141
2024-10-04,1145391.7705326474,139601.3427734375,1284993.1133060849,6522.4598795657885,1,1287086.615551977,0.0016265434047686507
2024-10-07,1145391.7705326474,139640.6982421875,1285032.4687748349,6561.8153483157885,1,1287086.615551977,0.0015959662328250811
2024-10-08,498541.40336870006,788047.34447206,1286588.74784076,8118.094414241021,5,1287086.615551977,0.00038681756550113406
2024-10-09,530938.3370205972,761756.0981281257,1292694.435148723,2245.3250341635767,5,1292694.435148723,0.0
2024-10-10,530938.3370205972,759504.3927001953,1290442.7297207925,-6.380393766734926,5,1292694.435148723,0.001741869823761871
2024-10-11,530938.3370205972,759980.8517456055,1290919.1887662027,470.0786516434214,5,1292694.435148723,0.001373291579394833
2024-10-14,530938.3370205972,768418.8938598633,1299357.2308804605,8908.120765901233,5,1299357.2308804605,0.0
2024-10-15,530938.3370205972,773814.0818481445,1304752.4188687417,14303.308754182483,5,1304752.4188687417,0.0
2024-10-16,530938.3370205972,767636.0560913086,1298574.3931119058,8125.282997346546,5,1304752.4188687417,0.004735017668863542
2024-10-17,671791.0368323375,615841.8341674805,1287632.870999818,3950.125327812407,4,1304752.4188687417,0.013120916751215449
2024-10-18,671791.0368323375,618153.4995117188,1289944.5363440563,6261.790672050688,4,1304752.4188687417,0.011349189555459367
2024-10-21,671791.0368323375,611816.0814819336,1283607.118314271,-75.6273577344682,4,1304752.4188687417,0.01620637007349196
2024-10-22,956297.5311508953,309400.54748535156,1265698.0786362467,-4366.285989401011,2,1304752.4188687417,0.0299323761870135
2024-10-23,956297.5311508953,311303.4005126953,1267600.9316635905,-2463.4329620572603,2,1304752.4188687417,0.028473974577769057
2024-10-24,956297.5311508953,311887.5516357422,1268185.0827866374,-1879.2818390103853,2,1304752.4188687417,0.028026264257712052
2024-10-25,1062223.020643792,200359.54150390625,1262582.5621476984,-746.8860408316986,1,1304752.4188687417,0.03232019815499238
2024-10-28,1062223.020643792,199824.37255859375,1262047.3932023859,-1282.0549861441987,1,1304752.4188687417,0.03273036711699094
2024-10-29,1062223.020643792,201588.58642578125,1263811.6070695734,482.15888104330145,1,1304752.4188687417,0.031378222570888376
2024-10-30,1062223.020643792,201445.7529296875,1263668.7735734796,339.32538494955145,1,1304752.4188687417,0.0314876942944339
2024-10-31,1062223.020643792,202605.54052734375,1264828.5611711359,1499.1129826058013,1,1304752.4188687417,0.030598799527209154
2024-11-01,1062223.020643792,202872.40283203125,1265095.4234758234,1765.9752872933013,1,1304752.4188687417,0.030394268536633275
2024-11-04,1062223.020643792,200750.47509765625,1262973.4957414484,-355.95244708169855,1,1304752.4188687417,0.032020575339125945
2024-11-05,1062223.020643792,200978.3828125,1263201.403456292,-128.04473223794858,1,1304752.4188687417,0.031845900273153385
2024-11-06,1062223.020643792,201030.30810546875,1263253.3287492609,-76.11943926919858,1,1304752.4188687417,0.031806103226435685
2024-11-07,1275488.2046788144,0.0,1275488.2046788144,0.0,0,1304752.4188687417,0.022428940361957903
2024-11-08,1275488.2046788144,0.0,1275488.2046788144,0.0,0,1304752.4188687417,0.022428940361957903
2024-11-11,1275488.2046788144,0.0,1275488.2046788144,0.0,0,1304752.4188687417,0.022428940361957903
2024-11-12,1275488.2046788144,0.0,1275488.2046788144,0.0,0,1304752.4188687417,0.022428940361957903
2024-11-13,1275488.2046788144,0.0,1275488.2046788144,0.0,0,1304752.4188687417,0.022428940361957903
2024-11-14,1275488.2046788144,0.0,1275488.2046788144,0.0,0,1304752.4188687417,0.022428940361957903
2024-11-18,1275488.2046788144,0.0,1275488.2046788144,0.0,0,1304752.4188687417,0.022428940361957903
2024-11-19,1275488.2046788144,0.0,1275488.2046788144,0.0,0,1304752.4188687417,0.022428940361957903
2024-11-21,1275488.2046788144,0.0,1275488.2046788144,0.0,0,1304752.4188687417,0.022428940361957903
2024-11-22,1275488.2046788144,0.0,1275488.2046788144,0.0,0,1304752.4188687417,0.022428940361957903
2024-11-25,1275488.2046788144,0.0,1275488.2046788144,0.0,0,1304752.4188687417,0.022428940361957903
2024-11-26,1275488.2046788144,0.0,1275488.2046788144,0.0,0,1304752.4188687417,0.022428940361957903
2024-11-27,1275488.2046788144,0.0,1275488.2046788144,0.0,0,1304752.4188687417,0.022428940361957903
2024-11-28,1275488.2046788144,0.0,1275488.2046788144,0.0,0,1304752.4188687417,0.022428940361957903
2024-11-29,1275488.2046788144,0.0,1275488.2046788144,0.0,0,1304752.4188687417,0.022428940361957903
2024-12-02,1275488.2046788144,0.0,1275488.2046788144,0.0,0,1304752.4188687417,0.022428940361957903
2024-12-03,1275488.2046788144,0.0,1275488.2046788144,0.0,0,1304752.4188687417,0.022428940361957903
2024-12-04,1275488.2046788144,0.0,1275488.2046788144,0.0,0,1304752.4188687417,0.022428940361957903
2024-12-05,1275488.2046788144,0.0,1275488.2046788144,0.0,0,1304752.4188687417,0.022428940361957903
2024-12-06,1275488.2046788144,0.0,1275488.2046788144,0.0,0,1304752.4188687417,0.022428940361957903
2024-12-09,1275488.2046788144,0.0,1275488.2046788144,0.0,0,1304752.4188687417,0.022428940361957903
2024-12-10,1275488.2046788144,0.0,1275488.2046788144,0.0,0,1304752.4188687417,0.022428940361957903
2024-12-11,1275488.2046788144,0.0,1275488.2046788144,0.0,0,1304752.4188687417,0.022428940361957903
2024-12-12,1275488.2046788144,0.0,1275488.2046788144,0.0,0,1304752.4188687417,0.022428940361957903
2024-12-13,1275488.2046788144,0.0,1275488.2046788144,0.0,0,1304752.4188687417,0.022428940361957903
2024-12-16,1275488.2046788144,0.0,1275488.2046788144,0.0,0,1304752.4188687417,0.022428940361957903
2024-12-17,1275488.2046788144,0.0,1275488.2046788144,0.0,0,1304752.4188687417,0.022428940361957903
2024-12-18,1275488.2046788144,0.0,1275488.2046788144,0.0,0,1304752.4188687417,0.022428940361957903
2024-12-19,1275488.2046788144,0.0,1275488.2046788144,0.0,0,1304752.4188687417,0.022428940361957903
2024-12-20,1275488.2046788144,0.0,1275488.2046788144,0.0,0,1304752.4188687417,0.022428940361957903
2024-12-23,1092954.5878479409,182317.34725331055,1275271.9351012514,-216.26957756290554,1,1304752.4188687417,0.022594695622829966
2024-12-24,1092954.5878479409,180878.8515625,1273833.4394104409,-1654.765268373458,1,1304752.4188687417,0.02369720033560736
2024-12-26,1092954.5878479409,180221.0703125,1273175.6581604409,-2312.5465183734577,1,1304752.4188687417,0.024201342915063404
2024-12-27,1092954.5878479409,181594.970703125,1274549.5585510659,-938.6461277484578,1,1304752.4188687417,0.023148345909074934
2024-12-30,1092954.5878479409,184692.908203125,1277647.4960510659,2159.2913722515423,1,1304752.4188687417,0.0207739969864755
2024-12-31,1273783.7869983688,0.0,1273783.7869983688,0.0,0,1304752.4188687417,0.023735255380651927
2025-01-01,1273783.7869983688,0.0,1273783.7869983688,0.0,0,1304752.4188687417,0.023735255380651927
2025-01-02,1273783.7869983688,0.0,1273783.7869983688,0.0,0,1304752.4188687417,0.023735255380651927
2025-01-03,1273783.7869983688,0.0,1273783.7869983688,0.0,0,1304752.4188687417,0.023735255380651927
2025-01-06,1273783.7869983688,0.0,1273783.7869983688,0.0,0,1304752.4188687417,0.023735255380651927
2025-01-07,1273783.7869983688,0.0,1273783.7869983688,0.0,0,1304752.4188687417,0.023735255380651927
2025-01-08,1273783.7869983688,0.0,1273783.7869983688,0.0,0,1304752.4188687417,0.023735255380651927
2025-01-09,1273783.7869983688,0.0,1273783.7869983688,0.0,0,1304752.4188687417,0.023735255380651927
2025-01-10,1273783.7869983688,0.0,1273783.7869983688,0.0,0,1304752.4188687417,0.023735255380651927
2025-01-13,1273783.7869983688,0.0,1273783.7869983688,0.0,0,1304752.4188687417,0.023735255380651927
2025-01-14,1273783.7869983688,0.0,1273783.7869983688,0.0,0,1304752.4188687417,0.023735255380651927
2025-01-15,1152070.6556187384,121568.92316218352,1273639.5787809219,-144.2082174469843,1,1304752.4188687417,0.023845780730412887
2025-01-16,1152070.6556187384,119857.841796875,1271928.4974156134,-1855.2895827555049,1,1304752.4188687417,0.025157202989964662
2025-01-17,1152070.6556187384,117678.4765625,1269749.1321812384,-4034.654817130505,1,1304752.4188687417,0.026827531554110627
2025-01-20,1267220.0898354808,0.0,1267220.0898354808,0.0,0,1304752.4188687417,0.028765862772496372
2025-01-21,1267220.0898354808,0.0,1267220.0898354808,0.0,0,1304752.4188687417,0.028765862772496372
2025-01-22,1267220.0898354808,0.0,1267220.0898354808,0.0,0,1304752.4188687417,0.028765862772496372
2025-01-23,1267220.0898354808,0.0,1267220.0898354808,0.0,0,1304752.4188687417,0.028765862772496372
2025-01-24,1267220.0898354808,0.0,1267220.0898354808,0.0,0,1304752.4188687417,0.028765862772496372
2025-01-27,1267220.0898354808,0.0,1267220.0898354808,0.0,0,1304752.4188687417,0.028765862772496372
2025-01-28,1267220.0898354808,0.0,1267220.0898354808,0.0,0,1304752.4188687417,0.028765862772496372
2025-01-29,1267220.0898354808,0.0,1267220.0898354808,0.0,0,1304752.4188687417,0.028765862772496372
2025-01-30,1267220.0898354808,0.0,1267220.0898354808,0.0,0,1304752.4188687417,0.028765862772496372
2025-01-31,1267220.0898354808,0.0,1267220.0898354808,0.0,0,1304752.4188687417,0.028765862772496372
2025-02-01,1267220.0898354808,0.0,1267220.0898354808,0.0,0,1304752.4188687417,0.028765862772496372
2025-02-03,1267220.0898354808,0.0,1267220.0898354808,0.0,0,1304752.4188687417,0.028765862772496372
2025-02-04,1267220.0898354808,0.0,1267220.0898354808,0.0,0,1304752.4188687417,0.028765862772496372
2025-02-05,1267220.0898354808,0.0,1267220.0898354808,0.0,0,1304752.4188687417,0.028765862772496372
2025-02-06,1267220.0898354808,0.0,1267220.0898354808,0.0,0,1304752.4188687417,0.028765862772496372
2025-02-07,1267220.0898354808,0.0,1267220.0898354808,0.0,0,1304752.4188687417,0.028765862772496372
2025-02-10,1267220.0898354808,0.0,1267220.0898354808,0.0,0,1304752.4188687417,0.028765862772496372
2025-02-11,1267220.0898354808,0.0,1267220.0898354808,0.0,0,1304752.4188687417,0.028765862772496372
2025-02-12,1267220.0898354808,0.0,1267220.0898354808,0.0,0,1304752.4188687417,0.028765862772496372
2025-02-13,1267220.0898354808,0.0,1267220.0898354808,0.0,0,1304752.4188687417,0.028765862772496372
2025-02-14,1267220.0898354808,0.0,1267220.0898354808,0.0,0,1304752.4188687417,0.028765862772496372
2025-02-17,1185502.2431504438,81621.02570220242,1267123.2688526462,-96.82098283462078,1,1304752.4188687417,0.02884006917474892
2025-02-18,1185502.2431504438,80601.08416748047,1266103.3273179242,-1116.7625175565681,1,1304752.4188687417,0.02962178187362731
2025-02-19,1185502.2431504438,86318.4733581543,1271820.716508598,4600.62667311726,1,1304752.4188687417,0.025239809395177358
2025-02-20,1185502.2431504438,87455.13800048828,1272957.381150932,5737.291315451244,1,1304752.4188687417,0.024368636729853232
2025-02-21,1185502.2431504438,86124.675201416,1271626.9183518598,4406.828516378964,1,1304752.4188687417,0.02538834190903643
2025-02-24,1185502.2431504438,87284.0086517334,1272786.2518021772,5566.161966696362,1,1304752.4188687417,0.024499795213470572
2025-02-25,1185502.2431504438,87673.30297851562,1273175.5461289594,5955.456293478588,1,1304752.4188687417,0.024201428779231843
2025-02-27,1185502.2431504438,89093.60191345215,1274595.845063896,7375.755228415112,1,1304752.4188687417,0.0231128705865841
2025-02-28,1185502.2431504438,85970.67134094238,1271472.9144913862,4252.824655905346,1,1304752.4188687417,0.025506374922998697
2025-03-03,1185502.2431504438,85174.96380615233,1270677.206956596,3457.1171211152923,1,1304752.4188687417,0.026116228197292635
2025-03-04,1185502.2431504438,84524.70399475099,1270026.9471451947,2806.8573097139542,1,1304752.4188687417,0.026614606128613248
2025-03-05,1185502.2431504438,87134.2795562744,1272636.5227067182,5416.432871237363,1,1304752.4188687417,0.02461455192385767
2025-03-06,1185502.2431504438,87074.39320373535,1272576.6363541791,5356.546518698315,1,1304752.4188687417,0.02466045055694163
2025-03-07,1185502.2431504438,89149.22010803224,1274651.463258476,7431.373422995204,1,1304752.4188687417,0.023070243193236712
2025-03-10,1185502.2431504438,87844.42572021483,1273346.6688706586,6126.579035177792,1,1304752.4188687417,0.0240702753594531
2025-03-11,1185502.2431504438,86167.44927978516,1271669.692430229,4449.602594748119,1,1304752.4188687417,0.02535555861793035
2025-03-12,1185502.2431504438,88323.56939697266,1273825.8125474164,6605.722711935619,1,1304752.4188687417,0.02370304578407263
2025-03-13,1185502.2431504438,89042.27169799805,1274544.5148484418,7324.42501296101,1,1304752.4188687417,0.023152211548679122
2025-03-17,1185502.2431504438,89675.4126281738,1275177.6557786176,7957.565943136762,1,1304752.4188687417,0.022666954023174986
2025-03-18,1185502.2431504438,89675.4126281738,1275177.6557786176,7957.565943136762,1,1304752.4188687417,0.022666954023174986
2025-03-19,1185502.2431504438,91514.9490661621,1277017.1922166059,9797.102381125058,1,1304752.4188687417,0.021257080079746537
2025-03-20,1185502.2431504438,93046.47778320312,1278548.720933647,11328.631098166088,1,1304752.4188687417,0.020083272164242615
2025-03-21,1279626.5069443046,0.0,1279626.5069443046,0.0,0,1304752.4188687417,0.01925722578558011
2025-03-24,1279626.5069443046,0.0,1279626.5069443046,0.0,0,1304752.4188687417,0.01925722578558011
2025-03-25,1279626.5069443046,0.0,1279626.5069443046,0.0,0,1304752.4188687417,0.01925722578558011
2025-03-26,1279626.5069443046,0.0,1279626.5069443046,0.0,0,1304752.4188687417,0.01925722578558011
2025-03-27,1279626.5069443046,0.0,1279626.5069443046,0.0,0,1304752.4188687417,0.01925722578558011
2025-03-28,1279626.5069443046,0.0,1279626.5069443046,0.0,0,1304752.4188687417,0.01925722578558011
2025-04-01,1279626.5069443046,0.0,1279626.5069443046,0.0,0,1304752.4188687417,0.01925722578558011
2025-04-02,1279626.5069443046,0.0,1279626.5069443046,0.0,0,1304752.4188687417,0.01925722578558011
2025-04-03,1279626.5069443046,0.0,1279626.5069443046,0.0,0,1304752.4188687417,0.01925722578558011
2025-04-04,1279626.5069443046,0.0,1279626.5069443046,0.0,0,1304752.4188687417,0.01925722578558011
2025-04-07,1279626.5069443046,0.0,1279626.5069443046,0.0,0,1304752.4188687417,0.01925722578558011
2025-04-08,1013341.4849878247,265969.52199428255,1279311.0069821072,-315.4999621971898,2,1304752.4188687417,0.0194990340839475
2025-04-09,1013341.4849878247,263131.6700439453,1276473.15503177,-3153.3519125344123,2,1304752.4188687417,0.021674045917071883
2025-04-11,1013341.4849878247,267871.48010253906,1281212.9650903638,1586.4581460593377,2,1304752.4188687417,0.01804131836658127
2025-04-15,1013341.4849878247,280140.43701171875,1293481.9219995434,13855.415055239024,2,1304752.4188687417,0.008638034853363313
2025-04-16,1151092.2143476363,148772.00830078125,1299864.2226484176,7873.91699975154,1,1304752.4188687417,0.0037464549976173643
2025-04-17,1151092.2143476363,151735.212890625,1302827.4272382613,10837.12158959529,1,1304752.4188687417,0.001475369275152918
2025-04-21,1304382.1092424076,0.0,1304382.1092424076,0.0,0,1304752.4188687417,0.0002838160105924028
2025-04-22,1304382.1092424076,0.0,1304382.1092424076,0.0,0,1304752.4188687417,0.0002838160105924028
2025-04-23,1304382.1092424076,0.0,1304382.1092424076,0.0,0,1304752.4188687417,0.0002838160105924028
2025-04-24,1304382.1092424076,0.0,1304382.1092424076,0.0,0,1304752.4188687417,0.0002838160105924028
2025-04-25,1304382.1092424076,0.0,1304382.1092424076,0.0,0,1304752.4188687417,0.0002838160105924028
2025-04-28,1304382.1092424076,0.0,1304382.1092424076,0.0,0,1304752.4188687417,0.0002838160105924028
2025-04-29,1304382.1092424076,0.0,1304382.1092424076,0.0,0,1304752.4188687417,0.0002838160105924028
2025-04-30,1304382.1092424076,0.0,1304382.1092424076,0.0,0,1304752.4188687417,0.0002838160105924028
2025-05-02,1304382.1092424076,0.0,1304382.1092424076,0.0,0,1304752.4188687417,0.0002838160105924028
2025-05-05,1304382.1092424076,0.0,1304382.1092424076,0.0,0,1304752.4188687417,0.0002838160105924028
2025-05-06,1304382.1092424076,0.0,1304382.1092424076,0.0,0,1304752.4188687417,0.0002838160105924028
2025-05-07,1304382.1092424076,0.0,1304382.1092424076,0.0,0,1304752.4188687417,0.0002838160105924028
2025-05-08,1304382.1092424076,0.0,1304382.1092424076,0.0,0,1304752.4188687417,0.0002838160105924028
2025-05-09,1304382.1092424076,0.0,1304382.1092424076,0.0,0,1304752.4188687417,0.0002838160105924028
2025-05-12,1304382.1092424076,0.0,1304382.1092424076,0.0,0,1304752.4188687417,0.0002838160105924028
2025-05-13,1304382.1092424076,0.0,1304382.1092424076,0.0,0,1304752.4188687417,0.0002838160105924028
2025-05-14,1304382.1092424076,0.0,1304382.1092424076,0.0,0,1304752.4188687417,0.0002838160105924028
2025-05-15,1304382.1092424076,0.0,1304382.1092424076,0.0,0,1304752.4188687417,0.0002838160105924028
2025-05-16,1304382.1092424076,0.0,1304382.1092424076,0.0,0,1304752.4188687417,0.0002838160105924028
2025-05-19,1304382.1092424076,0.0,1304382.1092424076,0.0,0,1304752.4188687417,0.0002838160105924028
2025-05-20,1304382.1092424076,0.0,1304382.1092424076,0.0,0,1304752.4188687417,0.0002838160105924028
2025-05-21,1304382.1092424076,0.0,1304382.1092424076,0.0,0,1304752.4188687417,0.0002838160105924028
2025-05-22,1304382.1092424076,0.0,1304382.1092424076,0.0,0,1304752.4188687417,0.0002838160105924028
2025-05-23,1304382.1092424076,0.0,1304382.1092424076,0.0,0,1304752.4188687417,0.0002838160105924028
2025-05-26,1304382.1092424076,0.0,1304382.1092424076,0.0,0,1304752.4188687417,0.0002838160105924028
2025-05-27,1304382.1092424076,0.0,1304382.1092424076,0.0,0,1304752.4188687417,0.0002838160105924028
2025-05-28,1304382.1092424076,0.0,1304382.1092424076,0.0,0,1304752.4188687417,0.0002838160105924028
2025-05-29,1304382.1092424076,0.0,1304382.1092424076,0.0,0,1304752.4188687417,0.0002838160105924028
2025-05-30,1304382.1092424076,0.0,1304382.1092424076,0.0,0,1304752.4188687417,0.0002838160105924028
2025-06-02,1304382.1092424076,0.0,1304382.1092424076,0.0,0,1304752.4188687417,0.0002838160105924028
2025-06-03,1304382.1092424076,0.0,1304382.1092424076,0.0,0,1304752.4188687417,0.0002838160105924028
2025-06-04,1304382.1092424076,0.0,1304382.1092424076,0.0,0,1304752.4188687417,0.0002838160105924028
2025-06-05,1304382.1092424076,0.0,1304382.1092424076,0.0,0,1304752.4188687417,0.0002838160105924028
2025-06-06,1166669.0096326203,137549.9343014206,1304218.9439340408,-163.165308366637,1,1304752.4188687417,0.0004088706232584836
2025-06-09,1166669.0096326203,139568.8690185547,1306237.878651175,1855.7694087674408,1,1306237.878651175,0.0
2025-06-10,1166669.0096326203,138983.31115722656,1305652.3207898468,1270.2115474393158,1,1306237.878651175,0.0004482781206228484
2025-06-11,1166669.0096326203,136479.78515625,1303148.7947888703,-1233.3144535372467,1,1306237.878651175,0.002364870834625072
2025-06-12,1166669.0096326203,134230.87524414062,1300899.884876761,-3482.2243656466217,1,1306237.878651175,0.004086540332091802
2025-06-13,1297534.130673014,0.0,1297534.130673014,0.0,0,1306237.878651175,0.0066632181782604345
2025-06-16,1297534.130673014,0.0,1297534.130673014,0.0,0,1306237.878651175,0.0066632181782604345
2025-06-17,1297534.130673014,0.0,1297534.130673014,0.0,0,1306237.878651175,0.0066632181782604345
2025-06-18,1297534.130673014,0.0,1297534.130673014,0.0,0,1306237.878651175,0.0066632181782604345
2025-06-19,1297534.130673014,0.0,1297534.130673014,0.0,0,1306237.878651175,0.0066632181782604345
2025-06-20,1119630.051437304,177693.29482935803,1297323.346266662,-210.78440635225007,1,1306237.878651175,0.00682458572838059
2025-06-23,1119630.051437304,179432.1962890625,1299062.2477263664,1528.1170533522234,1,1306237.878651175,0.005493356946759297
2025-06-24,1119630.051437304,184027.9210205078,1303657.9724578117,6123.841784797536,1,1306237.878651175,0.001975066131160785
2025-06-25,960839.8290990134,343106.7890119386,1303946.618110952,6412.48743793779,2,1306237.878651175,0.0017540913318092905
2025-06-26,960839.8290990134,348419.96130371094,1309259.7904027244,11725.659729710113,2,1309259.7904027244,0.0
2025-06-27,1151146.6142854395,160672.34033203125,1311818.9546174707,1882.1179937407023,1,1311818.9546174707,0.0
2025-06-30,1151146.6142854395,165349.3740234375,1316495.988308877,6559.151685146952,1,1316495.988308877,0.0
2025-07-01,967895.73721504,346239.258156457,1314134.995371497,4198.158747767013,2,1316495.988308877,0.0017933916687530725
2025-07-02,967895.73721504,343405.765625,1311301.50284004,1364.6662163100282,2,1316495.988308877,0.003945690313503815
2025-07-03,967895.73721504,340138.1159667969,1308033.853181837,-1902.9834418930968,2,1316495.988308877,0.006427771297586895
2025-07-04,1144138.5286219548,161586.31640625,1305724.8450282048,2796.0940679594523,1,1316495.988308877,0.008181675733405282
2025-07-07,1144138.5286219548,169631.48510742188,1313770.0137293767,10841.262769131326,1,1316495.988308877,0.002070628853948849
2025-07-08,1315326.4448757428,0.0,1315326.4448757428,0.0,0,1316495.988308877,0.0008883759947013316
2025-07-09,1315326.4448757428,0.0,1315326.4448757428,0.0,0,1316495.988308877,0.0008883759947013316
2025-07-10,1315326.4448757428,0.0,1315326.4448757428,0.0,0,1316495.988308877,0.0008883759947013316
2025-07-11,1315326.4448757428,0.0,1315326.4448757428,0.0,0,1316495.988308877,0.0008883759947013316
2025-07-14,1315326.4448757428,0.0,1315326.4448757428,0.0,0,1316495.988308877,0.0008883759947013316
2025-07-15,1315326.4448757428,0.0,1315326.4448757428,0.0,0,1316495.988308877,0.0008883759947013316
2025-07-16,1315326.4448757428,0.0,1315326.4448757428,0.0,0,1316495.988308877,0.0008883759947013316
2025-07-17,1315326.4448757428,0.0,1315326.4448757428,0.0,0,1316495.988308877,0.0008883759947013316
2025-07-18,1315326.4448757428,0.0,1315326.4448757428,0.0,0,1316495.988308877,0.0008883759947013316
2025-07-21,1116472.8088195454,198618.03018472344,1315090.8390042689,-235.60587147390376,1,1316495.988308877,0.0010673403619050293
2025-07-22,1116472.8088195454,198751.7189941406,1315224.527813686,-101.9170620567447,1,1316495.988308877,0.0009657913935797099
2025-07-23,1116472.8088195454,196168.9475097656,1312641.756329311,-2684.6885464317447,1,1316495.988308877,0.002927644302598244
2025-07-24,946883.2274271279,362529.18430666137,1309412.4117337894,-5914.033141953512,2,1316495.988308877,0.005380629062293553
2025-07-25,1138638.4029550503,164694.45703125,1303332.8599863003,-4895.124361167537,1,1316495.988308877,0.009998608761038091
2025-07-28,990930.1998006981,311707.2227858058,1302637.422586504,-5590.561760963986,2,1316495.988308877,0.010526857541112064
2025-07-29,728603.600357972,577018.3734851846,1305621.9738431566,-2606.0105043111907,4,1316495.988308877,0.008259815876604954
2025-07-30,891195.6839891089,415789.6436767578,1306985.3276658668,5754.841079679462,3,1316495.988308877,0.007224223034076402
2025-07-31,891195.6839891089,413445.46630859375,1304641.1502977028,3410.6637115153994,3,1316495.988308877,0.00900484172868808
2025-08-01,891195.6839891089,408444.94787597656,1299640.6318650856,-1589.8547211017876,3,1316495.988308877,0.012803196206805914
2025-08-04,570172.7479043549,729498.0004631628,1299670.7483675177,-1559.7382186694435,5,1316495.988308877,0.012780319948389936
2025-08-05,570172.7479043549,726314.2175292969,1296486.9654336518,-4743.521152535379,5,1316495.988308877,0.015198696428181325
2025-08-06,700978.6105206826,583075.5329589844,1284054.1434796671,-10296.797834536837,4,1316495.988308877,0.024642570214652507
2025-08-07,817354.1279435705,467988.0106201172,1285342.1385636877,-2303.3091554448997,3,1316495.988308877,0.023664219277423255
2025-08-08,817354.1279435705,466746.9825439453,1284101.1104875158,-3544.3372316167747,3,1316495.988308877,0.024606894444831894
2025-08-11,817354.1279435705,466922.6750488281,1284276.8029923986,-3368.644726733962,3,1316495.988308877,0.024473439799741408
2025-08-12,817354.1279435705,471314.68408203125,1288668.8120256017,1023.3643064691629,3,1316495.988308877,0.021137304276195347
2025-08-13,817354.1279435705,470327.3688964844,1287681.4968400549,36.04912092228784,3,1316495.988308877,0.021887261127043894
2025-08-14,667168.9626150043,614469.9757903087,1281638.938405313,-6006.50931381965,4,1316495.988308877,0.0264771409963353
2025-08-18,667168.9626150043,612909.1942138672,1280078.1568288715,-7567.290890261135,4,1316495.988308877,0.027662698408057095
2025-08-19,667168.9626150043,617253.2824707031,1284422.2450857074,-3223.2026334251973,4,1316495.988308877,0.02436296312939803
2025-08-20,810659.650263693,477954.1561279297,1288613.8063916226,7662.8363523676,3,1316495.988308877,0.021179086123210133
2025-08-21,659535.5019190074,628691.4429597559,1288226.9448787633,7275.974839508263,4,1316495.988308877,0.02147294308615941
2025-08-22,659535.5019190074,625053.3377685547,1284588.839687562,3637.8696483070007,4,1316495.988308877,0.024236419179903212
2025-08-25,819845.3480782656,471733.3781738281,1291578.7262520937,-1973.8867920672665,3,1316495.988308877,0.01892695631286436
2025-08-26,819845.3480782656,462995.8874511719,1282841.2355294374,-10711.377514723546,3,1316495.988308877,0.02556388555552777
2025-08-28,1010759.0460655871,269874.43029785156,1280633.4763634386,-5890.90960124905,2,1316495.988308877,0.027240882056546196
2025-08-29,1128574.2599966107,149548.22314453125,1278122.483141142,-1575.925200154349,1,1316495.988308877,0.02914821276214313
2025-09-01,1128574.2599966107,149773.64428710938,1278347.90428372,-1350.504057576224,1,1316495.988308877,0.028976984634917546
2025-09-02,1128574.2599966107,149151.78662109375,1277726.0466177044,-1972.361723591849,1,1316495.988308877,0.029449342827831175
2025-09-03,1128574.2599966107,155805.62841796875,1284379.8884145794,4681.480073283151,1,1316495.988308877,0.02439513692370056
2025-09-04,1128574.2599966107,154756.24658203125,1283330.506578642,3632.098237345651,1,1316495.988308877,0.025192239114103353
2025-09-05,1128574.2599966107,159497.888671875,1288072.1486684857,8373.7403271894,1,1316495.988308877,0.02159052507019298
2025-09-08,1128574.2599966107,159497.888671875,1288072.1486684857,8373.7403271894,1,1316495.988308877,0.02159052507019298
2025-09-09,1292073.407349283,0.0,1292073.407349283,0.0,0,1316495.988308877,0.01855120044153438
2025-09-10,1292073.407349283,0.0,1292073.407349283,0.0,0,1316495.988308877,0.01855120044153438
2025-09-11,1292073.407349283,0.0,1292073.407349283,0.0,0,1316495.988308877,0.01855120044153438
2025-09-12,1292073.407349283,0.0,1292073.407349283,0.0,0,1316495.988308877,0.01855120044153438
2025-09-15,1163829.8625670616,128091.59919687264,1291921.4617639342,-151.94558534890942,1,1316495.988308877,0.018666617113288965
2025-09-16,1039383.5017122881,253120.9147391985,1292504.4164514865,431.00910220348726,2,1316495.988308877,0.018223809316889116
2025-09-17,1039383.5017122881,252472.8271484375,1291856.3288607257,-217.0784885575008,2,1316495.988308877,0.01871609155437113
2025-09-18,1039383.5017122881,253249.50439453125,1292633.0061068195,559.5987575362492,2,1316495.988308877,0.01812613362590722
2025-09-19,1039383.5017122881,262128.974609375,1301512.4763216632,9439.068972379999,2,1316495.988308877,0.011381357877482802
2025-09-22,1039383.5017122881,262898.5810546875,1302282.0827669757,10208.6754176925,2,1316495.988308877,0.010796770873688655
2025-09-23,1039383.5017122881,262075.9423828125,1301459.4440951007,9386.036745817499,2,1316495.988308877,0.011421640739742507
2025-09-24,944626.6125319517,359611.8948852632,1304238.507417215,-297.32450669098387,2,1316495.988308877,0.009310686094385647
2025-09-25,944626.6125319517,355448.953125,1300075.5656569516,-4460.266266954157,2,1316495.988308877,0.012472823918756058
2025-09-26,944626.6125319517,352297.12158203125,1296923.7341139829,-7612.097809922907,2,1316495.988308877,0.014866930373282728
2025-09-29,1172940.8156132975,120794.736328125,1293735.5519414225,-3651.6245266484466,1,1316495.988308877,0.0172886484801915
2025-09-30,1172940.8156132975,121667.20458984375,1294608.0202031413,-2779.1562649296966,1,1316495.988308877,0.01662592844954447
2025-10-01,864778.0750041509,429769.5883979589,1294547.6634021099,-2839.5130659611996,3,1316495.988308877,0.01667177500097143
2025-10-03,864778.0750041509,430492.0233154297,1295270.0983195805,-2117.078148490381,3,1316495.988308877,0.016123019118776387
2025-10-06,864778.0750041509,432235.97497558594,1297014.0499797368,-373.1264883341307,3,1316495.988308877,0.014798327151885955
2025-10-07,864778.0750041509,431884.5167236328,1296662.5917277837,-724.584740287256,3,1316495.988308877,0.015065292076256592
2025-10-08,864778.0750041509,424688.5880126953,1289466.6630168462,-7920.513451224756,3,1316495.988308877,0.020531262937422017
2025-10-09,864778.0750041509,425347.7410888672,1290125.816093018,-7261.360375052866,3,1316495.988308877,0.020030575444238995
2025-10-10,864778.0750041509,426902.99548339844,1291681.0704875493,-5706.105980521631,3,1316495.988308877,0.018849216436431403
2025-10-13,982442.0077056481,308755.0078125,1291197.015518148,592.2672033533781,2,1316495.988308877,0.019216900784655763
2025-10-14,982442.0077056481,310179.3176269531,1292621.325332601,2016.5770178065031,2,1316495.988308877,0.01813500625014773
2025-10-15,982442.0077056481,309218.7139892578,1291660.7216949058,1055.9733801111906,2,1316495.988308877,0.018864673219303685
2025-10-16,982442.0077056481,308246.54431152344,1290688.5520171714,83.80370237681561,2,1316495.988308877,0.019603125661519775
2025-10-17,982442.0077056481,311934.0294189453,1294376.0371245933,3771.2888097986906,2,1316495.988308877,0.01680214097173072
2025-10-20,982442.0077056481,325077.1319580078,1307519.1396636558,16914.39134886119,2,1316495.988308877,0.006818743638370326
2025-10-21,982442.0077056481,325168.6491699219,1307610.6568755698,17005.908560775253,2,1316495.988308877,0.006749227883877505
2025-10-23,982442.0077056481,327146.8742675781,1309588.881973226,18984.133658431532,2,1316495.988308877,0.0052465836561519
2025-10-24,982442.0077056481,326491.78564453125,1308933.7933501792,18329.045035384628,2,1316495.988308877,0.005744183822703397
2025-10-27,1315522.3521718385,0.0,1315522.3521718385,0.0,0,1316495.988308877,0.0007395663531714722
2025-10-28,1315522.3521718385,0.0,1315522.3521718385,0.0,0,1316495.988308877,0.0007395663531714722
2025-10-29,1315522.3521718385,0.0,1315522.3521718385,0.0,0,1316495.988308877,0.0007395663531714722
2025-10-30,1315522.3521718385,0.0,1315522.3521718385,0.0,0,1316495.988308877,0.0007395663531714722
2025-10-31,1315522.3521718385,0.0,1315522.3521718385,0.0,0,1316495.988308877,0.0007395663531714722
2025-11-03,1315522.3521718385,0.0,1315522.3521718385,0.0,0,1316495.988308877,0.0007395663531714722
2025-11-04,1315522.3521718385,0.0,1315522.3521718385,0.0,0,1316495.988308877,0.0007395663531714722
2025-11-06,1315522.3521718385,0.0,1315522.3521718385,0.0,0,1316495.988308877,0.0007395663531714722
2025-11-07,1315522.3521718385,0.0,1315522.3521718385,0.0,0,1316495.988308877,0.0007395663531714722
2025-11-10,1112525.0913095602,202756.74553904455,1315281.8368486047,-240.51532323379868,1,1316495.988308877,0.0009222599013248153
2025-11-11,1112525.0913095602,204238.810546875,1316763.9018564352,1241.5496845966475,1,1316763.9018564352,0.0
2025-11-12,936314.7988548377,384632.3766981367,1320947.1755529745,5424.823381135801,2,1320947.1755529745,0.0
2025-11-13,936314.7988548377,388091.15185546875,1324405.9507103064,8883.598538467872,2,1324405.9507103064,0.0
2025-11-14,936314.7988548377,386595.15368652344,1322909.952541361,7387.60036952256,2,1324405.9507103064,0.0011295616484832145
2025-11-17,928290.5985244908,405502.1151477021,1333792.713672193,5697.8020637798645,2,1333792.713672193,0.0
2025-11-18,928290.5985244908,404639.9457397461,1332930.544264237,4835.632655823853,2,1333792.713672193,0.000646404346881119
2025-11-19,928290.5985244908,404885.4669189453,1333176.0654434361,5081.153835023072,2,1333792.713672193,0.0004623268836572791
2025-11-20,928290.5985244908,411342.5407714844,1339633.1392959752,11538.227687562134,2,1339633.1392959752,0.0
2025-11-21,928290.5985244908,409495.91442871094,1337786.5129532018,9691.601344788696,2,1339633.1392959752,0.001378456749542569
2025-11-24,1164557.7124380847,172816.25061035156,1337373.9630484362,-3394.041844370962,1,1339633.1392959752,0.0016864141243372614
2025-11-25,1164557.7124380847,177048.68927001953,1341606.4017081042,838.3968152970068,1,1341606.4017081042,0.0
2025-11-26,1164557.7124380847,177048.68927001953,1341606.4017081042,838.3968152970068,1,1341606.4017081042,0.0
2025-11-27,1164557.7124380847,178037.8921508789,1342595.6045889636,1827.5996961563817,1,1342595.6045889636,0.0
2025-11-28,1164557.7124380847,180356.7901611328,1344914.5025992175,4146.497706410288,1,1344914.5025992175,0.0
2025-12-01,1164557.7124380847,184459.4985961914,1349017.211034276,8249.206141468881,1,1349017.211034276,0.0
2025-12-02,1164557.7124380847,184929.78057861328,1349487.493016698,8719.488123890756,1,1349487.493016698,0.0
2025-12-03,1164557.7124380847,184313.56201171875,1348871.2744498034,8103.269556996225,1,1349487.493016698,0.00045663155092828003
2025-12-04,1164557.7124380847,183697.34344482422,1348255.0558829089,7487.050990101694,1,1349487.493016698,0.0009132631018565601
2025-12-05,991121.7094364287,355127.83912393433,1346249.548560363,5481.543667555868,2,1349487.493016698,0.002399388266353395
2025-12-08,991121.7094364287,345777.79052734375,1336899.4999637725,-3868.5049290347147,2,1349487.493016698,0.009327980524506936
2025-12-09,1157374.8198499607,181767.61627197266,1339142.4361219334,5557.3238172501315,1,1349487.493016698,0.0076659153554945415
2025-12-10,1157374.8198499607,179951.3931274414,1337326.2129774021,3741.100672718882,1,1349487.493016698,0.00901177676875684
2025-12-11,1157374.8198499607,183162.19635009766,1340537.0162000584,6951.9038953751315,1,1349487.493016698,0.006632500755254341
2025-12-12,1157374.8198499607,186324.36065673828,1343699.180506699,10114.068202015756,1,1349487.493016698,0.004289267251421122
2025-12-15,1157374.8198499607,185383.8165283203,1342758.636378281,9173.524073597788,1,1349487.493016698,0.004986231197574812
2025-12-16,1157374.8198499607,186178.42407226562,1343553.2439222264,9968.1316175431,1,1349487.493016698,0.004397409479658023
2025-12-17,1157374.8198499607,188010.85357666016,1345385.673426621,11800.561121937631,1,1349487.493016698,0.003039538796248987
2025-12-18,1006255.0700815916,339648.8436013106,1345903.9136829022,12318.801378219028,2,1349487.493016698,0.002655511334739994
2025-12-19,998833.4784245089,349126.2260641365,1347959.7044886453,1663.3102227958113,2,1349487.493016698,0.001132125000015632
2025-12-22,998833.4784245089,349487.82666015625,1348321.3050846653,2024.910818815606,2,1349487.493016698,0.00086417098199679
2025-12-23,998833.4784245089,350820.984375,1349654.462799509,3358.068533659356,2,1349654.462799509,0.0
2025-12-24,998833.4784245089,350938.69580078125,1349772.1742252903,3475.779959440606,2,1349772.1742252903,0.0
2025-12-26,998833.4784245089,349020.7998046875,1347854.2782291966,1557.883963346856,2,1349772.1742252903,0.0014209034922464138
2025-12-29,1187946.3708646668,155640.26953125,1343586.6403959168,4520.519762880897,1,1349772.1742252903,0.0045826502779432125
2025-12-30,1349468.0781620985,0.0,1349468.0781620985,0.0,0,1349772.1742252903,0.00022529436374424253
